[0] Steam Input initialized
[0] Setting up save paths
[0] Current search path:
[0] 	- C:/Users/ROG/Saved Games/MachineGames/TheGreatCircle/base/
[0] 	- c:/program files (x86)/steam/steamapps/common/The Great Circle/base/
[0] ----- Registering decl types -----
[0] Added structured log listener print-redirect
[0] log file 'qconsole.log' opened on 2025-09-19T23:16:28.527364+08:00
[0] Added structured log listener human-readable-file-structured.log
[0] ------ OS Information ------
	Microsoft Windows 10 Build 26100

[0] ------ CPU Information ------
	13th Gen Intel(R) Core(TM) i9-13900K, (0x6:0xb7)
	1 CPU package, 24 physical cores, 32 logical cores
	2.8 GHz 	Intel CPU with MMX & SSE & SSE2 & SSE3 & SSSE3 & SSE41 & SSE42 & AVX & HTT
	1st level cache: total:   2176 kB, avg:     45 kB count:  48
	2nd level cache: total:  32768 kB, avg:   2730 kB count:  12
	3d  level cache: total:  36864 kB, avg:  36864 kB count:   1
	63.69 GB System Memory

[0] JobProcessor: Using 26 workers
[0] ------ Command Line ------
[0] 2025-09-19T23:16:28.532+08:00 LOG: Command Line: c:\program files (x86)\steam\steamapps\common\The Great Circle\TheGreatCircle.exe +logfile 1 +win_miniDumpLevel 1
[0] ------ Repro Command Line ------
[0] Repro cmd:  +win_miniDumpLevel 1
[0] ------------
[0] hq stream dbs is enabled
[0] MountDatabase: mount of gameresources_0_hq_patch1.streamdb took 0.006 s
[0] MountDatabase: mount of gameresources_0_hq.streamdb took 0.005 s
[0] MountDatabase: mount of gameresources_0_patch1.streamdb took 0.006 s
[0] Initialized stack tracer
[0] MountDatabase: mount of gameresources_0.streamdb took 0.006 s
[0] MountDatabase: mount of gameresources_0_patch2.streamdb took 0.005 s
[0] MountDatabase: mount of gameresources_0_hq_patch2.streamdb took 0.005 s
[0] Is PROD_PRODUCTION
[0] ------- Initializing renderSystem --------
[0] PreliminaryRenderSetup
[0] ...registered window class
[2] -------------------------
[2] Application Info
[2] -------------------------
[2] App    : TheGreatCircle - 1.0.9
[2] Engine : MOTOR - 1.0.0
[2] -------------------------
[2] Instance layers: 6
[2] -------------------------
[2] - VK_LAYER_NV_optimus (00404138, 00000001) - "NVIDIA Optimus layer"
[2] - VK_LAYER_NV_present (00404138, 00000001) - "NVIDIA GR2608 layer"
[2] - VK_LAYER_RTSS (004030e0, 00000001) - "RTSS overlay hook bootstrap"
[2] - VK_LAYER_VALVE_steam_overlay (004030cf, 00000001) - "Steam Overlay Layer"
[2] - VK_LAYER_VALVE_steam_fossilize (0040412f, 00000001) - "Steam Pipeline Caching Layer"
[2] - VK_LAYER_ROCKSTAR_GAMES_social_club (00400046, 00000001) - "Rockstar Games Social Club Layer"
[2] -------------------------
[2] Instance Extensions
[2] -------------------------
[2]  + VK_KHR_surface
[2]  + VK_KHR_win32_surface
[2]  + VK_KHR_external_semaphore_capabilities
[2]  + VK_KHR_get_physical_device_properties2
[2]  + VK_KHR_external_memory_capabilities
[2]  + VK_KHR_external_semaphore_capabilities
[2]  + VK_KHR_get_physical_device_properties2
[2]  + VK_KHR_external_memory_capabilities
[2]  + VK_KHR_get_surface_capabilities2
[2]  + VK_KHR_get_physical_device_properties2
[2]  + VK_EXT_swapchain_colorspace
[2]  + VK_KHR_get_physical_device_properties2
[2] 
-------------------------
[2] Vulkan Device Info:
[2] -------------------------
[2] AS Pool: 2560 MB
[2] OMM Pool: 200 MB
[2] Vendor : NVIDIA
[2] GPU    : NVIDIA GeForce RTX 4080
[2] VRAM   : 16050 MiB
[2] Driver : 581.29 (91474000)
[2] VK API : 1.4.312
[2] 

[2] -------------------------
[2] Device layers: 5
[2] -------------------------
[2] - VK_LAYER_NV_optimus (00404138, 00000001) - "NVIDIA Optimus layer"
[2] - VK_LAYER_NV_present (00404138, 00000001) - "NVIDIA GR2608 layer"
[2] - VK_LAYER_RTSS (004030e0, 00000001) - "RTSS overlay hook bootstrap"
[2] - VK_LAYER_VALVE_steam_overlay (004030cf, 00000001) - "Steam Overlay Layer"
[2] - VK_LAYER_VALVE_steam_fossilize (0040412f, 00000001) - "Steam Pipeline Caching Layer"
[2] -------------------------
[2] Device Extensions
[2] -------------------------
[2]  + VK_KHR_swapchain
[2]  + VK_NV_fragment_shader_barycentric
[2]  + VK_KHR_dedicated_allocation
[2]  + VK_NV_dedicated_allocation_image_aliasing
[2]  + VK_KHR_8bit_storage
[2]  + VK_KHR_16bit_storage
[2]  + VK_KHR_shader_float16_int8
[2]  + VK_EXT_descriptor_indexing
[2]  + VK_EXT_shader_subgroup_ballot
[2]  + VK_EXT_sampler_filter_minmax
[2]  + VK_KHR_buffer_device_address
[2]  + VK_KHR_spirv_1_4
[2]  + VK_KHR_shader_float_controls
[2]  + VK_KHR_dynamic_rendering
[2]  + VK_EXT_memory_budget
[2]  + VK_KHR_draw_indirect_count
[2]  + VK_EXT_extended_dynamic_state
[2]  + VK_EXT_depth_clip_enable
[2]  + VK_EXT_robustness2
[2]  + VK_EXT_subgroup_size_control
[2]  + VK_KHR_driver_properties
[2]  + VK_EXT_calibrated_timestamps
[2]  + VK_EXT_hdr_metadata
[2]  + VK_EXT_memory_budget
[2]  + VK_EXT_mesh_shader
[2]  + VK_EXT_full_screen_exclusive
[2]  + VK_KHR_deferred_host_operations
[2]  + VK_KHR_pipeline_library
[2]  + VK_KHR_ray_tracing_pipeline
[2]  + VK_KHR_acceleration_structure
[2]  + VK_KHR_ray_query
[2]  + VK_KHR_synchronization2
[2]  + VK_NV_ray_tracing_invocation_reorder
[2]  + VK_EXT_conservative_rasterization
[2]  + VK_EXT_depth_clip_control
[2]  + VK_EXT_opacity_micromap
[2]  + VK_KHR_push_descriptor
[2]  + VK_NVX_binary_import
[2]  + VK_NVX_image_view_handle
[2]  + VK_NV_optical_flow
[2]  + VK_KHR_external_semaphore
[2]  + VK_KHR_timeline_semaphore
[2]  + VK_KHR_maintenance4
[2]  + VK_KHR_external_memory_win32
[2]  + VK_KHR_external_memory
[2]  + VK_KHR_external_semaphore_win32
[2]  + VK_NV_low_latency
[2]  + VK_KHR_get_memory_requirements2
[2]  + VK_NVX_binary_import
[2]  + VK_NVX_image_view_handle
[2]  + VK_KHR_buffer_device_address
[2]  + VK_EXT_mutable_descriptor_type
[4] Initializing Vulkan subsystem
[4] ShowGameWindow: (0, 0) 3840 x 2160, windowed
[4] RENDER THREAD STACK SIZE: 4194304
[4] Unknown command 'build_packageParent'
[4] Unknown command 'build_packageBranch'
[4] Unknown command 'build_packageMapSet'
[4] Unknown command 'build_packageMaps'
[4] ------ Build Information ------
	Host Name: DESKTOP-VEOBSVS
	Bam compile specification: x64_vulkansteam-shippingretail
	Binary Build:
		Version: 1.0.0
		Target: 
		Name: 20250813-152556-150040_brown-kelly
		Branch: relic-stabilization
		Requestor: 
		URL: 
		Relevant CLs: 44fefecef108e7e117ef619cac88684ac223d2a9
	Package:
		Name: 20250821-104541-150040_iroko-eggplant
		Requestor: vcs.perforce.indexer
		URL: https://platinum.buildservices.machinegames.com/taskrunner/pipeline/367737
		Relevant CLs: 645397
	Disc Layout:
		Name: 20250821-104541-150040_amused-yak
	Candidate:
		Name: 20250821-104541-150040_amused-yak
[4] 2025-09-19T23:16:33.235+08:00 LOG: Retrieved build information
[4] 
------- Input Initialization -------
[4] ------------------------------------
[4] Executing default.cfg...
[4] execing controller_layouts/keyboard.cfg
[4] execing controller_layouts/default.cfg
[4] Profile is NULL for some reason when trying to reset custom controls
[4] ReloadWithVariationChange: reloaded 0 resources in 0.000s
[4] Reading strings
[4] reading 45073 strings
[4] 45073 strings read
[4] TIMER: idHavokBase::PreInit() took 39.9060 ms
[6] idGameSystemLocal::Init: Project: relic
[6] SetScreenViewDef single
[6] Initializing class hierarchy
[6] idBroadcastManager::Create: Broadcaster 'idGameProfileManager' already registered.
[6] WARNING: decl couldn't read production file while loading animcompressionprofile:default
[6] WARNING: decl couldn't read production file while loading animcompressionprofile:defaultgeist
[6] WARNING: decl couldn't read production file while loading animcompressionprofile:defaultgeistmotion
[6] GlobalMemoryStatus: 63.69GB dwTotalPhys
[6] GlobalMemoryStatus: 46.08GB dwAvailPhys
[6] GlobalMemoryStatus: 17.61GB used phys
[6] GlobalMemoryStatus: 108.18GB used virtual
[6] ---------- Virtual Ranges ------------
[6] AtomicStrings                   :   4096.000 MiB     0.875 MiB
[6] Streamer IO Pool                :    512.000 MiB   512.000 MiB
[6] VirtualMemByteArray             :      1.000 MiB     0.000 MiB
[6] CES Allocator                   :    256.000 MiB    32.000 MiB
[6] Total:  4865.000/  544.875 MiB
[6] 
[6] ---------- CES ------------
[6] Unknown command 'ce_MemoryStats'
[6] ---------- VRAM ------------
[6] Unknown command 'VRamStats'
[6] LoadNamedResourceBlock: init_parms
[6] 0.0 seconds to figure out container
[6] Resources skipped by layer tests: 0
[6] 0.0 seconds to gather resource list
[6] 0.0 seconds to check what resources needs loading:  2994 resources,     9 skipped
[6] Load 3003 resources
[6] idResourceStorageDiskStreamer::Init took 0.001s to collect 2994 (9 skipped) resources
[6] Pll chunks: 1/2
[6] LoadNamedResourceBlock(init_parms): 0.019 seconds to preload 2994 resources, pll: 0.143 s, serial: 0.008 s
[6] Disk streamer stats:
[6] Init took 0.001s to collect 2994 resources:
[6] Foreground:   2994 reads,   9.059 MiB in 10.283ms, (880.937 MiB/s) 4.144ms stalled, 117.358ms lockwait
[6] Background:     5 reads,   9.500 MiB
[6] timer: idBaseCodeResource::LoadCodeResources renderParm: 0.441ms
[6] timer: idBaseCodeResource::LoadCodeResources renderProgFlag: 0.013ms
[6] LoadNamedResourceBlock: init
[6] 0.0 seconds to figure out container
[6] Resources skipped by layer tests: 0
[6] 0.0 seconds to gather resource list
[6] 0.0 seconds to check what resources needs loading:   743 resources,     3 skipped
[6] Load 746 resources
[6] idResourceStorageDiskStreamer::Init took 0.000s to collect 742 (4 skipped) resources
[6] Pll chunks: 2/3
[6] LoadNamedResourceBlock(init): 0.007 seconds to preload 743 resources, pll: 0.041 s, serial: 0.002 s
[6] Disk streamer stats:
[6] Init took 0.000s to collect 742 resources:
[6] Foreground:    742 reads,   1.292 MiB in 2.416ms, (534.758 MiB/s) 1.182ms stalled, 28.700ms lockwait
[6] Background:     5 reads,   1.562 MiB
[6] LoadNamedResourceBlock: code_resources
[6] 0.0 seconds to figure out container
[6] Resources skipped by layer tests: 0
[6] 0.0 seconds to gather resource list
[6] 0.0 seconds to check what resources needs loading:   986 resources,     1 skipped
[6] Load 987 resources
[6] idResourceStorageDiskStreamer::Init took 0.000s to collect 986 (1 skipped) resources
[6] Pll chunks: 1/1
[7] LoadNamedResourceBlock(code_resources): 0.091 seconds to preload 986 resources, pll: 1.979 s, serial: 0.000 s
[7] Disk streamer stats:
[7] Init took 0.000s to collect 986 resources:
[7] Foreground:    986 reads,  16.840 MiB in 175.589ms, ( 95.904 MiB/s) 76.412ms stalled, 1711.706ms lockwait
[7] Background:   691 reads,  75.000 MiB
[7] timer: idBaseCodeResource::LoadCodeResources: 0.174ms
[7] LoadNamedResourceBlock: common
[7] 0.0 seconds to figure out container
[7] Resources skipped by layer tests: 0
[7] 0.0 seconds to gather resource list
[7] 0.0 seconds to check what resources needs loading: 37156 resources,  1443 skipped
[7] Load 38599 resources
[7] idResourceStorageDiskStreamer::Init took 0.019s to collect 37152 (1447 skipped) resources
[7] Pll chunks: 3/6
[7] WARNING: ContainerMemoryFile:hud/elements/inventory/category_v5 - skipping unrecognized class variable in idLogicUISystemController_InventoryController::Config 'centerSlotColor' while loading edit.mainGraph.object.nodes.item[3117797410].model.object.controller.object from uiwidget:hud/elements/inventory/category_v5
[7] LoadNamedResourceBlock(common): 0.422 seconds to preload 37156 resources, pll: 6.962 s, serial: 0.031 s
[7] Disk streamer stats:
[7] Init took 0.019s to collect 37152 resources:
[7] Foreground:  37152 reads, 192.213 MiB in 891.338ms, (215.645 MiB/s) 107.002ms stalled, 3753.863ms lockwait
[7] Background:  1251 reads, 511.336 MiB
[7] ------- Initializing renderSystem parm states --------
[7] Start time of bink video video\boot_sequence\boot_sequence_pc.bk2 in ms: 7496
[7] idFile_Bink::WaitForBufferToComplete stall [video\boot_sequence\boot_sequence_pc.bk2]
[7] LOAD VIDEO
[7] RestartRenderThread called and renderer is not synced
[7] ------- Initializing renderSystem parm states --------
[7] ------- Starting background pipeline compilation --------
[7] TIMER: GL_StartBackgroundPipelineCreation took 0.8720 ms
[7] ------- Initializing renderSystem media --------
[7] renderSystem initialized.
[7] --------------------------------------
[7] Shell Time 0
[7] ------------- Warnings ---------------
[7] during TheGreatCircle initialization...
[7] [6] WARNING: decl couldn't read production file while loading animcompressionprofile:default
[7] [6] WARNING: decl couldn't read production file while loading animcompressionprofile:defaultgeist
[7] [6] WARNING: decl couldn't read production file while loading animcompressionprofile:defaultgeistmotion
[7] 3 warnings
[7] --------------------------------------
[7] New settings: framingType=0 renderUpscaler=1
[7] Flushing device: game, resizeSwapChain: true, resizeViewDest: true, resizeImageNeedsFlush: true, deviceFlushRequired: true
[7] Render size: 3840x2160, Upsample Size: 3840x2160, Display Size: 3840x2160
[7] ------------- Warnings ---------------
[7] during ...
[7] 0 warnings
[7] --------------------------------------
[7] idSignInManager::CheckForInitialUser
[7] ---------- Time spent on startup: ----------
[7]   renderSystem->Init took 4.536s
[7]   soundSystem2->Initialize took 1.948s
[7]   resourceManager->Init2 took 0.556s
[7]   resourceManager->Init took 0.141s
[7]   gameSystem->Init took 0.080s
[7]   renderManager.RenderFrame took 0.064s
[7]   InitSteamAPI took 0.042s
[7]   idHavokBase::PreInit took 0.040s
[7]   engine.secondaryparty->Initialize took 0.036s
[7]   worldGeometryManager.InitPipelineState took 0.031s
[7]   idCinematic::InitCinematic took 0.026s
[7]   Config file buffer took 0.016s
[7]   idlib.cmdSystem resourceExec took 0.014s
[7]   idHavokBase::CommonInit took 0.013s
[7]   idForge::Init took 0.010s
[7] CommonLocal::Init() took 0.01 seconds.
[7] Took 7.6070 seconds to reach main game loop.
[7] Display supports compatible HDR mode. Enabling...
[8] idSignInManager::TriggerLocalUserSignInEvent - User 'Zerone_89' signed in - 2090580606
[8] idSignInManager::TriggerLocalUserSignInEvent - User 'Zerone_89' promoted - 2090580606
[8] New settings: framingType=1 dlssQuality=5 renderUpscaler=2
[8] OnlineManager: Attempting to go online
[8] idGameProfileManager::SetupGameSlotDetailsForUser()
[8] idGameProfileManager::GetOrCreatePlayerProfile() Creating profile for handle 7C9BBA7E
[8] Network Connectivity Level : Internet Access
[8] Display supports compatible HDR mode. Enabling...
[8] New enforced resolution scale framing sizes. 1280x720 1280x720 1280x540. Version 1
[8] idPlayerProfile::Serialize - START
[8] idPlayerProfileShell::InternalSerialize - START
[8] Executing controller_layouts/default.cfg...
[8] It has been 33427.281250 seconds since the profile was saved last
[8] idPlayerProfileShell::InternalSerialize - END
[8] idPlayerProfile::Serialize - END
[8] Latest savegame found:
[8] 	 Folder: SLOT0
[8] 	 Map: game/relic/peru/peru
[8] 	 Next Map: 
[8] 	 Next Map Layers: 
[8] 	 Revisit: false
[8] 	 Date: 9/19/2025  1:59:32pm
[8] 	 Game difficulty: 1 (#str_difficulty_desc1)
[8] 	 Puzzle difficulty: 1 (#str_difficulty_desc1)
[8] 	 Playtime: 0:00:10
[8] Save Game slot file for 'GAME_DATA' has engine save version 52 and game save version 792
[8] Save Game slot file for 'LEVEL_DATA' has engine save version 52 and game save version 792
[8] OnlineManager: Failed to go online automatically, userpresent: 1
[8] Unknown command 'win_miniDumpLevel'
[8] New settings: framingType=2 dlssQuality=5 renderUpscaler=2
[8] Flushing device: game, resizeSwapChain: false, resizeViewDest: true, resizeImageNeedsFlush: false, deviceFlushRequired: true
[8] Render size: 1280x720, Upsample Size: 3840x2160, Display Size: 3840x2160
[9] Flushing device: game, resizeSwapChain: false, resizeViewDest: true, resizeImageNeedsFlush: true, deviceFlushRequired: false
[9] Render size: 1280x540, Upsample Size: 3840x2160, Display Size: 3840x2160
[9] Save Game slot file for 'GAME_DATA' has engine save version 52 and game save version 792
[9] Save Game slot file for 'LEVEL_DATA' has engine save version 52 and game save version 792
[9] No faction specified in spawnInfo
[9] Using home faction CVAR defaults from g_defaultHomeFaction => __FACTION_01
[9] Game Type:     singleplayer
[9] Game Sub-Type: default
[9] idGameSystemLocal::SetState: State changing from idGameSystemLocal::GAME_STATE_MAIN_MENU to idGameSystemLocal::GAME_STATE_LOADING
[9] HostSharedContext
[9] NET: GameSessionLocalGameSession state: 3 (was 0)
[9] WARNING: idOnlineUserLobbyComponent::DirtyLobbyUserLocalOnlineProfile() No valid online profile for the local player.
[9] WARNING: Session: Local user is not signed into Playfab, session ticket will be empty
[9] NET: "|CLI|Zerone_89" joined lobby [partyToken = e7247f2b] [userIndex = 0] [peerIndex = -1] [team = 1].
[9] ------------------------------------------
[9] party e7247f2b team 1 user "|CLI|Zerone_89"
[9] ------------------------------------------
[9] StartPlayingGame
[9] NET: GameSessionLocalGameSession state: 4 (was 3)
[9] Modified CVars:
[9] Cvar 'ui_settings_stealth_hud' was modified to '0' 
[9] Cvar 'g_player_incoming_damage_index' was modified to '3' 
[9] Cvar 'g_max_ranged_attackers_index' was modified to '3' 
[9] Cvar 'g_max_melee_attackers_index' was modified to '3' 
[9] Cvar 'g_ai_prespot_multiplier_index' was modified to '3' 
[9] Cvar 'g_leanOverCoverWhenAimingType' was modified to '2' 
[9] Cvar 's_volumeSFXBackground' was modified to '1' 
[9] Cvar 's_volumeSFX' was modified to '1' 
[9] Cvar 's_volumeVO' was modified to '1' 
[9] Cvar 's_volumeMusicGameplay' was modified to '1' 
[9] Cvar 's_volumeMusicNarrative' was modified to '1' 
[9] Cvar 'rs_enable' was modified to '0' 
[9] Cvar 'r_letterBoxType' was modified to '2' 
[9] Cvar 'r_jitter' was modified to '1' 
[9] Cvar 'r_hdrShutterSpeed' was modified to '10' 
[9] Cvar 'bindset' was modified to '0' 
[9] Checking to see if the chunk is installed now
[9] LoadNamedResourceBlock: game/relic/peru/peru
[9] Map change Async Job wait started
[9] Reset Heap Job (reset persist)
[9] GeomCacheStreamer shutdown took 0.00s
[9] ImageStreaming flush maptextures took 0.00s
[9] ImageStreaming flush maptextures took 0.00s
[9] Reset 0 reference counters in heap 3. 1 available.
[9] Reset 0 reference counters in heap 2. 1 available.
[9] ---------- ResetHeap (Map) ----------
[9] ---------- ResetHeap (Persist) ----------
[9] Reset Heap Job Done
[9] MountDatabase: mount of gameresources_10_patch1.streamdb took 0.008 s
[9] MountDatabase: mount of gameresources_10.streamdb took 0.009 s
[9] MountDatabase: mount of gameresources_10_hq_patch1.streamdb took 0.007 s
[9] MountDatabase: mount of gameresources_10_hq.streamdb took 0.009 s
[9] 0.1 seconds to figure out container
[9] Resources skipped by layer tests: 0
[9] 0.0 seconds to gather resource list
[9] 0.0 seconds to check what resources needs loading: 10215 resources,   589 skipped
[9] Load 10804 resources
[9] idResourceStorageDiskStreamer::Init took 0.004s to collect 10215 (589 skipped) resources
[9] Pll chunks: 2/3
[9] CreatePersistMapFile took 33.019 msec
[9] LoadNamedResourceBlock(game/relic/peru/peru): 0.252 seconds to preload 10215 resources, pll: 1.883 s, serial: 0.000 s
[9] Disk streamer stats:
[9] Init took 0.004s to collect 10215 resources:
[9] Foreground:  10215 reads,  52.398 MiB in 43.247ms, (1211.616 MiB/s) 7.692ms stalled, 354.072ms lockwait
[9] Background:   441 reads, 105.375 MiB
[9] Prefetching world
[9] Streaming prefetch at -24.098860 -184.717072 7.091380 (entity spawnpoint_start_of_the_game)
[9] WARNING: Allocating unmoveable vertex buffer for 'models/characters/indiana_jones/indiana_wear_head.md6mesh' (9884736 bytes, limit 8388624 bytes)
[9] allocated 16 Brush Render Models
[9] --------- Initializing Game ----------
[9] mapName: game/relic/peru/peru
[9] gameFlags: 68
[9] initialMap: 0
[9] gamedate: Aug 13 2025
[9] Setting up Component entity system instance
[9] 	mode (instance)  = 0
[9] 	isInBuildGame    = false
[9] 	isSingle         = true
[9] 	isAI             = true
[9] 	isDemo           = false
[9] 	isMainMenu       = false
[9] 	isSaveSupported  = true
[9] 	isDormancyEnabled = true
[9] game initialized.
[9] idMapInstanceLocal:Constructor 000001E8943122D0
[9] --------------------------------------
[9] Save Game slot file for 'GAME_DATA' has engine save version 52 and game save version 792
[9] Save Game slot file for 'LEVEL_DATA' has engine save version 52 and game save version 792
[9] Save Game slot file for 'GAME_DATA' has engine save version 52 and game save version 792
[9] Save Game slot file for 'LEVEL_DATA' has engine save version 52 and game save version 792
[9] ----------- LoadMap(game/relic/peru/peru) ------------
[9] Sound nav volume peru has 82989 cells and 494412 edges
[9] Spawning world
[9] create and spawn the worldspawn
[9] Worldspawn: Adding terrain, 'game/relic/peru/peru_terrain' at (0.000000,0.000000) 
[9] idMapInstanceLocal::LoadMap: adding initial layers from worldspawn
[9] BatchLoad(aiaction): loaded 3 resources in serial in 0.000s (0.667us/resource)
[9] BatchLoad(aitype): loaded 2 resources in serial in 0.000s (0.500us/resource)
[9] spawn map entities
[9] Found 3254 map entities
[9] BatchLoad(model): loaded 827 resources in serial in 0.000s (0.248us/resource)
[9] BatchLoad(modelstream): loaded 460 resources in serial in 0.000s (0.426us/resource)
[9] BatchLoad(vegetationdeformation): loaded 13 resources in serial in 0.000s (0.538us/resource)
[9] MapFileStaticInstances info:
[9] 	Num model instances = 6604
[9] 	Num decals = 1974
[9] 	Num scatter points = 1552
[9] 	Num sectors = 3
[9] 	Num objects in sectors = 8578
[9] 	Num uncovered objects in sectors = 763
[9] Skipped 0 non-production entities
[9] Skipped 4696 savegame entities
[9] Registered 0 map entities
[9] Spawned Layers in the current map:
[9] 	0: world
[9] ---
[9] Spawned Layers on next map load:[9] ---
[9] Initializing 0 entities
[9] Spawning 0 entities
[9] BatchLoad(havokshape): loaded 317 resources in serial in 0.000s (0.413us/resource)
[9] setup 1488 static collision bodies (1 convex, 1487 collision, 0 procedural)
[10] WARNING: StrongLoadAlias - alias 'story/ch00/chambertrap02_pe/satipo_mh' not in modelDef 'md6def/characters/standard/satipo/satipo_wear_base.md6' while loading RunJobPrepared:idAnimatedInitializeJob
[10] Create Referenced EntityDefs List
[10] WARNING: Dangling reference in map: Entity "script_wat_mahathat_gameplay_water_moving" first referenced by "<unknown>"
[10] WARNING: Dangling reference in map: Entity "script_wat_mahathat_gameplay_water_moving1" first referenced by "<unknown>"
[10] WARNING: Dangling reference in map: Entity "script_wat_mahathat_dynamic_water_20" first referenced by "<unknown>"
[10] ==== Processing events ====
[10] ==== Processing events ====
[10] Disabling all sectors and showing all models
[10] Adding player: |CLI|Zerone_89
[10] ---------- idRenderWorldLocal::SpecificationComplete ----------
[10] --------------------------------------
[10] Unknown command 'sys_dumpMemory'
[10] Map loaded in 0.32 seconds.
[10] 2025-09-19T23:16:38.624+08:00 LOG: Starting a match!
[10] AllocMapInstance took 0.4180 seconds.
[10] AllocMapInstance(game/relic/peru/peru) took 0.458 s
[10]  0.7 total seconds for map load
[10] Spent 0.036ms waiting on streaming prefetch (completed).
[42] 33.3 seconds to load game/relic/peru/peru
[42] idGameSystemLocal::SetState: State changing from idGameSystemLocal::GAME_STATE_LOADING to idGameSystemLocal::GAME_STATE_INGAME
[42] idLoadScreen::LevelLoadCompleted()
[42] ------------ Map change completed! ------------
  Map Name: game/relic/peru/peru

[42] idLogicNodeRelicProgression::Activate - No chapter data exists for the current chapter yet, aborting
[42] Prefetch complete.
  Total bytes read: 0.00MB
  Total seeks: 0
  Image
     Total bytes read: 0.00MB
     Total seeks: 0
       <=1KB    : 0
       <=16KB   : 0
       <=128KB  : 0
       <=256KB  : 0
       <=512KB  : 0
       rest     : 0
  Geometry
     Total bytes read: 0.00MB
     Total seeks: 0
       <=1KB    : 0
       <=16KB   : 0
       <=128KB  : 0
       <=256KB  : 0
       <=512KB  : 0
       rest     : 0
  Audio
     Total bytes read: 0.00MB
     Total seeks: 0
  Geom cache
     Total bytes read: 0.00MB
     Total seeks: 0
  Light probe
     Total bytes read: 0.00MB
     Total seeks: 0
  Video
     Total bytes read: 0.00MB
     Total seeks: 0
[42] WARNING: Allocating unmoveable vertex buffer for 'models/characters/barranca/barranca_wear_base.md6mesh' (11961360 bytes, limit 8388624 bytes)
[42] WARNING: Allocating unmoveable vertex buffer for 'models/characters/satipo/satipo_wear_base.md6mesh' (11362512 bytes, limit 8388624 bytes)
[51] SWF defragging swf/common/base_screen_4k.swf
[52] idPlayerProfile::Serialize - START
[52] idPlayerProfileShell::InternalSerialize - START
[52] idPlayerProfileShell::InternalSerialize - END
[52] idPlayerProfile::Serialize - END
[52] idPlayerProfile::SerializeCommon - START
[52] idPlayerProfileShell::InternalSerializeCommon - START
[52] idPlayerProfileShell::InternalSerializeCommon - END
[52] idPlayerProfile::SerializeCommon - END
[52] --------------SAVEGAME-----------
[52] Game saved.
[52] ----------END SAVEGAME-----------
[59] SWF defragging swf/common/base_screen_4k.swf
[60] SWF defragging swf/common/base_screen_4k.swf
[62] idPlayerProfile::Serialize - START
[62] idPlayerProfileShell::InternalSerialize - START
[62] idPlayerProfileShell::InternalSerialize - END
[62] idPlayerProfile::Serialize - END
[62] SWF defragging swf/common/base_screen_4k.swf
[62] idPlayerProfile::SerializeCommon - START
[62] idPlayerProfileShell::InternalSerializeCommon - START
[62] idPlayerProfileShell::InternalSerializeCommon - END
[62] idPlayerProfile::SerializeCommon - END
[62] --------------SAVEGAME-----------
[62] Game saved.
[62] ----------END SAVEGAME-----------
[100] 360 Controller Attached - Assigned as Controller [0] 
[102] idPlayerProfile::Serialize - START
[102] idPlayerProfileShell::InternalSerialize - START
[102] idPlayerProfileShell::InternalSerialize - END
[102] idPlayerProfile::Serialize - END
[102] SWF defragging swf/common/base_screen_4k.swf
[102] idPlayerProfile::SerializeCommon - START
[102] idPlayerProfileShell::InternalSerializeCommon - START
[102] idPlayerProfileShell::InternalSerializeCommon - END
[102] idPlayerProfile::SerializeCommon - END
[102] --------------SAVEGAME-----------
[102] Game saved.
[102] ----------END SAVEGAME-----------
[110] idPlayerProfile::Serialize - START
[110] idPlayerProfileShell::InternalSerialize - START
[110] idPlayerProfileShell::InternalSerialize - END
[110] idPlayerProfile::Serialize - END
[110] idPlayerProfile::SerializeCommon - START
[110] idPlayerProfileShell::InternalSerializeCommon - START
[110] idPlayerProfileShell::InternalSerializeCommon - END
[110] idPlayerProfile::SerializeCommon - END
[110] --------------SAVEGAME-----------
[110] Game saved.
[110] ----------END SAVEGAME-----------
[114] WARNING: SWF swf/common/base_screen_4k.swf: Material path is required but is unset on sprite m while executing logicscript:dynamic_widget(hud/systemic/element/swf_default_interaction) from RunJobPrepared:LogicUI Object Job
[118] WARNING: Allocating unmoveable vertex buffer for 'models/characters/indiana_jones/indiana_wear_head.md6mesh' (31407312 bytes, limit 8388624 bytes)
[118] WARNING: Allocating unmoveable vertex buffer for 'models/characters/barranca/barranca_wear_base.md6mesh' (31480512 bytes, limit 8388624 bytes)
[205] WARNING: Allocating unmoveable vertex buffer for 'models/characters/peruvian_porter/peruvian_porter_wear_base.md6mesh' (10181952 bytes, limit 8388624 bytes)
[205] WARNING: Allocating unmoveable vertex buffer for 'models/characters/peruvian_porter/peruvian_porter_wear_base.md6mesh' (36066288 bytes, limit 8388624 bytes)
[216] [MDNT] Stopped prefetch of cutscene: cs/peru/ch00_demon01_pe
[216] idPlayerProfile::Serialize - START
[216] idPlayerProfileShell::InternalSerialize - START
[216] idPlayerProfileShell::InternalSerialize - END
[216] idPlayerProfile::Serialize - END
[216] idPlayerProfile::SerializeCommon - START
[216] idPlayerProfileShell::InternalSerializeCommon - START
[216] idPlayerProfileShell::InternalSerializeCommon - END
[216] idPlayerProfile::SerializeCommon - END
[216] WARNING: Component 'idLogicSaveComponent' required heap allocation on entity 'script_logic_manager_map_info_1648277137' 234, used 37298/32768 byte(s). while loading RunJobPrepared:SAVEGAME_JOB_NAME( idLogicSaveComponent )
[216] WARNING: Save platform store delayed because profile is busy at time 216221454
[216] WARNING: Save platform store delayed because profile is busy at time 216227630
[230] WARNING: Allocating unmoveable vertex buffer for 'models/characters/satipo/satipo_wear_base.md6mesh' (30154992 bytes, limit 8388624 bytes)
[242] [MDNT] Stopped prefetch of cutscene: cs/peru/ch00_demon02_cm
[242] WARNING: Component 'idLogicSaveComponent' required heap allocation on entity 'script_logic_manager_map_info_1648277137' 234, used 37298/32768 byte(s). while loading RunJobPrepared:SAVEGAME_JOB_NAME( idLogicSaveComponent )
[262] WARNING: Component 'idLogicSaveComponent' required heap allocation on entity 'script_logic_manager_map_info_1648277137' 234, used 37298/32768 byte(s). while loading RunJobPrepared:SAVEGAME_JOB_NAME( idLogicSaveComponent )
[333] [MDNT] Stopped prefetch of cutscene: cs/peru/ch00_poisonarrow01_cm
[333] idPlayerProfile::Serialize - START
[333] idPlayerProfileShell::InternalSerialize - START
[333] idPlayerProfileShell::InternalSerialize - END
[333] idPlayerProfile::Serialize - END
[333] idPlayerProfile::SerializeCommon - START
[333] idPlayerProfileShell::InternalSerializeCommon - START
[333] idPlayerProfileShell::InternalSerializeCommon - END
[333] idPlayerProfile::SerializeCommon - END
[370] [MDNT] Stopped prefetch of cutscene: cs/peru/ch00_doublecross01_pe
[370] idPlayerProfile::Serialize - START
[370] idPlayerProfileShell::InternalSerialize - START
[370] idPlayerProfileShell::InternalSerialize - END
[370] idPlayerProfile::Serialize - END
[370] idPlayerProfile::SerializeCommon - START
[370] idPlayerProfileShell::InternalSerializeCommon - START
[370] idPlayerProfileShell::InternalSerializeCommon - END
[370] idPlayerProfile::SerializeCommon - END
[396] SWF defragging swf/common/base_screen_4k.swf
[516] [MDNT] Stopped prefetch of cutscene: cs/peru/ch00_doublecross02_cm
[516] idPlayerProfile::Serialize - START
[516] idPlayerProfileShell::InternalSerialize - START
[516] idPlayerProfileShell::InternalSerialize - END
[516] idPlayerProfile::Serialize - END
[516] idPlayerProfile::SerializeCommon - START
[516] idPlayerProfileShell::InternalSerializeCommon - START
[516] idPlayerProfileShell::InternalSerializeCommon - END
[516] idPlayerProfile::SerializeCommon - END
[516] WARNING: Component 'idLogicSaveComponent' required heap allocation on entity 'script_logic_manager_map_info_1648277137' 234, used 37298/32768 byte(s). while loading RunJobPrepared:SAVEGAME_JOB_NAME( idLogicSaveComponent )
[516] WARNING: Save platform store delayed because profile is busy at time 516530189
[516] WARNING: Save platform store delayed because profile is busy at time 516535753
[516] WARNING: Save platform store delayed because profile is busy at time 516541181
[516] WARNING: Component 'idLogicSaveComponent' required heap allocation on entity 'script_logic_manager_map_info_1648277137' 234, used 37298/32768 byte(s). while loading RunJobPrepared:SAVEGAME_JOB_NAME( idLogicSaveComponent )
[516] idPlayerProfile::Serialize - START
[516] idPlayerProfileShell::InternalSerialize - START
[516] idPlayerProfileShell::InternalSerialize - END
[516] idPlayerProfile::Serialize - END
[516] idPlayerProfile::SerializeCommon - START
[516] idPlayerProfileShell::InternalSerializeCommon - START
[516] idPlayerProfileShell::InternalSerializeCommon - END
[516] idPlayerProfile::SerializeCommon - END
[516] --------------SAVEGAME-----------
[516] Game saved.
[516] ----------END SAVEGAME-----------
[554] [MDNT] Stopped prefetch of cutscene: cs/peru/ch00_entertemple02_cm
[554] WARNING: Component 'idLogicSaveComponent' required heap allocation on entity 'script_logic_manager_map_info_1648277137' 234, used 37298/32768 byte(s). while loading RunJobPrepared:SAVEGAME_JOB_NAME( idLogicSaveComponent )
[554] WARNING: Component 'idLogicSaveComponent' required heap allocation on entity 'script_logic_manager_map_info_1648277137' 234, used 37298/32768 byte(s). while loading RunJobPrepared:SAVEGAME_JOB_NAME( idLogicSaveComponent )
[554] idPlayerProfile::Serialize - START
[554] idPlayerProfileShell::InternalSerialize - START
[554] idPlayerProfileShell::InternalSerialize - END
[554] idPlayerProfile::Serialize - END
[554] idPlayerProfile::SerializeCommon - START
[554] idPlayerProfileShell::InternalSerializeCommon - START
[554] idPlayerProfileShell::InternalSerializeCommon - END
[554] idPlayerProfile::SerializeCommon - END
[555] --------------SAVEGAME-----------
[555] Game saved.
[555] ----------END SAVEGAME-----------
[647] [MDNT] Stopped prefetch of cutscene: cs/peru/spiders_light_merged
[647] WARNING: Component 'idLogicSaveComponent' required heap allocation on entity 'script_logic_manager_map_info_1648277137' 234, used 37298/32768 byte(s). while loading RunJobPrepared:SAVEGAME_JOB_NAME( idLogicSaveComponent )
[656] WARNING: Component 'idLogicSaveComponent' required heap allocation on entity 'script_logic_manager_map_info_1648277137' 234, used 37298/32768 byte(s). while loading RunJobPrepared:SAVEGAME_JOB_NAME( idLogicSaveComponent )
[656] idPlayerProfile::Serialize - START
[656] idPlayerProfileShell::InternalSerialize - START
[656] idPlayerProfileShell::InternalSerialize - END
[656] idPlayerProfile::Serialize - END
[656] idPlayerProfile::SerializeCommon - START
[656] idPlayerProfileShell::InternalSerializeCommon - START
[656] idPlayerProfileShell::InternalSerializeCommon - END
[656] idPlayerProfile::SerializeCommon - END
[657] --------------SAVEGAME-----------
[657] Game saved.
[657] ----------END SAVEGAME-----------
[666] WARNING: Component 'idLogicSaveComponent' required heap allocation on entity 'script_logic_manager_map_info_1648277137' 234, used 37298/32768 byte(s). while loading RunJobPrepared:SAVEGAME_JOB_NAME( idLogicSaveComponent )
[666] idPlayerProfile::Serialize - START
[666] idPlayerProfileShell::InternalSerialize - START
[666] idPlayerProfileShell::InternalSerialize - END
[666] idPlayerProfile::Serialize - END
[666] idPlayerProfile::SerializeCommon - START
[666] idPlayerProfileShell::InternalSerializeCommon - START
[666] idPlayerProfileShell::InternalSerializeCommon - END
[666] idPlayerProfile::SerializeCommon - END
[666] --------------SAVEGAME-----------
[666] Game saved.
[666] ----------END SAVEGAME-----------
[673] WARNING: WhipSelection node for AnimSys 'weapons/1p/whip01' is missing a target node for combination [SWINGING] : [INVALID] while loading RunJobPrepared:idLoadoutAttachmentSyncAnimSysStateJob
[739] [MDNT] Stopped prefetch of cutscene: cs/peru/ch00_chasm01_cm
[739] WARNING: Component 'idLogicSaveComponent' required heap allocation on entity 'script_logic_manager_map_info_1648277137' 234, used 37298/32768 byte(s). while loading RunJobPrepared:SAVEGAME_JOB_NAME( idLogicSaveComponent )
[739] idPlayerProfile::Serialize - START
[739] idPlayerProfileShell::InternalSerialize - START
[739] idPlayerProfileShell::InternalSerialize - END
[739] idPlayerProfile::Serialize - END
[739] idPlayerProfile::SerializeCommon - START
[739] idPlayerProfileShell::InternalSerializeCommon - START
[739] idPlayerProfileShell::InternalSerializeCommon - END
[739] idPlayerProfile::SerializeCommon - END
[739] --------------SAVEGAME-----------
[739] Game saved.
[739] ----------END SAVEGAME-----------
[791] WARNING: Component 'idLogicSaveComponent' required heap allocation on entity 'script_logic_manager_map_info_1648277137' 234, used 37298/32768 byte(s). while loading RunJobPrepared:SAVEGAME_JOB_NAME( idLogicSaveComponent )
[791] idPlayerProfile::Serialize - START
[791] idPlayerProfileShell::InternalSerialize - START
[791] idPlayerProfileShell::InternalSerialize - END
[791] idPlayerProfile::Serialize - END
[791] idPlayerProfile::SerializeCommon - START
[791] idPlayerProfileShell::InternalSerializeCommon - START
[791] idPlayerProfileShell::InternalSerializeCommon - END
[791] idPlayerProfile::SerializeCommon - END
[791] --------------SAVEGAME-----------
[791] Game saved.
[791] ----------END SAVEGAME-----------
[793] WARNING: Anim Request: 'relic/goldpouch' - Selection node 'WeaponConditionSelection' is missing a target node for combinations 'WEAPON_CONDITION_FIRED_LAST'  while loading RunJobPrepared:idLoadoutAttachmentSyncAnimSysStateJob
[814] WARNING: Can't fast forward when span mode is LENGTH! while loading RunJobPrepared:idGameLibEffectsUpdateJob
[814] WARNING: Can't fast forward when span mode is LENGTH! while loading RunJobPrepared:idGameLibEffectsUpdateJob
[817] [MDNT] Stopped prefetch of cutscene: cs/peru/ch00_chamberidol02_cm
[817] idPlayerProfile::Serialize - START
[817] idPlayerProfileShell::InternalSerialize - START
[817] idPlayerProfileShell::InternalSerialize - END
[817] idPlayerProfile::Serialize - END
[817] idPlayerProfile::SerializeCommon - START
[817] idPlayerProfileShell::InternalSerializeCommon - START
[817] idPlayerProfileShell::InternalSerializeCommon - END
[817] idPlayerProfile::SerializeCommon - END
[817] WARNING: Component 'idLogicSaveComponent' required heap allocation on entity 'script_logic_manager_map_info_1648277137' 234, used 37298/32768 byte(s). while loading RunJobPrepared:SAVEGAME_JOB_NAME( idLogicSaveComponent )
[817] WARNING: Save platform store delayed because profile is busy at time 817444716
[817] WARNING: Save platform store delayed because profile is busy at time 817451172
[817] WARNING: Save platform store delayed because profile is busy at time 817457688
[839] [MDNT] Stopped prefetch of cutscene: cs/peru/ch00_chasmidol02_cm
[839] WARNING: Component 'idLogicSaveComponent' required heap allocation on entity 'script_logic_manager_map_info_1648277137' 234, used 37298/32768 byte(s). while loading RunJobPrepared:SAVEGAME_JOB_NAME( idLogicSaveComponent )
[894] [MDNT] Stopped prefetch of cutscene: cs/peru/ch00_chasmclimb01_cm
[894] idPlayerProfile::Serialize - START
[894] idPlayerProfileShell::InternalSerialize - START
[894] idPlayerProfileShell::InternalSerialize - END
[894] idPlayerProfile::Serialize - END
[894] idPlayerProfile::SerializeCommon - START
[894] idPlayerProfileShell::InternalSerializeCommon - START
[894] idPlayerProfileShell::InternalSerializeCommon - END
[894] idPlayerProfile::SerializeCommon - END
[894] WARNING: Component 'idLogicSaveComponent' required heap allocation on entity 'script_logic_manager_map_info_1648277137' 234, used 37298/32768 byte(s). while loading RunJobPrepared:SAVEGAME_JOB_NAME( idLogicSaveComponent )
[894] WARNING: Save platform store delayed because profile is busy at time 894443815
[894] WARNING: Save platform store delayed because profile is busy at time 894448925
[894] WARNING: Save platform store delayed because profile is busy at time 894455049
[905] Reconciling achievement complete_ch0_peru, unlocking on platform
[905] Reconciling achievement complete_all_achievements, updating counter on platform
[905] WARNING: Achievements: Invalid id -1 for steam while loading RunJobPrepared:idPlayerAchievementsUpdateJob
[905] WARNING: Achievements: Invalid id -1 for xboxlive while loading RunJobPrepared:idPlayerAchievementsUpdateJob
[905] Reconciling achievement complete_ch0_peru, unlocking on platform
[907] [MDNT] Stopped prefetch of cutscene: cs/peru/ch00_boulderdeath01_pe
[907] WARNING: Component 'idLogicSaveComponent' required heap allocation on entity 'script_logic_manager_map_info_1648277137' 234, used 37298/32768 byte(s). while loading RunJobPrepared:SAVEGAME_JOB_NAME( idLogicSaveComponent )
[907] WARNING: Component 'idLogicSaveComponent' required heap allocation on entity 'script_logic_manager_map_info_1648277137' 234, used 37298/32768 byte(s). while loading RunJobPrepared:SAVEGAME_JOB_NAME( idLogicSaveComponent )
[907] idPlayerProfile::Serialize - START
[907] idPlayerProfileShell::InternalSerialize - START
[907] idPlayerProfileShell::InternalSerialize - END
[907] idPlayerProfile::Serialize - END
[907] idPlayerProfile::SerializeCommon - START
[907] idPlayerProfileShell::InternalSerializeCommon - START
[907] idPlayerProfileShell::InternalSerializeCommon - END
[907] idPlayerProfile::SerializeCommon - END
[907] --------------SAVEGAME-----------
[907] Game saved.
[907] ----------END SAVEGAME-----------
[907] Save Game slot file for 'GAME_DATA' has engine save version 52 and game save version 792
[907] WARNING: Save Game [LEVEL_DATA] build version mismatch, expected '20250502-130137-148530_emerald-yellow' but found '20250813-152556-150040_brown-kelly'
[907] Save Game slot file for 'LEVEL_DATA' has engine save version 52 and game save version 754
[907] Game Type:     singleplayer
[907] Game Sub-Type: default
[907] idGameSystemLocal::SetState: State changing from idGameSystemLocal::GAME_STATE_INGAME to idGameSystemLocal::GAME_STATE_LOADING
[907] ExecuteMapChange: EndPlayingGame
[907] Queueing EndPlayingGame
[907] EndPlayingGame
[907] NET: GameSessionLocalGameSession state: 3 (was 4)
[907] StartPlayingGame
[907] NET: GameSessionLocalGameSession state: 4 (was 3)
[907] Modified CVars:
[907] Cvar 'r_zfar' was modified to '8192' 
[907] Cvar 'p_ForceFov' was modified to '-1' 
[907] idGameSystemLocal::FreeMapInstance_Internal: Setting mapLocal = NULL
[907] Checking to see if the chunk is installed now
[907] LoadNamedResourceBlock: game/relic/college/college_night
[907] Map change Async Job wait started
[907] idMapInstanceLocal:Destructor 000001E8943122D0
[907] --------- Game Map Shutdown ----------
[907] Removing index[11] that was player[|CLI|Zerone_89] 
[908] idLogicUISystemController_InventoryController::EquipSatchel: Entity not in view
[908] num total mega pages: 28
[908] num total small pages: 6697
[908] peak active small pages: 5740
[908] ------------ Game Shutdown -----------
[908] --------------------------------------
[908] ------------------------------
[908] Havok Garbage Collection
[908] Havok memory statistics: 0 0
[908] Havok memory statistics: 0 0
[908] Havok Memory Freed: 0
[908] ------------------------------
[908] idVulkanMemoryAllocator::FreeEmptyBlocks: Freed   48.000 MiB
[908] Reset Heap Job (reset persist)
[908] WaitForIdle took 9.39ms
[908] Warning: The following swfs were not deleted:
[908] loading/loading_info
[908] GeomCacheStreamer shutdown took 0.00s
[908] ImageStreaming flush maptextures took 0.00s
[908] ImageStreaming flush maptextures took 0.00s
[908] Reset 0 reference counters in heap 3. 1 available.
[908] Reset 0 reference counters in heap 2. 1 available.
[908] ---------- ResetHeap (Map) ----------
[908] ---------- ResetHeap (Persist) ----------
[908] Reset Heap Job Done
[908] MountDatabase: mount of gameresources_15_hq_patch1.streamdb took 0.009 s
[908] MountDatabase: mount of gameresources_15_patch1.streamdb took 0.009 s
[908] MountDatabase: mount of gameresources_15.streamdb took 0.009 s
[908] MountDatabase: mount of gameresources_15_hq.streamdb took 0.009 s
[908] 0.0 seconds to figure out container
[908] Resources skipped by layer tests: 0
[908] 0.0 seconds to gather resource list
[908] 0.0 seconds to check what resources needs loading: 10660 resources,   273 skipped
[908] Load 10933 resources
[908] idResourceStorageDiskStreamer::Init took 0.004s to collect 10660 (273 skipped) resources
[908] Pll chunks: 2/3
[908] LoadNamedResourceBlock: Start waiting for geostreamer decay
[908] LoadNamedResourceBlock: Done waiting for geostreamer decay
[908] CreatePersistMapFile took 10.219 msec
[908] LoadNamedResourceBlock(game/relic/college/college_night): 0.301 seconds to preload 10660 resources, pll: 1.881 s, serial: 0.001 s
[908] Disk streamer stats:
[908] Init took 0.004s to collect 10660 resources:
[908] Foreground:  10660 reads,  30.203 MiB in 20.102ms, (1502.463 MiB/s) 0.000ms stalled, 67.830ms lockwait
[908] Background:    12 reads,  32.312 MiB
[908] Prefetching world
[908] Streaming prefetch at 23.170000 -5.710000 1.700000 (entity script_script_spawnpoint_fight)
[908] allocated 1 Brush Render Models
[908] --------- Initializing Game ----------
[908] mapName: game/relic/college/college_night
[908] gameFlags: 68
[908] initialMap: 0
[908] gamedate: Aug 13 2025
[908] Setting up Component entity system instance
[908] 	mode (instance)  = 0
[908] 	isInBuildGame    = false
[908] 	isSingle         = true
[908] 	isAI             = true
[908] 	isDemo           = false
[908] 	isMainMenu       = false
[908] 	isSaveSupported  = true
[908] 	isDormancyEnabled = true
[908] game initialized.
[908] idMapInstanceLocal:Constructor 000001E6A5CD1D50
[908] --------------------------------------
[908] Save Game slot file for 'GAME_DATA' has engine save version 52 and game save version 792
[908] WARNING: Save Game [LEVEL_DATA] build version mismatch, expected '20250502-130137-148530_emerald-yellow' but found '20250813-152556-150040_brown-kelly'
[908] Save Game slot file for 'LEVEL_DATA' has engine save version 52 and game save version 754
[908] Save Game slot file for 'GAME_DATA' has engine save version 52 and game save version 792
[908] WARNING: decl couldn't read production file while loading entitydef:attachments/item/journal_peru_map_01b
[908] WARNING: SaveGame : Missing resource 'idDeclEntityDef:attachments/item/journal_peru_map_01b' while loading resource-table!
[908] WARNING: decl couldn't read production file while loading loadoutweapon:item/idol
[908] WARNING: SaveGame : Missing resource 'idDeclLoadoutWeapon:item/idol' while loading resource-table!
[908] WARNING: decl couldn't read production file while loading entitydef:attachments/key_item/peru/goldenidol
[908] WARNING: SaveGame : Missing resource 'idDeclEntityDef:attachments/key_item/peru/goldenidol' while loading resource-table!
[908] WARNING: decl couldn't read production file while loading material2:models/characters/indiana_jones/adventurer/tex/ij_head_doublecross
[908] WARNING: SaveGame : Missing resource 'idMaterial2:models/characters/indiana_jones/adventurer/tex/ij_head_doublecross' while loading resource-table!
[908] WARNING: decl couldn't read production file while loading damage:throwable/no_damage
[908] WARNING: SaveGame : Missing resource 'idDeclDamage:throwable/no_damage' while loading resource-table!
[908] WARNING: Save Game [LEVEL_DATA] build version mismatch, expected '20250502-130137-148530_emerald-yellow' but found '20250813-152556-150040_brown-kelly'
[908] Save Game slot file for 'LEVEL_DATA' has engine save version 52 and game save version 754
[908] ----------- LoadMap(game/relic/college/college_night) ------------
[908] Sound nav volume college_night has 2469 cells and 15312 edges
[908] Spawning world
[908] create and spawn the worldspawn
[908] idMapInstanceLocal::LoadMap: adding initial layers from worldspawn
[908] BatchLoad(aiaction): loaded 0 resources in serial in 0.000s (infus/resource)
[908] BatchLoad(aitype): loaded 0 resources in serial in 0.000s (-nan(ind)us/resource)
[908] spawn map entities
[908] Found 1026 map entities
[908] BatchLoad(model): loaded 1305 resources in serial in 0.000s (0.205us/resource)
[908] BatchLoad(modelstream): loaded 87 resources in serial in 0.000s (0.264us/resource)
[908] BatchLoad(vegetationdeformation): loaded 6 resources in serial in 0.000s (0.500us/resource)
[908] MapFileStaticInstances info:
[908] 	Num model instances = 7108
[908] 	Num decals = 1709
[908] 	Num scatter points = 0
[908] 	Num sectors = 11
[908] 	Num objects in sectors = 8817
[908] 	Num uncovered objects in sectors = 1502
[908] Skipped 0 non-production entities
[908] Skipped 1462 savegame entities
[908] Registered 0 map entities
[908] Spawned Layers in the current map:
[908] 	0: world
[908] ---
[908] Spawned Layers on next map load:[908] ---
[908] Initializing 0 entities
[908] Spawning 0 entities
[908] BatchLoad(havokshape): loaded 1113 resources in serial in 0.000s (0.346us/resource)
[908] setup 365 static collision bodies (1 convex, 364 collision, 0 procedural)
[908] WARNING: issue entity 'item/idol-actor_player_11_weapon6' - Failed to initialize weapon entity 'item/idol-actor_player_11_weapon6', weapon has no decl (!IsValid()). Destroying entity. while loading RunJobPrepared:idActiveWeaponInitializeJob
[908] WARNING: issue entity 'item/journal_override-actor_player_11_weapon6_S_752' - failed to load rendermodel 'md6def/gameplay/interactables/peru_map_pieces_01a/peru_map_journal_01a/peru_map_journal_01b.md6', destroying entity 'item/journal_override-actor_player_11_weapon6_S_752' while loading idRenderModelInitializeJob:item/journal_override-actor_player_11_weapon6_S_752 from RunJobPrepared:idRenderModelInitializeJob
[908] WARNING: issue entity 'item/idol-actor_player_11_weapon6' - failed to load rendermodel 'md6def/gameplay/interactables/goldenidol/goldenidol.md6', destroying entity 'item/idol-actor_player_11_weapon6' while loading idRenderModelInitializeJob:item/idol-actor_player_11_weapon6 from RunJobPrepared:idRenderModelInitializeJob
[908] WARNING: issue entity 'item/journal_override-actor_player_11_weapon6_S_752' - Cannot create physics-shape for entity 'item/journal_override-actor_player_11_weapon6_S_752', RENDERMODEL_BOUNDS set with no model while loading idPhysicsInitializeJob:item/journal_override-actor_player_11_weapon6_S_752 from RunJobPrepared:idPhysicsInitializeJob
[908] WARNING: issue entity 'item/journal_override-actor_player_11_weapon6_S_752' - Cannot create physics-shape for entity 'item/journal_override-actor_player_11_weapon6_S_752', RENDERMODEL_BOUNDS model has no volume while loading idPhysicsInitializeJob:item/journal_override-actor_player_11_weapon6_S_752 from RunJobPrepared:idPhysicsInitializeJob
[908] WARNING: issue entity 'item/journal_override-actor_player_11_weapon6_S_752' - Failed to create physics shape, destroying entity 'item/journal_override-actor_player_11_weapon6_S_752' while loading idPhysicsInitializeJob:item/journal_override-actor_player_11_weapon6_S_752 from RunJobPrepared:idPhysicsInitializeJob
[908] WARNING: issue entity 'item/idol-actor_player_11_weapon6' - Cannot create physics-shape for entity 'item/idol-actor_player_11_weapon6', RENDERMODEL_BOUNDS set with no model while loading idPhysicsInitializeJob:item/idol-actor_player_11_weapon6 from RunJobPrepared:idPhysicsInitializeJob
[908] WARNING: issue entity 'item/idol-actor_player_11_weapon6' - Cannot create physics-shape for entity 'item/idol-actor_player_11_weapon6', RENDERMODEL_BOUNDS model has no volume while loading idPhysicsInitializeJob:item/idol-actor_player_11_weapon6 from RunJobPrepared:idPhysicsInitializeJob
[908] WARNING: issue entity 'item/idol-actor_player_11_weapon6' - Failed to create physics shape, destroying entity 'item/idol-actor_player_11_weapon6' while loading idPhysicsInitializeJob:item/idol-actor_player_11_weapon6 from RunJobPrepared:idPhysicsInitializeJob
[908] Create Referenced EntityDefs List
[908] WARNING: Dangling reference in map: Entity "script_wat_mahathat_gameplay_water_moving" first referenced by "<unknown>"
[908] WARNING: Dangling reference in map: Entity "script_wat_mahathat_gameplay_water_moving1" first referenced by "<unknown>"
[908] WARNING: Dangling reference in map: Entity "script_wat_mahathat_dynamic_water_20" first referenced by "<unknown>"
[908] ==== Processing events ====
[908] ==== Processing events ====
[908] Disabling all sectors and showing all models
[908] Adding player: |CLI|Zerone_89
[908] WARNING: idHybridPoseConstraintRigSetupInstance::RefreshInitForAnimator - Joint 'adventure_belt_01_Hybrid' invalid, while running 'models/characters/indiana_jones/adventurer/indiana_adventurer_hybrid.json' rigsetup on 'md6def/characters/standard/indiana_jones/indiana_wear_body.md6' while loading RunJobPrepared:idAnimationBlendJob
[908] WARNING: idHybridPoseConstraintRigSetupInstance::RefreshInitForAnimator - Joint 'adventure_belt_02_Hybrid' invalid, while running 'models/characters/indiana_jones/adventurer/indiana_adventurer_hybrid.json' rigsetup on 'md6def/characters/standard/indiana_jones/indiana_wear_body.md6' while loading RunJobPrepared:idAnimationBlendJob
[908] WARNING: idHybridPoseConstraintRigSetupInstance::RefreshInitForAnimator - Joint 'adventure_belt_02_Hybrid' invalid, while running 'models/characters/indiana_jones/adventurer/indiana_adventurer_hybrid.json' rigsetup on 'md6def/characters/standard/indiana_jones/indiana_wear_body.md6' while loading RunJobPrepared:idAnimationBlendJob
[908] WARNING: idHybridPoseConstraintRigSetupInstance::RefreshInitForAnimator - Joint 'adventure_belt_02_Hybrid' invalid, while running 'models/characters/indiana_jones/adventurer/indiana_adventurer_hybrid.json' rigsetup on 'md6def/characters/standard/indiana_jones/indiana_wear_body.md6' while loading RunJobPrepared:idAnimationBlendJob
[908] WARNING: idHybridPoseConstraintRigSetupInstance::RefreshInitForAnimator - Joint 'adventure_belt_03_Hybrid' invalid, while running 'models/characters/indiana_jones/adventurer/indiana_adventurer_hybrid.json' rigsetup on 'md6def/characters/standard/indiana_jones/indiana_wear_body.md6' while loading RunJobPrepared:idAnimationBlendJob
[908] WARNING: idHybridPoseConstraintRigSetupInstance::RefreshInitForAnimator - Joint 'adventure_belt_03_Hybrid' invalid, while running 'models/characters/indiana_jones/adventurer/indiana_adventurer_hybrid.json' rigsetup on 'md6def/characters/standard/indiana_jones/indiana_wear_body.md6' while loading RunJobPrepared:idAnimationBlendJob
[908] WARNING: idHybridPoseConstraintRigSetupInstance::RefreshInitForAnimator - Joint 'adventure_belt_03_Hybrid' invalid, while running 'models/characters/indiana_jones/adventurer/indiana_adventurer_hybrid.json' rigsetup on 'md6def/characters/standard/indiana_jones/indiana_wear_body.md6' while loading RunJobPrepared:idAnimationBlendJob
[908] WARNING: idHybridPoseConstraintRigSetupInstance::RefreshInitForAnimator - Joint 'Holster_Hybrid' invalid, while running 'models/characters/indiana_jones/adventurer/indiana_adventurer_hybrid.json' rigsetup on 'md6def/characters/standard/indiana_jones/indiana_wear_body.md6' while loading RunJobPrepared:idAnimationBlendJob
[908] WARNING: idHybridPoseConstraintRigSetupInstance::RefreshInitForAnimator - Joint 'Holster_Hybrid' invalid, while running 'models/characters/indiana_jones/adventurer/indiana_adventurer_hybrid.json' rigsetup on 'md6def/characters/standard/indiana_jones/indiana_wear_body.md6' while loading RunJobPrepared:idAnimationBlendJob
[908] WARNING: idHybridPoseConstraintRigSetupInstance::RefreshInitForAnimator - Joint 'Holster_Hybrid' invalid, while running 'models/characters/indiana_jones/adventurer/indiana_adventurer_hybrid.json' rigsetup on 'md6def/characters/standard/indiana_jones/indiana_wear_body.md6' while loading RunJobPrepared:idAnimationBlendJob
[908] WARNING: idHybridPoseConstraintRigSetupInstance::RefreshInitForAnimator - Joint 'Holster_Hybrid' invalid, while running 'models/characters/indiana_jones/adventurer/indiana_adventurer_hybrid.json' rigsetup on 'md6def/characters/standard/indiana_jones/indiana_wear_body.md6' while loading RunJobPrepared:idAnimationBlendJob
[908] WARNING: idHybridPoseConstraintRigSetupInstance::RefreshInitForAnimator - Joint 'Holster_Hybrid' invalid, while running 'models/characters/indiana_jones/adventurer/indiana_adventurer_hybrid.json' rigsetup on 'md6def/characters/standard/indiana_jones/indiana_wear_body.md6' while loading RunJobPrepared:idAnimationBlendJob
[908] WARNING: idHybridPoseConstraintRigSetupInstance::RefreshInitForAnimator - Joint 'Holster_Hybrid' invalid, while running 'models/characters/indiana_jones/adventurer/indiana_adventurer_hybrid.json' rigsetup on 'md6def/characters/standard/indiana_jones/indiana_wear_body.md6' while loading RunJobPrepared:idAnimationBlendJob
[908] WARNING: idHybridPoseConstraintRigSetupInstance::RefreshInitForAnimator - Joint 'Gunbelt_Front_03_Hybrid' invalid, while running 'models/characters/indiana_jones/adventurer/indiana_adventurer_hybrid.json' rigsetup on 'md6def/characters/standard/indiana_jones/indiana_wear_body.md6' while loading RunJobPrepared:idAnimationBlendJob
[908] WARNING: idHybridPoseConstraintRigSetupInstance::RefreshInitForAnimator - Joint 'Holster_Hybrid' invalid, while running 'models/characters/indiana_jones/adventurer/indiana_adventurer_hybrid.json' rigsetup on 'md6def/characters/standard/indiana_jones/indiana_wear_body.md6' while loading RunJobPrepared:idAnimationBlendJob
[908] WARNING: idHybridPoseConstraintRigSetupInstance::RefreshInitForAnimator - Joint 'Gunbelt_Front_03_Hybrid' invalid, while running 'models/characters/indiana_jones/adventurer/indiana_adventurer_hybrid.json' rigsetup on 'md6def/characters/standard/indiana_jones/indiana_wear_body.md6' while loading RunJobPrepared:idAnimationBlendJob
[908] WARNING: idHybridPoseConstraintRigSetupInstance::RefreshInitForAnimator - Joint 'Gunbelt_Front_02_Hybrid' invalid, while running 'models/characters/indiana_jones/adventurer/indiana_adventurer_hybrid.json' rigsetup on 'md6def/characters/standard/indiana_jones/indiana_wear_body.md6' while loading RunJobPrepared:idAnimationBlendJob
[908] WARNING: idHybridPoseConstraintRigSetupInstance::RefreshInitForAnimator - Joint 'Gunbelt_Front_02_Hybrid' invalid, while running 'models/characters/indiana_jones/adventurer/indiana_adventurer_hybrid.json' rigsetup on 'md6def/characters/standard/indiana_jones/indiana_wear_body.md6' while loading RunJobPrepared:idAnimationBlendJob
[908] WARNING: idHybridPoseConstraintRigSetupInstance::RefreshInitForAnimator - Joint 'Gunbelt_Front_02_Hybrid' invalid, while running 'models/characters/indiana_jones/adventurer/indiana_adventurer_hybrid.json' rigsetup on 'md6def/characters/standard/indiana_jones/indiana_wear_body.md6' while loading RunJobPrepared:idAnimationBlendJob
[908] WARNING: idHybridPoseConstraintRigSetupInstance::RefreshInitForAnimator - Joint 'Gunbelt_Front_02_Hybrid' invalid, while running 'models/characters/indiana_jones/adventurer/indiana_adventurer_hybrid.json' rigsetup on 'md6def/characters/standard/indiana_jones/indiana_wear_body.md6' while loading RunJobPrepared:idAnimationBlendJob
[908] WARNING: idHybridPoseConstraintRigSetupInstance::RefreshInitForAnimator - Joint 'Gunbelt_Front_03_Hybrid' invalid, while running 'models/characters/indiana_jones/adventurer/indiana_adventurer_hybrid.json' rigsetup on 'md6def/characters/standard/indiana_jones/indiana_wear_body.md6' while loading RunJobPrepared:idAnimationBlendJob
[908] WARNING: idHybridPoseConstraintRigSetupInstance::RefreshInitForAnimator - Joint 'Gunbelt_Front_02_Hybrid' invalid, while running 'models/characters/indiana_jones/adventurer/indiana_adventurer_hybrid.json' rigsetup on 'md6def/characters/standard/indiana_jones/indiana_wear_body.md6' while loading RunJobPrepared:idAnimationBlendJob
[908] WARNING: idHybridPoseConstraintRigSetupInstance::RefreshInitForAnimator - Joint 'Center_Crotch_Hybrid' invalid, while running 'models/characters/indiana_jones/adventurer/indiana_adventurer_hybrid.json' rigsetup on 'md6def/characters/standard/indiana_jones/indiana_wear_body.md6' while loading RunJobPrepared:idAnimationBlendJob
[908] WARNING: idHybridPoseConstraintRigSetupInstance::RefreshInitForAnimator - Joint 'Center_Crotch_Hybrid' invalid, while running 'models/characters/indiana_jones/adventurer/indiana_adventurer_hybrid.json' rigsetup on 'md6def/characters/standard/indiana_jones/indiana_wear_body.md6' while loading RunJobPrepared:idAnimationBlendJob
[908] WARNING: idHybridPoseConstraintRigSetupInstance::RefreshInitForAnimator - Joint 'Center_Crotch_Hybrid' invalid, while running 'models/characters/indiana_jones/adventurer/indiana_adventurer_hybrid.json' rigsetup on 'md6def/characters/standard/indiana_jones/indiana_wear_body.md6' while loading RunJobPrepared:idAnimationBlendJob
[908] WARNING: idHybridPoseConstraintRigSetupInstance::RefreshInitForAnimator - Joint 'Center_Crotch_Hybrid' invalid, while running 'models/characters/indiana_jones/adventurer/indiana_adventurer_hybrid.json' rigsetup on 'md6def/characters/standard/indiana_jones/indiana_wear_body.md6' while loading RunJobPrepared:idAnimationBlendJob
[908] WARNING: idHybridPoseConstraintRigSetupInstance::RefreshInitForAnimator - Joint 'Center_Crotch_Hybrid' invalid, while running 'models/characters/indiana_jones/adventurer/indiana_adventurer_hybrid.json' rigsetup on 'md6def/characters/standard/indiana_jones/indiana_wear_body.md6' while loading RunJobPrepared:idAnimationBlendJob
[908] WARNING: idHybridPoseConstraintRigSetupInstance::RefreshInitForAnimator - Joint 'Gunbelt_Front_01_Hybrid' invalid, while running 'models/characters/indiana_jones/adventurer/indiana_adventurer_hybrid.json' rigsetup on 'md6def/characters/standard/indiana_jones/indiana_wear_body.md6' while loading RunJobPrepared:idAnimationBlendJob
[908] WARNING: idHybridPoseConstraintRigSetupInstance::RefreshInitForAnimator - Joint 'Gunbelt_Front_02_Hybrid' invalid, while running 'models/characters/indiana_jones/adventurer/indiana_adventurer_hybrid.json' rigsetup on 'md6def/characters/standard/indiana_jones/indiana_wear_body.md6' while loading RunJobPrepared:idAnimationBlendJob
[908] WARNING: idHybridPoseConstraintRigSetupInstance::RefreshInitForAnimator - Joint 'Gunbelt_Front_01_Hybrid' invalid, while running 'models/characters/indiana_jones/adventurer/indiana_adventurer_hybrid.json' rigsetup on 'md6def/characters/standard/indiana_jones/indiana_wear_body.md6' while loading RunJobPrepared:idAnimationBlendJob
[908] WARNING: idHybridPoseConstraintRigSetupInstance::RefreshInitForAnimator - Joint 'satchelAim_Hybrid' invalid, while running 'models/characters/indiana_jones/adventurer/indiana_adventurer_hybrid.json' rigsetup on 'md6def/characters/standard/indiana_jones/indiana_wear_body.md6' while loading RunJobPrepared:idAnimationBlendJob
[908] WARNING: idHybridPoseConstraintRigSetupInstance::RefreshInitForAnimator - Joint 'satchelAim_Hybrid' invalid, while running 'models/characters/indiana_jones/adventurer/indiana_adventurer_hybrid.json' rigsetup on 'md6def/characters/standard/indiana_jones/indiana_wear_body.md6' while loading RunJobPrepared:idAnimationBlendJob
[908] WARNING: idHybridPoseConstraintRigSetupInstance::RefreshInitForAnimator - Joint 'satchel_Hybrid' invalid, while running 'models/characters/indiana_jones/adventurer/indiana_adventurer_hybrid.json' rigsetup on 'md6def/characters/standard/indiana_jones/indiana_wear_body.md6' while loading RunJobPrepared:idAnimationBlendJob
[908] WARNING: idHybridPoseConstraintRigSetupInstance::RefreshInitForAnimator - Joint 'satchel_Hybrid' invalid, while running 'models/characters/indiana_jones/adventurer/indiana_adventurer_hybrid.json' rigsetup on 'md6def/characters/standard/indiana_jones/indiana_wear_body.md6' while loading RunJobPrepared:idAnimationBlendJob
[908] WARNING: idHybridPoseConstraintRigSetupInstance::RefreshInitForAnimator - Joint 'satchel_Hybrid' invalid, while running 'models/characters/indiana_jones/adventurer/indiana_adventurer_hybrid.json' rigsetup on 'md6def/characters/standard/indiana_jones/indiana_wear_body.md6' while loading RunJobPrepared:idAnimationBlendJob
[908] WARNING: idHybridPoseConstraintRigSetupInstance::RefreshInitForAnimator - Joint 'satchel_Hybrid' invalid, while running 'models/characters/indiana_jones/adventurer/indiana_adventurer_hybrid.json' rigsetup on 'md6def/characters/standard/indiana_jones/indiana_wear_body.md6' while loading RunJobPrepared:idAnimationBlendJob
[908] WARNING: idHybridPoseConstraintRigSetupInstance::RefreshInitForAnimator - Joint 'satchelAim_Hybrid' invalid, while running 'models/characters/indiana_jones/adventurer/indiana_adventurer_hybrid.json' rigsetup on 'md6def/characters/standard/indiana_jones/indiana_wear_body.md6' while loading RunJobPrepared:idAnimationBlendJob
[908] WARNING: idHybridPoseConstraintRigSetupInstance::RefreshInitForAnimator - Joint 'satchel_Hybrid' invalid, while running 'models/characters/indiana_jones/adventurer/indiana_adventurer_hybrid.json' rigsetup on 'md6def/characters/standard/indiana_jones/indiana_wear_body.md6' while loading RunJobPrepared:idAnimationBlendJob
[908] WARNING: idHybridPoseConstraintRigSetupInstance::RefreshInitForAnimator - Joint 'satchelBody_Hybrid' invalid, while running 'models/characters/indiana_jones/adventurer/indiana_adventurer_hybrid.json' rigsetup on 'md6def/characters/standard/indiana_jones/indiana_wear_body.md6' while loading RunJobPrepared:idAnimationBlendJob
[908] WARNING: idHybridPoseConstraintRigSetupInstance::RefreshInitForAnimator - Joint 'satchelBody_Hybrid' invalid, while running 'models/characters/indiana_jones/adventurer/indiana_adventurer_hybrid.json' rigsetup on 'md6def/characters/standard/indiana_jones/indiana_wear_body.md6' while loading RunJobPrepared:idAnimationBlendJob
[908] WARNING: idHybridPoseConstraintRigSetupInstance::RefreshInitForAnimator - Joint 'satchelBody_Hybrid' invalid, while running 'models/characters/indiana_jones/adventurer/indiana_adventurer_hybrid.json' rigsetup on 'md6def/characters/standard/indiana_jones/indiana_wear_body.md6' while loading RunJobPrepared:idAnimationBlendJob
[908] WARNING: idHybridPoseConstraintRigSetupInstance::RefreshInitForAnimator - Joint 'Gunbelt_Back_02_Hybrid' invalid, while running 'models/characters/indiana_jones/adventurer/indiana_adventurer_hybrid.json' rigsetup on 'md6def/characters/standard/indiana_jones/indiana_wear_body.md6' while loading RunJobPrepared:idAnimationBlendJob
[908] WARNING: idHybridPoseConstraintRigSetupInstance::RefreshInitForAnimator - Joint 'Gunbelt_Back_02_Hybrid' invalid, while running 'models/characters/indiana_jones/adventurer/indiana_adventurer_hybrid.json' rigsetup on 'md6def/characters/standard/indiana_jones/indiana_wear_body.md6' while loading RunJobPrepared:idAnimationBlendJob
[908] WARNING: idHybridPoseConstraintRigSetupInstance::RefreshInitForAnimator - Joint 'Gunbelt_Back_02_Hybrid' invalid, while running 'models/characters/indiana_jones/adventurer/indiana_adventurer_hybrid.json' rigsetup on 'md6def/characters/standard/indiana_jones/indiana_wear_body.md6' while loading RunJobPrepared:idAnimationBlendJob
[908] WARNING: idHybridPoseConstraintRigSetupInstance::RefreshInitForAnimator - Joint 'Gunbelt_Back_02_Hybrid' invalid, while running 'models/characters/indiana_jones/adventurer/indiana_adventurer_hybrid.json' rigsetup on 'md6def/characters/standard/indiana_jones/indiana_wear_body.md6' while loading RunJobPrepared:idAnimationBlendJob
[908] WARNING: idHybridPoseConstraintRigSetupInstance::RefreshInitForAnimator - Joint 'Holster_Hybrid' invalid, while running 'models/characters/indiana_jones/adventurer/indiana_adventurer_hybrid.json' rigsetup on 'md6def/characters/standard/indiana_jones/indiana_wear_body.md6' while loading RunJobPrepared:idAnimationBlendJob
[908] WARNING: idHybridPoseConstraintRigSetupInstance::RefreshInitForAnimator - Joint 'Gunbelt_Back_02_Hybrid' invalid, while running 'models/characters/indiana_jones/adventurer/indiana_adventurer_hybrid.json' rigsetup on 'md6def/characters/standard/indiana_jones/indiana_wear_body.md6' while loading RunJobPrepared:idAnimationBlendJob
[908] WARNING: idHybridPoseConstraintRigSetupInstance::RefreshInitForAnimator - Joint 'Gunbelt_Back_01_Hybrid' invalid, while running 'models/characters/indiana_jones/adventurer/indiana_adventurer_hybrid.json' rigsetup on 'md6def/characters/standard/indiana_jones/indiana_wear_body.md6' while loading RunJobPrepared:idAnimationBlendJob
[908] WARNING: idHybridPoseConstraintRigSetupInstance::RefreshInitForAnimator - Joint 'Gunbelt_Back_02_Hybrid' invalid, while running 'models/characters/indiana_jones/adventurer/indiana_adventurer_hybrid.json' rigsetup on 'md6def/characters/standard/indiana_jones/indiana_wear_body.md6' while loading RunJobPrepared:idAnimationBlendJob
[908] WARNING: idHybridPoseConstraintRigSetupInstance::RefreshInitForAnimator - Joint 'Gunbelt_Back_01_Hybrid' invalid, while running 'models/characters/indiana_jones/adventurer/indiana_adventurer_hybrid.json' rigsetup on 'md6def/characters/standard/indiana_jones/indiana_wear_body.md6' while loading RunJobPrepared:idAnimationBlendJob
[908] WARNING: idHybridPoseConstraintRigSetupInstance::RefreshInitForAnimator - Joint 'satchel_frontStrap_Hybrid' invalid, while running 'models/characters/indiana_jones/adventurer/indiana_adventurer_hybrid.json' rigsetup on 'md6def/characters/standard/indiana_jones/indiana_wear_body.md6' while loading RunJobPrepared:idAnimationBlendJob
[908] WARNING: idHybridPoseConstraintRigSetupInstance::RefreshInitForAnimator - Joint 'satchel_Hybrid' invalid, while running 'models/characters/indiana_jones/adventurer/indiana_adventurer_hybrid.json' rigsetup on 'md6def/characters/standard/indiana_jones/indiana_wear_body.md6' while loading RunJobPrepared:idAnimationBlendJob
[908] WARNING: idHybridPoseConstraintRigSetupInstance::RefreshInitForAnimator - Joint 'satchel_Hybrid' invalid, while running 'models/characters/indiana_jones/adventurer/indiana_adventurer_hybrid.json' rigsetup on 'md6def/characters/standard/indiana_jones/indiana_wear_body.md6' while loading RunJobPrepared:idAnimationBlendJob
[908] WARNING: idHybridPoseConstraintRigSetupInstance::RefreshInitForAnimator - Joint 'satchel_frontStrap_Hybrid' invalid, while running 'models/characters/indiana_jones/adventurer/indiana_adventurer_hybrid.json' rigsetup on 'md6def/characters/standard/indiana_jones/indiana_wear_body.md6' while loading RunJobPrepared:idAnimationBlendJob
[908] WARNING: idHybridPoseConstraintRigSetupInstance::RefreshInitForAnimator - Joint 'satchel_backStrap_Hybrid' invalid, while running 'models/characters/indiana_jones/adventurer/indiana_adventurer_hybrid.json' rigsetup on 'md6def/characters/standard/indiana_jones/indiana_wear_body.md6' while loading RunJobPrepared:idAnimationBlendJob
[908] WARNING: idHybridPoseConstraintRigSetupInstance::RefreshInitForAnimator - Joint 'satchel_Hybrid' invalid, while running 'models/characters/indiana_jones/adventurer/indiana_adventurer_hybrid.json' rigsetup on 'md6def/characters/standard/indiana_jones/indiana_wear_body.md6' while loading RunJobPrepared:idAnimationBlendJob
[908] WARNING: idHybridPoseConstraintRigSetupInstance::RefreshInitForAnimator - Joint 'satchel_Hybrid' invalid, while running 'models/characters/indiana_jones/adventurer/indiana_adventurer_hybrid.json' rigsetup on 'md6def/characters/standard/indiana_jones/indiana_wear_body.md6' while loading RunJobPrepared:idAnimationBlendJob
[908] WARNING: idHybridPoseConstraintRigSetupInstance::RefreshInitForAnimator - Joint 'satchel_backStrap_Hybrid' invalid, while running 'models/characters/indiana_jones/adventurer/indiana_adventurer_hybrid.json' rigsetup on 'md6def/characters/standard/indiana_jones/indiana_wear_body.md6' while loading RunJobPrepared:idAnimationBlendJob
[908] WARNING: idHybridPoseConstraintRigSetupInstance::RefreshInitForAnimator - Joint 'satchel_frontStrap_Hybrid' invalid, while running 'models/characters/indiana_jones/adventurer/indiana_adventurer_hybrid.json' rigsetup on 'md6def/characters/standard/indiana_jones/indiana_wear_body.md6' while loading RunJobPrepared:idAnimationBlendJob
[908] WARNING: idHybridPoseConstraintRigSetupInstance::RefreshInitForAnimator - Joint 'satchel_Hybrid' invalid, while running 'models/characters/indiana_jones/adventurer/indiana_adventurer_hybrid.json' rigsetup on 'md6def/characters/standard/indiana_jones/indiana_wear_body.md6' while loading RunJobPrepared:idAnimationBlendJob
[908] WARNING: idHybridPoseConstraintRigSetupInstance::RefreshInitForAnimator - Joint 'satchel_frontStrap_Aim_Hybrid' invalid, while running 'models/characters/indiana_jones/adventurer/indiana_adventurer_hybrid.json' rigsetup on 'md6def/characters/standard/indiana_jones/indiana_wear_body.md6' while loading RunJobPrepared:idAnimationBlendJob
[908] WARNING: idHybridPoseConstraintRigSetupInstance::RefreshInitForAnimator - Joint 'satchel_backStrap_Hybrid' invalid, while running 'models/characters/indiana_jones/adventurer/indiana_adventurer_hybrid.json' rigsetup on 'md6def/characters/standard/indiana_jones/indiana_wear_body.md6' while loading RunJobPrepared:idAnimationBlendJob
[908] WARNING: idHybridPoseConstraintRigSetupInstance::RefreshInitForAnimator - Joint 'satchel_Hybrid' invalid, while running 'models/characters/indiana_jones/adventurer/indiana_adventurer_hybrid.json' rigsetup on 'md6def/characters/standard/indiana_jones/indiana_wear_body.md6' while loading RunJobPrepared:idAnimationBlendJob
[908] WARNING: idHybridPoseConstraintRigSetupInstance::RefreshInitForAnimator - Joint 'satchel_backStrap_Aim_Hybrid' invalid, while running 'models/characters/indiana_jones/adventurer/indiana_adventurer_hybrid.json' rigsetup on 'md6def/characters/standard/indiana_jones/indiana_wear_body.md6' while loading RunJobPrepared:idAnimationBlendJob
[908] WARNING: idHybridPoseConstraintRigSetupInstance::RefreshInitForAnimator - Joint 'Center_Back_Collar_Hybrid' invalid, while running 'models/characters/indiana_jones/adventurer/indiana_adventurer_hybrid.json' rigsetup on 'md6def/characters/standard/indiana_jones/indiana_wear_body.md6' while loading RunJobPrepared:idAnimationBlendJob
[908] WARNING: idHybridPoseConstraintRigSetupInstance::RefreshInitForAnimator - Joint 'Left_Front_Collar_Hybrid' invalid, while running 'models/characters/indiana_jones/adventurer/indiana_adventurer_hybrid.json' rigsetup on 'md6def/characters/standard/indiana_jones/indiana_wear_body.md6' while loading RunJobPrepared:idAnimationBlendJob
[908] WARNING: idHybridPoseConstraintRigSetupInstance::RefreshInitForAnimator - Joint 'Left_Middle_Collar_Hybrid' invalid, while running 'models/characters/indiana_jones/adventurer/indiana_adventurer_hybrid.json' rigsetup on 'md6def/characters/standard/indiana_jones/indiana_wear_body.md6' while loading RunJobPrepared:idAnimationBlendJob
[908] WARNING: idHybridPoseConstraintRigSetupInstance::RefreshInitForAnimator - Joint 'LeftForeArmRoll_shirt_02_Hybrid' invalid, while running 'models/characters/indiana_jones/adventurer/indiana_adventurer_hybrid.json' rigsetup on 'md6def/characters/standard/indiana_jones/indiana_wear_body.md6' while loading RunJobPrepared:idAnimationBlendJob
[908] WARNING: idHybridPoseConstraintRigSetupInstance::RefreshInitForAnimator - Joint 'LeftShoulder_Collider_Hybrid' invalid, while running 'models/characters/indiana_jones/adventurer/indiana_adventurer_hybrid.json' rigsetup on 'md6def/characters/standard/indiana_jones/indiana_wear_body.md6' while loading RunJobPrepared:idAnimationBlendJob
[908] WARNING: idHybridPoseConstraintRigSetupInstance::RefreshInitForAnimator - Joint 'Right_Front_Collar_Hybrid' invalid, while running 'models/characters/indiana_jones/adventurer/indiana_adventurer_hybrid.json' rigsetup on 'md6def/characters/standard/indiana_jones/indiana_wear_body.md6' while loading RunJobPrepared:idAnimationBlendJob
[908] WARNING: idHybridPoseConstraintRigSetupInstance::RefreshInitForAnimator - Joint 'Right_Middle_Collar_Hybrid' invalid, while running 'models/characters/indiana_jones/adventurer/indiana_adventurer_hybrid.json' rigsetup on 'md6def/characters/standard/indiana_jones/indiana_wear_body.md6' while loading RunJobPrepared:idAnimationBlendJob
[908] WARNING: idHybridPoseConstraintRigSetupInstance::RefreshInitForAnimator - Joint 'RightForeArmRoll_shirt_02_Hybrid' invalid, while running 'models/characters/indiana_jones/adventurer/indiana_adventurer_hybrid.json' rigsetup on 'md6def/characters/standard/indiana_jones/indiana_wear_body.md6' while loading RunJobPrepared:idAnimationBlendJob
[908] WARNING: idHybridPoseConstraintRigSetupInstance::RefreshInitForAnimator - Joint 'RightShoulder_Collider_Hybrid' invalid, while running 'models/characters/indiana_jones/adventurer/indiana_adventurer_hybrid.json' rigsetup on 'md6def/characters/standard/indiana_jones/indiana_wear_body.md6' while loading RunJobPrepared:idAnimationBlendJob
[908] ---------- idRenderWorldLocal::SpecificationComplete ----------
[908] --------------------------------------
[908] Unknown command 'sys_dumpMemory'
[908] Map loaded in 0.18 seconds.
[908] 2025-09-19T23:31:37.130+08:00 LOG: Starting a match!
[908] AllocMapInstance took 0.1970 seconds.
[908] AllocMapInstance(game/relic/college/college_night) took 0.230 s
[908]  0.5 total seconds for map load
[909] Spent 849.957ms waiting on streaming prefetch (completed).
[909] 1.6 seconds to load game/relic/college/college_night
[909] idGameSystemLocal::SetState: State changing from idGameSystemLocal::GAME_STATE_LOADING to idGameSystemLocal::GAME_STATE_INGAME
[909] idLoadScreen::LevelLoadCompleted()
[909] ------------ Map change completed! ------------
  Map Name: game/relic/college/college_night

[909] idLogicNodeRelicProgression::Activate - No chapter data exists for the current chapter yet, aborting
[909] idLogicNodeRelicProgression::Activate - No chapter data exists for the current chapter yet, aborting
[909] Prefetch complete.
  Total bytes read: 0.00MB
  Total seeks: 0
  Image
     Total bytes read: 0.00MB
     Total seeks: 0
       <=1KB    : 0
       <=16KB   : 0
       <=128KB  : 0
       <=256KB  : 0
       <=512KB  : 0
       rest     : 0
  Geometry
     Total bytes read: 0.00MB
     Total seeks: 0
       <=1KB    : 0
       <=16KB   : 0
       <=128KB  : 0
       <=256KB  : 0
       <=512KB  : 0
       rest     : 0
  Audio
     Total bytes read: 0.00MB
     Total seeks: 0
  Geom cache
     Total bytes read: 0.00MB
     Total seeks: 0
  Light probe
     Total bytes read: 0.00MB
     Total seeks: 0
  Video
     Total bytes read: 0.00MB
     Total seeks: 0
[909] WARNING: SWF swf/common/base_screen_4k.swf: Material path is required but is unset on sprite m while executing logicscript:dynamic_widget(hud/systemic/element/swf_default_interaction) from RunJobPrepared:LogicUI Object Job
[918] WARNING: Allocating unmoveable vertex buffer for 'models/characters/locus/locus_wear_base.md6mesh' (9617808 bytes, limit 8388624 bytes)
[923] WARNING: Allocating unmoveable vertex buffer for 'models/characters/locus/locus_wear_base.md6mesh' (30332832 bytes, limit 8388624 bytes)
[1048] idGameSystemLocal::SetState: State changing from idGameSystemLocal::GAME_STATE_INGAME to idGameSystemLocal::GAME_STATE_LOADING
[1048] ExecuteMapChange: EndPlayingGame
[1048] Queueing EndPlayingGame
[1048] EndPlayingGame
[1048] NET: GameSessionLocalGameSession state: 3 (was 4)
[1048] StartPlayingGame
[1048] NET: GameSessionLocalGameSession state: 4 (was 3)
[1048] Modified CVars:
[1048] idGameSystemLocal::FreeMapInstance_Internal: Setting mapLocal = NULL
[1048] Checking to see if the chunk is installed now
[1048] Map change Async Job wait started
[1048] idMapInstanceLocal:Destructor 000001E6A5CD1D50
[1048] --------- Game Map Shutdown ----------
[1048] Removing index[11] that was player[|CLI|Zerone_89] 
[1048] idLogicUISystemController_InventoryController::EquipSatchel: Entity not in view
[1048] num total mega pages: 26
[1048] num total small pages: 3239
[1048] peak active small pages: 2973
[1048] ------------ Game Shutdown -----------
[1048] --------------------------------------
[1048] ------------------------------
[1048] Havok Garbage Collection
[1048] Havok memory statistics: 0 0
[1048] Havok memory statistics: 0 0
[1048] Havok Memory Freed: 0
[1048] ------------------------------
[1048] idVulkanMemoryAllocator::FreeEmptyBlocks: Freed  101.000 MiB
[1048] Reset Heap Job 
[1048] WaitForIdle took 1.80ms
[1048] Warning: The following swfs were not deleted:
[1048] loading/loading_info
[1048] GeomCacheStreamer shutdown took 0.00s
[1048] ImageStreaming flush maptextures took 0.00s
[1048] Reset 0 reference counters in heap 3. 1 available.
[1048] ---------- ResetHeap (Map) ----------
[1048] Reset Heap Job Done
[1048] CreatePersistMapFile took 0.000 msec
[1048] Prefetching world
[1048] Streaming prefetch at 23.170000 -5.710000 1.700000 (entity script_script_spawnpoint_fight)
[1048] allocated 1 Brush Render Models
[1048] --------- Initializing Game ----------
[1048] mapName: game/relic/college/college_night
[1048] gameFlags: 68
[1048] initialMap: 0
[1048] gamedate: Aug 13 2025
[1048] Setting up Component entity system instance
[1048] 	mode (instance)  = 0
[1048] 	isInBuildGame    = false
[1048] 	isSingle         = true
[1048] 	isAI             = true
[1048] 	isDemo           = false
[1048] 	isMainMenu       = false
[1048] 	isSaveSupported  = true
[1048] 	isDormancyEnabled = true
[1048] game initialized.
[1048] idMapInstanceLocal:Constructor 000001E6A5CD1D50
[1048] --------------------------------------
[1048] Save Game slot file for 'GAME_DATA' has engine save version 52 and game save version 792
[1048] WARNING: Save Game [LEVEL_DATA] build version mismatch, expected '20250502-130137-148530_emerald-yellow' but found '20250813-152556-150040_brown-kelly'
[1048] Save Game slot file for 'LEVEL_DATA' has engine save version 52 and game save version 754
[1048] Save Game slot file for 'GAME_DATA' has engine save version 52 and game save version 792
[1048] WARNING: decl couldn't read production file while loading entitydef:attachments/item/journal_peru_map_01b
[1048] WARNING: SaveGame : Missing resource 'idDeclEntityDef:attachments/item/journal_peru_map_01b' while loading resource-table!
[1048] WARNING: decl couldn't read production file while loading loadoutweapon:item/idol
[1048] WARNING: SaveGame : Missing resource 'idDeclLoadoutWeapon:item/idol' while loading resource-table!
[1048] WARNING: decl couldn't read production file while loading entitydef:attachments/key_item/peru/goldenidol
[1048] WARNING: SaveGame : Missing resource 'idDeclEntityDef:attachments/key_item/peru/goldenidol' while loading resource-table!
[1048] WARNING: decl couldn't read production file while loading material2:models/characters/indiana_jones/adventurer/tex/ij_head_doublecross
[1048] WARNING: SaveGame : Missing resource 'idMaterial2:models/characters/indiana_jones/adventurer/tex/ij_head_doublecross' while loading resource-table!
[1048] WARNING: decl couldn't read production file while loading damage:throwable/no_damage
[1048] WARNING: SaveGame : Missing resource 'idDeclDamage:throwable/no_damage' while loading resource-table!
[1048] WARNING: Save Game [LEVEL_DATA] build version mismatch, expected '20250502-130137-148530_emerald-yellow' but found '20250813-152556-150040_brown-kelly'
[1048] Save Game slot file for 'LEVEL_DATA' has engine save version 52 and game save version 754
[1048] ----------- LoadMap(game/relic/college/college_night) ------------
[1048] Sound nav volume college_night has 2469 cells and 15312 edges
[1048] Spawning world
[1048] create and spawn the worldspawn
[1048] idMapInstanceLocal::LoadMap: adding initial layers from worldspawn
[1048] BatchLoad(aiaction): loaded 0 resources in serial in 0.000s (infus/resource)
[1048] BatchLoad(aitype): loaded 0 resources in serial in 0.000s (-nan(ind)us/resource)
[1048] spawn map entities
[1048] Found 1026 map entities
[1048] BatchLoad(model): loaded 1305 resources in serial in 0.000s (0.229us/resource)
[1048] BatchLoad(modelstream): loaded 87 resources in serial in 0.000s (0.264us/resource)
[1048] BatchLoad(vegetationdeformation): loaded 6 resources in serial in 0.000s (0.500us/resource)
[1048] MapFileStaticInstances info:
[1048] 	Num model instances = 7108
[1048] 	Num decals = 1709
[1048] 	Num scatter points = 0
[1048] 	Num sectors = 11
[1048] 	Num objects in sectors = 8817
[1048] 	Num uncovered objects in sectors = 1502
[1048] Skipped 0 non-production entities
[1048] Skipped 1462 savegame entities
[1048] Registered 0 map entities
[1048] Spawned Layers in the current map:
[1048] 	0: world
[1048] ---
[1048] Spawned Layers on next map load:[1048] ---
[1048] Initializing 0 entities
[1048] Spawning 0 entities
[1048] BatchLoad(havokshape): loaded 1113 resources in serial in 0.000s (0.335us/resource)
[1048] setup 365 static collision bodies (1 convex, 364 collision, 0 procedural)
[1048] WARNING: issue entity 'item/idol-actor_player_11_weapon6' - Failed to initialize weapon entity 'item/idol-actor_player_11_weapon6', weapon has no decl (!IsValid()). Destroying entity. while loading RunJobPrepared:idActiveWeaponInitializeJob
[1048] WARNING: issue entity 'item/journal_override-actor_player_11_weapon6_S_752' - failed to load rendermodel 'md6def/gameplay/interactables/peru_map_pieces_01a/peru_map_journal_01a/peru_map_journal_01b.md6', destroying entity 'item/journal_override-actor_player_11_weapon6_S_752' while loading idRenderModelInitializeJob:item/journal_override-actor_player_11_weapon6_S_752 from RunJobPrepared:idRenderModelInitializeJob
[1048] WARNING: issue entity 'item/idol-actor_player_11_weapon6' - failed to load rendermodel 'md6def/gameplay/interactables/goldenidol/goldenidol.md6', destroying entity 'item/idol-actor_player_11_weapon6' while loading idRenderModelInitializeJob:item/idol-actor_player_11_weapon6 from RunJobPrepared:idRenderModelInitializeJob
[1048] WARNING: issue entity 'item/journal_override-actor_player_11_weapon6_S_752' - Cannot create physics-shape for entity 'item/journal_override-actor_player_11_weapon6_S_752', RENDERMODEL_BOUNDS set with no model while loading idPhysicsInitializeJob:item/journal_override-actor_player_11_weapon6_S_752 from RunJobPrepared:idPhysicsInitializeJob
[1048] WARNING: issue entity 'item/journal_override-actor_player_11_weapon6_S_752' - Cannot create physics-shape for entity 'item/journal_override-actor_player_11_weapon6_S_752', RENDERMODEL_BOUNDS model has no volume while loading idPhysicsInitializeJob:item/journal_override-actor_player_11_weapon6_S_752 from RunJobPrepared:idPhysicsInitializeJob
[1048] WARNING: issue entity 'item/journal_override-actor_player_11_weapon6_S_752' - Failed to create physics shape, destroying entity 'item/journal_override-actor_player_11_weapon6_S_752' while loading idPhysicsInitializeJob:item/journal_override-actor_player_11_weapon6_S_752 from RunJobPrepared:idPhysicsInitializeJob
[1048] WARNING: issue entity 'item/idol-actor_player_11_weapon6' - Cannot create physics-shape for entity 'item/idol-actor_player_11_weapon6', RENDERMODEL_BOUNDS set with no model while loading idPhysicsInitializeJob:item/idol-actor_player_11_weapon6 from RunJobPrepared:idPhysicsInitializeJob
[1048] WARNING: issue entity 'item/idol-actor_player_11_weapon6' - Cannot create physics-shape for entity 'item/idol-actor_player_11_weapon6', RENDERMODEL_BOUNDS model has no volume while loading idPhysicsInitializeJob:item/idol-actor_player_11_weapon6 from RunJobPrepared:idPhysicsInitializeJob
[1048] WARNING: issue entity 'item/idol-actor_player_11_weapon6' - Failed to create physics shape, destroying entity 'item/idol-actor_player_11_weapon6' while loading idPhysicsInitializeJob:item/idol-actor_player_11_weapon6 from RunJobPrepared:idPhysicsInitializeJob
[1048] Create Referenced EntityDefs List
[1048] WARNING: Dangling reference in map: Entity "script_wat_mahathat_gameplay_water_moving" first referenced by "<unknown>"
[1048] WARNING: Dangling reference in map: Entity "script_wat_mahathat_gameplay_water_moving1" first referenced by "<unknown>"
[1048] WARNING: Dangling reference in map: Entity "script_wat_mahathat_dynamic_water_20" first referenced by "<unknown>"
[1048] ==== Processing events ====
[1048] ==== Processing events ====
[1048] Disabling all sectors and showing all models
[1048] Adding player: |CLI|Zerone_89
[1048] WARNING: idHybridPoseConstraintRigSetupInstance::RefreshInitForAnimator - Joint 'adventure_belt_01_Hybrid' invalid, while running 'models/characters/indiana_jones/adventurer/indiana_adventurer_hybrid.json' rigsetup on 'md6def/characters/standard/indiana_jones/indiana_wear_body.md6' while loading RunJobPrepared:idAnimationBlendJob
[1048] WARNING: idHybridPoseConstraintRigSetupInstance::RefreshInitForAnimator - Joint 'adventure_belt_02_Hybrid' invalid, while running 'models/characters/indiana_jones/adventurer/indiana_adventurer_hybrid.json' rigsetup on 'md6def/characters/standard/indiana_jones/indiana_wear_body.md6' while loading RunJobPrepared:idAnimationBlendJob
[1048] WARNING: idHybridPoseConstraintRigSetupInstance::RefreshInitForAnimator - Joint 'adventure_belt_02_Hybrid' invalid, while running 'models/characters/indiana_jones/adventurer/indiana_adventurer_hybrid.json' rigsetup on 'md6def/characters/standard/indiana_jones/indiana_wear_body.md6' while loading RunJobPrepared:idAnimationBlendJob
[1048] WARNING: idHybridPoseConstraintRigSetupInstance::RefreshInitForAnimator - Joint 'adventure_belt_02_Hybrid' invalid, while running 'models/characters/indiana_jones/adventurer/indiana_adventurer_hybrid.json' rigsetup on 'md6def/characters/standard/indiana_jones/indiana_wear_body.md6' while loading RunJobPrepared:idAnimationBlendJob
[1048] WARNING: idHybridPoseConstraintRigSetupInstance::RefreshInitForAnimator - Joint 'adventure_belt_03_Hybrid' invalid, while running 'models/characters/indiana_jones/adventurer/indiana_adventurer_hybrid.json' rigsetup on 'md6def/characters/standard/indiana_jones/indiana_wear_body.md6' while loading RunJobPrepared:idAnimationBlendJob
[1048] WARNING: idHybridPoseConstraintRigSetupInstance::RefreshInitForAnimator - Joint 'adventure_belt_03_Hybrid' invalid, while running 'models/characters/indiana_jones/adventurer/indiana_adventurer_hybrid.json' rigsetup on 'md6def/characters/standard/indiana_jones/indiana_wear_body.md6' while loading RunJobPrepared:idAnimationBlendJob
[1048] WARNING: idHybridPoseConstraintRigSetupInstance::RefreshInitForAnimator - Joint 'adventure_belt_03_Hybrid' invalid, while running 'models/characters/indiana_jones/adventurer/indiana_adventurer_hybrid.json' rigsetup on 'md6def/characters/standard/indiana_jones/indiana_wear_body.md6' while loading RunJobPrepared:idAnimationBlendJob
[1048] WARNING: idHybridPoseConstraintRigSetupInstance::RefreshInitForAnimator - Joint 'Holster_Hybrid' invalid, while running 'models/characters/indiana_jones/adventurer/indiana_adventurer_hybrid.json' rigsetup on 'md6def/characters/standard/indiana_jones/indiana_wear_body.md6' while loading RunJobPrepared:idAnimationBlendJob
[1048] WARNING: idHybridPoseConstraintRigSetupInstance::RefreshInitForAnimator - Joint 'Holster_Hybrid' invalid, while running 'models/characters/indiana_jones/adventurer/indiana_adventurer_hybrid.json' rigsetup on 'md6def/characters/standard/indiana_jones/indiana_wear_body.md6' while loading RunJobPrepared:idAnimationBlendJob
[1048] WARNING: idHybridPoseConstraintRigSetupInstance::RefreshInitForAnimator - Joint 'Holster_Hybrid' invalid, while running 'models/characters/indiana_jones/adventurer/indiana_adventurer_hybrid.json' rigsetup on 'md6def/characters/standard/indiana_jones/indiana_wear_body.md6' while loading RunJobPrepared:idAnimationBlendJob
[1048] WARNING: idHybridPoseConstraintRigSetupInstance::RefreshInitForAnimator - Joint 'Holster_Hybrid' invalid, while running 'models/characters/indiana_jones/adventurer/indiana_adventurer_hybrid.json' rigsetup on 'md6def/characters/standard/indiana_jones/indiana_wear_body.md6' while loading RunJobPrepared:idAnimationBlendJob
[1048] WARNING: idHybridPoseConstraintRigSetupInstance::RefreshInitForAnimator - Joint 'Holster_Hybrid' invalid, while running 'models/characters/indiana_jones/adventurer/indiana_adventurer_hybrid.json' rigsetup on 'md6def/characters/standard/indiana_jones/indiana_wear_body.md6' while loading RunJobPrepared:idAnimationBlendJob
[1048] WARNING: idHybridPoseConstraintRigSetupInstance::RefreshInitForAnimator - Joint 'Holster_Hybrid' invalid, while running 'models/characters/indiana_jones/adventurer/indiana_adventurer_hybrid.json' rigsetup on 'md6def/characters/standard/indiana_jones/indiana_wear_body.md6' while loading RunJobPrepared:idAnimationBlendJob
[1048] WARNING: idHybridPoseConstraintRigSetupInstance::RefreshInitForAnimator - Joint 'Gunbelt_Front_03_Hybrid' invalid, while running 'models/characters/indiana_jones/adventurer/indiana_adventurer_hybrid.json' rigsetup on 'md6def/characters/standard/indiana_jones/indiana_wear_body.md6' while loading RunJobPrepared:idAnimationBlendJob
[1048] WARNING: idHybridPoseConstraintRigSetupInstance::RefreshInitForAnimator - Joint 'Holster_Hybrid' invalid, while running 'models/characters/indiana_jones/adventurer/indiana_adventurer_hybrid.json' rigsetup on 'md6def/characters/standard/indiana_jones/indiana_wear_body.md6' while loading RunJobPrepared:idAnimationBlendJob
[1048] WARNING: idHybridPoseConstraintRigSetupInstance::RefreshInitForAnimator - Joint 'Gunbelt_Front_03_Hybrid' invalid, while running 'models/characters/indiana_jones/adventurer/indiana_adventurer_hybrid.json' rigsetup on 'md6def/characters/standard/indiana_jones/indiana_wear_body.md6' while loading RunJobPrepared:idAnimationBlendJob
[1048] WARNING: idHybridPoseConstraintRigSetupInstance::RefreshInitForAnimator - Joint 'Gunbelt_Front_02_Hybrid' invalid, while running 'models/characters/indiana_jones/adventurer/indiana_adventurer_hybrid.json' rigsetup on 'md6def/characters/standard/indiana_jones/indiana_wear_body.md6' while loading RunJobPrepared:idAnimationBlendJob
[1048] WARNING: idHybridPoseConstraintRigSetupInstance::RefreshInitForAnimator - Joint 'Gunbelt_Front_02_Hybrid' invalid, while running 'models/characters/indiana_jones/adventurer/indiana_adventurer_hybrid.json' rigsetup on 'md6def/characters/standard/indiana_jones/indiana_wear_body.md6' while loading RunJobPrepared:idAnimationBlendJob
[1048] WARNING: idHybridPoseConstraintRigSetupInstance::RefreshInitForAnimator - Joint 'Gunbelt_Front_02_Hybrid' invalid, while running 'models/characters/indiana_jones/adventurer/indiana_adventurer_hybrid.json' rigsetup on 'md6def/characters/standard/indiana_jones/indiana_wear_body.md6' while loading RunJobPrepared:idAnimationBlendJob
[1048] WARNING: idHybridPoseConstraintRigSetupInstance::RefreshInitForAnimator - Joint 'Gunbelt_Front_02_Hybrid' invalid, while running 'models/characters/indiana_jones/adventurer/indiana_adventurer_hybrid.json' rigsetup on 'md6def/characters/standard/indiana_jones/indiana_wear_body.md6' while loading RunJobPrepared:idAnimationBlendJob
[1048] WARNING: idHybridPoseConstraintRigSetupInstance::RefreshInitForAnimator - Joint 'Gunbelt_Front_03_Hybrid' invalid, while running 'models/characters/indiana_jones/adventurer/indiana_adventurer_hybrid.json' rigsetup on 'md6def/characters/standard/indiana_jones/indiana_wear_body.md6' while loading RunJobPrepared:idAnimationBlendJob
[1048] WARNING: idHybridPoseConstraintRigSetupInstance::RefreshInitForAnimator - Joint 'Gunbelt_Front_02_Hybrid' invalid, while running 'models/characters/indiana_jones/adventurer/indiana_adventurer_hybrid.json' rigsetup on 'md6def/characters/standard/indiana_jones/indiana_wear_body.md6' while loading RunJobPrepared:idAnimationBlendJob
[1048] WARNING: idHybridPoseConstraintRigSetupInstance::RefreshInitForAnimator - Joint 'Center_Crotch_Hybrid' invalid, while running 'models/characters/indiana_jones/adventurer/indiana_adventurer_hybrid.json' rigsetup on 'md6def/characters/standard/indiana_jones/indiana_wear_body.md6' while loading RunJobPrepared:idAnimationBlendJob
[1048] WARNING: idHybridPoseConstraintRigSetupInstance::RefreshInitForAnimator - Joint 'Center_Crotch_Hybrid' invalid, while running 'models/characters/indiana_jones/adventurer/indiana_adventurer_hybrid.json' rigsetup on 'md6def/characters/standard/indiana_jones/indiana_wear_body.md6' while loading RunJobPrepared:idAnimationBlendJob
[1048] WARNING: idHybridPoseConstraintRigSetupInstance::RefreshInitForAnimator - Joint 'Center_Crotch_Hybrid' invalid, while running 'models/characters/indiana_jones/adventurer/indiana_adventurer_hybrid.json' rigsetup on 'md6def/characters/standard/indiana_jones/indiana_wear_body.md6' while loading RunJobPrepared:idAnimationBlendJob
[1048] WARNING: idHybridPoseConstraintRigSetupInstance::RefreshInitForAnimator - Joint 'Center_Crotch_Hybrid' invalid, while running 'models/characters/indiana_jones/adventurer/indiana_adventurer_hybrid.json' rigsetup on 'md6def/characters/standard/indiana_jones/indiana_wear_body.md6' while loading RunJobPrepared:idAnimationBlendJob
[1048] WARNING: idHybridPoseConstraintRigSetupInstance::RefreshInitForAnimator - Joint 'Center_Crotch_Hybrid' invalid, while running 'models/characters/indiana_jones/adventurer/indiana_adventurer_hybrid.json' rigsetup on 'md6def/characters/standard/indiana_jones/indiana_wear_body.md6' while loading RunJobPrepared:idAnimationBlendJob
[1048] WARNING: idHybridPoseConstraintRigSetupInstance::RefreshInitForAnimator - Joint 'Gunbelt_Front_01_Hybrid' invalid, while running 'models/characters/indiana_jones/adventurer/indiana_adventurer_hybrid.json' rigsetup on 'md6def/characters/standard/indiana_jones/indiana_wear_body.md6' while loading RunJobPrepared:idAnimationBlendJob
[1048] WARNING: idHybridPoseConstraintRigSetupInstance::RefreshInitForAnimator - Joint 'Gunbelt_Front_02_Hybrid' invalid, while running 'models/characters/indiana_jones/adventurer/indiana_adventurer_hybrid.json' rigsetup on 'md6def/characters/standard/indiana_jones/indiana_wear_body.md6' while loading RunJobPrepared:idAnimationBlendJob
[1048] WARNING: idHybridPoseConstraintRigSetupInstance::RefreshInitForAnimator - Joint 'Gunbelt_Front_01_Hybrid' invalid, while running 'models/characters/indiana_jones/adventurer/indiana_adventurer_hybrid.json' rigsetup on 'md6def/characters/standard/indiana_jones/indiana_wear_body.md6' while loading RunJobPrepared:idAnimationBlendJob
[1048] WARNING: idHybridPoseConstraintRigSetupInstance::RefreshInitForAnimator - Joint 'satchelAim_Hybrid' invalid, while running 'models/characters/indiana_jones/adventurer/indiana_adventurer_hybrid.json' rigsetup on 'md6def/characters/standard/indiana_jones/indiana_wear_body.md6' while loading RunJobPrepared:idAnimationBlendJob
[1048] WARNING: idHybridPoseConstraintRigSetupInstance::RefreshInitForAnimator - Joint 'satchelAim_Hybrid' invalid, while running 'models/characters/indiana_jones/adventurer/indiana_adventurer_hybrid.json' rigsetup on 'md6def/characters/standard/indiana_jones/indiana_wear_body.md6' while loading RunJobPrepared:idAnimationBlendJob
[1048] WARNING: idHybridPoseConstraintRigSetupInstance::RefreshInitForAnimator - Joint 'satchel_Hybrid' invalid, while running 'models/characters/indiana_jones/adventurer/indiana_adventurer_hybrid.json' rigsetup on 'md6def/characters/standard/indiana_jones/indiana_wear_body.md6' while loading RunJobPrepared:idAnimationBlendJob
[1048] WARNING: idHybridPoseConstraintRigSetupInstance::RefreshInitForAnimator - Joint 'satchel_Hybrid' invalid, while running 'models/characters/indiana_jones/adventurer/indiana_adventurer_hybrid.json' rigsetup on 'md6def/characters/standard/indiana_jones/indiana_wear_body.md6' while loading RunJobPrepared:idAnimationBlendJob
[1048] WARNING: idHybridPoseConstraintRigSetupInstance::RefreshInitForAnimator - Joint 'satchel_Hybrid' invalid, while running 'models/characters/indiana_jones/adventurer/indiana_adventurer_hybrid.json' rigsetup on 'md6def/characters/standard/indiana_jones/indiana_wear_body.md6' while loading RunJobPrepared:idAnimationBlendJob
[1048] WARNING: idHybridPoseConstraintRigSetupInstance::RefreshInitForAnimator - Joint 'satchel_Hybrid' invalid, while running 'models/characters/indiana_jones/adventurer/indiana_adventurer_hybrid.json' rigsetup on 'md6def/characters/standard/indiana_jones/indiana_wear_body.md6' while loading RunJobPrepared:idAnimationBlendJob
[1048] WARNING: idHybridPoseConstraintRigSetupInstance::RefreshInitForAnimator - Joint 'satchelAim_Hybrid' invalid, while running 'models/characters/indiana_jones/adventurer/indiana_adventurer_hybrid.json' rigsetup on 'md6def/characters/standard/indiana_jones/indiana_wear_body.md6' while loading RunJobPrepared:idAnimationBlendJob
[1048] WARNING: idHybridPoseConstraintRigSetupInstance::RefreshInitForAnimator - Joint 'satchel_Hybrid' invalid, while running 'models/characters/indiana_jones/adventurer/indiana_adventurer_hybrid.json' rigsetup on 'md6def/characters/standard/indiana_jones/indiana_wear_body.md6' while loading RunJobPrepared:idAnimationBlendJob
[1048] WARNING: idHybridPoseConstraintRigSetupInstance::RefreshInitForAnimator - Joint 'satchelBody_Hybrid' invalid, while running 'models/characters/indiana_jones/adventurer/indiana_adventurer_hybrid.json' rigsetup on 'md6def/characters/standard/indiana_jones/indiana_wear_body.md6' while loading RunJobPrepared:idAnimationBlendJob
[1048] WARNING: idHybridPoseConstraintRigSetupInstance::RefreshInitForAnimator - Joint 'satchelBody_Hybrid' invalid, while running 'models/characters/indiana_jones/adventurer/indiana_adventurer_hybrid.json' rigsetup on 'md6def/characters/standard/indiana_jones/indiana_wear_body.md6' while loading RunJobPrepared:idAnimationBlendJob
[1048] WARNING: idHybridPoseConstraintRigSetupInstance::RefreshInitForAnimator - Joint 'satchelBody_Hybrid' invalid, while running 'models/characters/indiana_jones/adventurer/indiana_adventurer_hybrid.json' rigsetup on 'md6def/characters/standard/indiana_jones/indiana_wear_body.md6' while loading RunJobPrepared:idAnimationBlendJob
[1048] WARNING: idHybridPoseConstraintRigSetupInstance::RefreshInitForAnimator - Joint 'Gunbelt_Back_02_Hybrid' invalid, while running 'models/characters/indiana_jones/adventurer/indiana_adventurer_hybrid.json' rigsetup on 'md6def/characters/standard/indiana_jones/indiana_wear_body.md6' while loading RunJobPrepared:idAnimationBlendJob
[1048] WARNING: idHybridPoseConstraintRigSetupInstance::RefreshInitForAnimator - Joint 'Gunbelt_Back_02_Hybrid' invalid, while running 'models/characters/indiana_jones/adventurer/indiana_adventurer_hybrid.json' rigsetup on 'md6def/characters/standard/indiana_jones/indiana_wear_body.md6' while loading RunJobPrepared:idAnimationBlendJob
[1048] WARNING: idHybridPoseConstraintRigSetupInstance::RefreshInitForAnimator - Joint 'Gunbelt_Back_02_Hybrid' invalid, while running 'models/characters/indiana_jones/adventurer/indiana_adventurer_hybrid.json' rigsetup on 'md6def/characters/standard/indiana_jones/indiana_wear_body.md6' while loading RunJobPrepared:idAnimationBlendJob
[1048] WARNING: idHybridPoseConstraintRigSetupInstance::RefreshInitForAnimator - Joint 'Gunbelt_Back_02_Hybrid' invalid, while running 'models/characters/indiana_jones/adventurer/indiana_adventurer_hybrid.json' rigsetup on 'md6def/characters/standard/indiana_jones/indiana_wear_body.md6' while loading RunJobPrepared:idAnimationBlendJob
[1048] WARNING: idHybridPoseConstraintRigSetupInstance::RefreshInitForAnimator - Joint 'Holster_Hybrid' invalid, while running 'models/characters/indiana_jones/adventurer/indiana_adventurer_hybrid.json' rigsetup on 'md6def/characters/standard/indiana_jones/indiana_wear_body.md6' while loading RunJobPrepared:idAnimationBlendJob
[1048] WARNING: idHybridPoseConstraintRigSetupInstance::RefreshInitForAnimator - Joint 'Gunbelt_Back_02_Hybrid' invalid, while running 'models/characters/indiana_jones/adventurer/indiana_adventurer_hybrid.json' rigsetup on 'md6def/characters/standard/indiana_jones/indiana_wear_body.md6' while loading RunJobPrepared:idAnimationBlendJob
[1048] WARNING: idHybridPoseConstraintRigSetupInstance::RefreshInitForAnimator - Joint 'Gunbelt_Back_01_Hybrid' invalid, while running 'models/characters/indiana_jones/adventurer/indiana_adventurer_hybrid.json' rigsetup on 'md6def/characters/standard/indiana_jones/indiana_wear_body.md6' while loading RunJobPrepared:idAnimationBlendJob
[1048] WARNING: idHybridPoseConstraintRigSetupInstance::RefreshInitForAnimator - Joint 'Gunbelt_Back_02_Hybrid' invalid, while running 'models/characters/indiana_jones/adventurer/indiana_adventurer_hybrid.json' rigsetup on 'md6def/characters/standard/indiana_jones/indiana_wear_body.md6' while loading RunJobPrepared:idAnimationBlendJob
[1048] WARNING: idHybridPoseConstraintRigSetupInstance::RefreshInitForAnimator - Joint 'Gunbelt_Back_01_Hybrid' invalid, while running 'models/characters/indiana_jones/adventurer/indiana_adventurer_hybrid.json' rigsetup on 'md6def/characters/standard/indiana_jones/indiana_wear_body.md6' while loading RunJobPrepared:idAnimationBlendJob
[1048] WARNING: idHybridPoseConstraintRigSetupInstance::RefreshInitForAnimator - Joint 'satchel_frontStrap_Hybrid' invalid, while running 'models/characters/indiana_jones/adventurer/indiana_adventurer_hybrid.json' rigsetup on 'md6def/characters/standard/indiana_jones/indiana_wear_body.md6' while loading RunJobPrepared:idAnimationBlendJob
[1048] WARNING: idHybridPoseConstraintRigSetupInstance::RefreshInitForAnimator - Joint 'satchel_Hybrid' invalid, while running 'models/characters/indiana_jones/adventurer/indiana_adventurer_hybrid.json' rigsetup on 'md6def/characters/standard/indiana_jones/indiana_wear_body.md6' while loading RunJobPrepared:idAnimationBlendJob
[1048] WARNING: idHybridPoseConstraintRigSetupInstance::RefreshInitForAnimator - Joint 'satchel_Hybrid' invalid, while running 'models/characters/indiana_jones/adventurer/indiana_adventurer_hybrid.json' rigsetup on 'md6def/characters/standard/indiana_jones/indiana_wear_body.md6' while loading RunJobPrepared:idAnimationBlendJob
[1048] WARNING: idHybridPoseConstraintRigSetupInstance::RefreshInitForAnimator - Joint 'satchel_frontStrap_Hybrid' invalid, while running 'models/characters/indiana_jones/adventurer/indiana_adventurer_hybrid.json' rigsetup on 'md6def/characters/standard/indiana_jones/indiana_wear_body.md6' while loading RunJobPrepared:idAnimationBlendJob
[1048] WARNING: idHybridPoseConstraintRigSetupInstance::RefreshInitForAnimator - Joint 'satchel_backStrap_Hybrid' invalid, while running 'models/characters/indiana_jones/adventurer/indiana_adventurer_hybrid.json' rigsetup on 'md6def/characters/standard/indiana_jones/indiana_wear_body.md6' while loading RunJobPrepared:idAnimationBlendJob
[1048] WARNING: idHybridPoseConstraintRigSetupInstance::RefreshInitForAnimator - Joint 'satchel_Hybrid' invalid, while running 'models/characters/indiana_jones/adventurer/indiana_adventurer_hybrid.json' rigsetup on 'md6def/characters/standard/indiana_jones/indiana_wear_body.md6' while loading RunJobPrepared:idAnimationBlendJob
[1048] WARNING: idHybridPoseConstraintRigSetupInstance::RefreshInitForAnimator - Joint 'satchel_Hybrid' invalid, while running 'models/characters/indiana_jones/adventurer/indiana_adventurer_hybrid.json' rigsetup on 'md6def/characters/standard/indiana_jones/indiana_wear_body.md6' while loading RunJobPrepared:idAnimationBlendJob
[1048] WARNING: idHybridPoseConstraintRigSetupInstance::RefreshInitForAnimator - Joint 'satchel_backStrap_Hybrid' invalid, while running 'models/characters/indiana_jones/adventurer/indiana_adventurer_hybrid.json' rigsetup on 'md6def/characters/standard/indiana_jones/indiana_wear_body.md6' while loading RunJobPrepared:idAnimationBlendJob
[1048] WARNING: idHybridPoseConstraintRigSetupInstance::RefreshInitForAnimator - Joint 'satchel_frontStrap_Hybrid' invalid, while running 'models/characters/indiana_jones/adventurer/indiana_adventurer_hybrid.json' rigsetup on 'md6def/characters/standard/indiana_jones/indiana_wear_body.md6' while loading RunJobPrepared:idAnimationBlendJob
[1048] WARNING: idHybridPoseConstraintRigSetupInstance::RefreshInitForAnimator - Joint 'satchel_Hybrid' invalid, while running 'models/characters/indiana_jones/adventurer/indiana_adventurer_hybrid.json' rigsetup on 'md6def/characters/standard/indiana_jones/indiana_wear_body.md6' while loading RunJobPrepared:idAnimationBlendJob
[1048] WARNING: idHybridPoseConstraintRigSetupInstance::RefreshInitForAnimator - Joint 'satchel_frontStrap_Aim_Hybrid' invalid, while running 'models/characters/indiana_jones/adventurer/indiana_adventurer_hybrid.json' rigsetup on 'md6def/characters/standard/indiana_jones/indiana_wear_body.md6' while loading RunJobPrepared:idAnimationBlendJob
[1048] WARNING: idHybridPoseConstraintRigSetupInstance::RefreshInitForAnimator - Joint 'satchel_backStrap_Hybrid' invalid, while running 'models/characters/indiana_jones/adventurer/indiana_adventurer_hybrid.json' rigsetup on 'md6def/characters/standard/indiana_jones/indiana_wear_body.md6' while loading RunJobPrepared:idAnimationBlendJob
[1048] WARNING: idHybridPoseConstraintRigSetupInstance::RefreshInitForAnimator - Joint 'satchel_Hybrid' invalid, while running 'models/characters/indiana_jones/adventurer/indiana_adventurer_hybrid.json' rigsetup on 'md6def/characters/standard/indiana_jones/indiana_wear_body.md6' while loading RunJobPrepared:idAnimationBlendJob
[1048] WARNING: idHybridPoseConstraintRigSetupInstance::RefreshInitForAnimator - Joint 'satchel_backStrap_Aim_Hybrid' invalid, while running 'models/characters/indiana_jones/adventurer/indiana_adventurer_hybrid.json' rigsetup on 'md6def/characters/standard/indiana_jones/indiana_wear_body.md6' while loading RunJobPrepared:idAnimationBlendJob
[1048] WARNING: idHybridPoseConstraintRigSetupInstance::RefreshInitForAnimator - Joint 'Center_Back_Collar_Hybrid' invalid, while running 'models/characters/indiana_jones/adventurer/indiana_adventurer_hybrid.json' rigsetup on 'md6def/characters/standard/indiana_jones/indiana_wear_body.md6' while loading RunJobPrepared:idAnimationBlendJob
[1048] WARNING: idHybridPoseConstraintRigSetupInstance::RefreshInitForAnimator - Joint 'Left_Front_Collar_Hybrid' invalid, while running 'models/characters/indiana_jones/adventurer/indiana_adventurer_hybrid.json' rigsetup on 'md6def/characters/standard/indiana_jones/indiana_wear_body.md6' while loading RunJobPrepared:idAnimationBlendJob
[1048] WARNING: idHybridPoseConstraintRigSetupInstance::RefreshInitForAnimator - Joint 'Left_Middle_Collar_Hybrid' invalid, while running 'models/characters/indiana_jones/adventurer/indiana_adventurer_hybrid.json' rigsetup on 'md6def/characters/standard/indiana_jones/indiana_wear_body.md6' while loading RunJobPrepared:idAnimationBlendJob
[1048] WARNING: idHybridPoseConstraintRigSetupInstance::RefreshInitForAnimator - Joint 'LeftForeArmRoll_shirt_02_Hybrid' invalid, while running 'models/characters/indiana_jones/adventurer/indiana_adventurer_hybrid.json' rigsetup on 'md6def/characters/standard/indiana_jones/indiana_wear_body.md6' while loading RunJobPrepared:idAnimationBlendJob
[1048] WARNING: idHybridPoseConstraintRigSetupInstance::RefreshInitForAnimator - Joint 'LeftShoulder_Collider_Hybrid' invalid, while running 'models/characters/indiana_jones/adventurer/indiana_adventurer_hybrid.json' rigsetup on 'md6def/characters/standard/indiana_jones/indiana_wear_body.md6' while loading RunJobPrepared:idAnimationBlendJob
[1048] WARNING: idHybridPoseConstraintRigSetupInstance::RefreshInitForAnimator - Joint 'Right_Front_Collar_Hybrid' invalid, while running 'models/characters/indiana_jones/adventurer/indiana_adventurer_hybrid.json' rigsetup on 'md6def/characters/standard/indiana_jones/indiana_wear_body.md6' while loading RunJobPrepared:idAnimationBlendJob
[1048] WARNING: idHybridPoseConstraintRigSetupInstance::RefreshInitForAnimator - Joint 'Right_Middle_Collar_Hybrid' invalid, while running 'models/characters/indiana_jones/adventurer/indiana_adventurer_hybrid.json' rigsetup on 'md6def/characters/standard/indiana_jones/indiana_wear_body.md6' while loading RunJobPrepared:idAnimationBlendJob
[1048] WARNING: idHybridPoseConstraintRigSetupInstance::RefreshInitForAnimator - Joint 'RightForeArmRoll_shirt_02_Hybrid' invalid, while running 'models/characters/indiana_jones/adventurer/indiana_adventurer_hybrid.json' rigsetup on 'md6def/characters/standard/indiana_jones/indiana_wear_body.md6' while loading RunJobPrepared:idAnimationBlendJob
[1048] WARNING: idHybridPoseConstraintRigSetupInstance::RefreshInitForAnimator - Joint 'RightShoulder_Collider_Hybrid' invalid, while running 'models/characters/indiana_jones/adventurer/indiana_adventurer_hybrid.json' rigsetup on 'md6def/characters/standard/indiana_jones/indiana_wear_body.md6' while loading RunJobPrepared:idAnimationBlendJob
[1048] ---------- idRenderWorldLocal::SpecificationComplete ----------
[1048] --------------------------------------
[1048] Unknown command 'sys_dumpMemory'
[1048] Map loaded in 0.18 seconds.
[1048] 2025-09-19T23:33:56.968+08:00 LOG: Starting a match!
[1048] AllocMapInstance took 0.1990 seconds.
[1048] AllocMapInstance(game/relic/college/college_night) took 0.229 s
[1048]  0.2 total seconds for map load
[1048] Spent 116.560ms waiting on streaming prefetch (completed).
[1048] 0.5 seconds to load game/relic/college/college_night
[1048] idGameSystemLocal::SetState: State changing from idGameSystemLocal::GAME_STATE_LOADING to idGameSystemLocal::GAME_STATE_INGAME
[1048] idLoadScreen::LevelLoadCompleted()
[1048] ------------ Map change completed! ------------
  Map Name: game/relic/college/college_night

[1048] idLogicNodeRelicProgression::Activate - No chapter data exists for the current chapter yet, aborting
[1048] idLogicNodeRelicProgression::Activate - No chapter data exists for the current chapter yet, aborting
[1048] Prefetch complete.
  Total bytes read: 0.00MB
  Total seeks: 0
  Image
     Total bytes read: 0.00MB
     Total seeks: 0
       <=1KB    : 0
       <=16KB   : 0
       <=128KB  : 0
       <=256KB  : 0
       <=512KB  : 0
       rest     : 0
  Geometry
     Total bytes read: 0.00MB
     Total seeks: 0
       <=1KB    : 0
       <=16KB   : 0
       <=128KB  : 0
       <=256KB  : 0
       <=512KB  : 0
       rest     : 0
  Audio
     Total bytes read: 0.00MB
     Total seeks: 0
  Geom cache
     Total bytes read: 0.00MB
     Total seeks: 0
  Light probe
     Total bytes read: 0.00MB
     Total seeks: 0
  Video
     Total bytes read: 0.00MB
     Total seeks: 0
[1048] WARNING: SWF swf/common/base_screen_4k.swf: Material path is required but is unset on sprite m while executing logicscript:dynamic_widget(hud/systemic/element/swf_default_interaction) from RunJobPrepared:LogicUI Object Job
[1070] Save Game slot file for 'GAME_DATA' has engine save version 52 and game save version 792
[1070] WARNING: Save Game [LEVEL_DATA] build version mismatch, expected '20250502-130137-148530_emerald-yellow' but found '20250813-152556-150040_brown-kelly'
[1070] Save Game slot file for 'LEVEL_DATA' has engine save version 52 and game save version 754
[1070] Game Type:     singleplayer
[1070] Game Sub-Type: default
[1070] idGameSystemLocal::SetState: State changing from idGameSystemLocal::GAME_STATE_INGAME to idGameSystemLocal::GAME_STATE_LOADING
[1070] ExecuteMapChange: EndPlayingGame
[1070] Queueing EndPlayingGame
[1070] EndPlayingGame
[1070] NET: GameSessionLocalGameSession state: 3 (was 4)
[1070] StartPlayingGame
[1070] NET: GameSessionLocalGameSession state: 4 (was 3)
[1070] Modified CVars:
[1070] idGameSystemLocal::FreeMapInstance_Internal: Setting mapLocal = NULL
[1070] Checking to see if the chunk is installed now
[1070] Map change Async Job wait started
[1070] idMapInstanceLocal:Destructor 000001E6A5CD1D50
[1070] --------- Game Map Shutdown ----------
[1070] Removing index[11] that was player[|CLI|Zerone_89] 
[1070] idLogicUISystemController_InventoryController::EquipSatchel: Entity not in view
[1070] num total mega pages: 26
[1070] num total small pages: 3204
[1070] peak active small pages: 2963
[1070] ------------ Game Shutdown -----------
[1070] --------------------------------------
[1070] ------------------------------
[1070] Havok Garbage Collection
[1070] Havok memory statistics: 0 0
[1070] Havok memory statistics: 0 0
[1070] Havok Memory Freed: 0
[1070] ------------------------------
[1070] idVulkanMemoryAllocator::FreeEmptyBlocks: Freed    4.500 MiB
[1070] Reset Heap Job 
[1070] WaitForIdle took 1.76ms
[1070] Warning: The following swfs were not deleted:
[1070] loading/loading_info
[1070] GeomCacheStreamer shutdown took 0.00s
[1070] ImageStreaming flush maptextures took 0.00s
[1070] Reset 0 reference counters in heap 3. 1 available.
[1070] ---------- ResetHeap (Map) ----------
[1070] Reset Heap Job Done
[1070] CreatePersistMapFile took 0.000 msec
[1070] Prefetching world
[1070] Streaming prefetch at 23.170000 -5.710000 1.700000 (entity script_script_spawnpoint_fight)
[1070] allocated 1 Brush Render Models
[1070] --------- Initializing Game ----------
[1070] mapName: game/relic/college/college_night
[1070] gameFlags: 68
[1070] initialMap: 0
[1070] gamedate: Aug 13 2025
[1070] Setting up Component entity system instance
[1070] 	mode (instance)  = 0
[1070] 	isInBuildGame    = false
[1070] 	isSingle         = true
[1070] 	isAI             = true
[1070] 	isDemo           = false
[1070] 	isMainMenu       = false
[1070] 	isSaveSupported  = true
[1070] 	isDormancyEnabled = true
[1070] game initialized.
[1070] idMapInstanceLocal:Constructor 000001E6A5CD1D50
[1070] --------------------------------------
[1070] Save Game slot file for 'GAME_DATA' has engine save version 52 and game save version 792
[1070] WARNING: Save Game [LEVEL_DATA] build version mismatch, expected '20250502-130137-148530_emerald-yellow' but found '20250813-152556-150040_brown-kelly'
[1070] Save Game slot file for 'LEVEL_DATA' has engine save version 52 and game save version 754
[1070] Save Game slot file for 'GAME_DATA' has engine save version 52 and game save version 792
[1070] WARNING: decl couldn't read production file while loading entitydef:attachments/item/journal_peru_map_01b
[1070] WARNING: SaveGame : Missing resource 'idDeclEntityDef:attachments/item/journal_peru_map_01b' while loading resource-table!
[1070] WARNING: decl couldn't read production file while loading loadoutweapon:item/idol
[1070] WARNING: SaveGame : Missing resource 'idDeclLoadoutWeapon:item/idol' while loading resource-table!
[1070] WARNING: decl couldn't read production file while loading entitydef:attachments/key_item/peru/goldenidol
[1070] WARNING: SaveGame : Missing resource 'idDeclEntityDef:attachments/key_item/peru/goldenidol' while loading resource-table!
[1070] WARNING: decl couldn't read production file while loading material2:models/characters/indiana_jones/adventurer/tex/ij_head_doublecross
[1070] WARNING: SaveGame : Missing resource 'idMaterial2:models/characters/indiana_jones/adventurer/tex/ij_head_doublecross' while loading resource-table!
[1070] WARNING: decl couldn't read production file while loading damage:throwable/no_damage
[1070] WARNING: SaveGame : Missing resource 'idDeclDamage:throwable/no_damage' while loading resource-table!
[1070] WARNING: Save Game [LEVEL_DATA] build version mismatch, expected '20250502-130137-148530_emerald-yellow' but found '20250813-152556-150040_brown-kelly'
[1070] Save Game slot file for 'LEVEL_DATA' has engine save version 52 and game save version 754
[1070] ----------- LoadMap(game/relic/college/college_night) ------------
[1070] Sound nav volume college_night has 2469 cells and 15312 edges
[1070] Spawning world
[1070] create and spawn the worldspawn
[1070] idMapInstanceLocal::LoadMap: adding initial layers from worldspawn
[1070] BatchLoad(aiaction): loaded 0 resources in serial in 0.000s (-nan(ind)us/resource)
[1070] BatchLoad(aitype): loaded 0 resources in serial in 0.000s (-nan(ind)us/resource)
[1070] spawn map entities
[1070] Found 1026 map entities
[1070] BatchLoad(model): loaded 1305 resources in serial in 0.000s (0.195us/resource)
[1070] BatchLoad(modelstream): loaded 87 resources in serial in 0.000s (0.253us/resource)
[1070] BatchLoad(vegetationdeformation): loaded 6 resources in serial in 0.000s (0.500us/resource)
[1070] MapFileStaticInstances info:
[1070] 	Num model instances = 7108
[1070] 	Num decals = 1709
[1070] 	Num scatter points = 0
[1070] 	Num sectors = 11
[1070] 	Num objects in sectors = 8817
[1070] 	Num uncovered objects in sectors = 1502
[1070] Skipped 0 non-production entities
[1070] Skipped 1462 savegame entities
[1070] Registered 0 map entities
[1070] Spawned Layers in the current map:
[1070] 	0: world
[1070] ---
[1070] Spawned Layers on next map load:[1070] ---
[1070] Initializing 0 entities
[1070] Spawning 0 entities
[1070] BatchLoad(havokshape): loaded 1113 resources in serial in 0.000s (0.341us/resource)
[1070] setup 365 static collision bodies (1 convex, 364 collision, 0 procedural)
[1070] WARNING: issue entity 'item/idol-actor_player_11_weapon6' - Failed to initialize weapon entity 'item/idol-actor_player_11_weapon6', weapon has no decl (!IsValid()). Destroying entity. while loading RunJobPrepared:idActiveWeaponInitializeJob
[1070] WARNING: issue entity 'item/journal_override-actor_player_11_weapon6_S_752' - failed to load rendermodel 'md6def/gameplay/interactables/peru_map_pieces_01a/peru_map_journal_01a/peru_map_journal_01b.md6', destroying entity 'item/journal_override-actor_player_11_weapon6_S_752' while loading idRenderModelInitializeJob:item/journal_override-actor_player_11_weapon6_S_752 from RunJobPrepared:idRenderModelInitializeJob
[1070] WARNING: issue entity 'item/idol-actor_player_11_weapon6' - failed to load rendermodel 'md6def/gameplay/interactables/goldenidol/goldenidol.md6', destroying entity 'item/idol-actor_player_11_weapon6' while loading idRenderModelInitializeJob:item/idol-actor_player_11_weapon6 from RunJobPrepared:idRenderModelInitializeJob
[1070] WARNING: issue entity 'item/journal_override-actor_player_11_weapon6_S_752' - Cannot create physics-shape for entity 'item/journal_override-actor_player_11_weapon6_S_752', RENDERMODEL_BOUNDS set with no model while loading idPhysicsInitializeJob:item/journal_override-actor_player_11_weapon6_S_752 from RunJobPrepared:idPhysicsInitializeJob
[1070] WARNING: issue entity 'item/journal_override-actor_player_11_weapon6_S_752' - Cannot create physics-shape for entity 'item/journal_override-actor_player_11_weapon6_S_752', RENDERMODEL_BOUNDS model has no volume while loading idPhysicsInitializeJob:item/journal_override-actor_player_11_weapon6_S_752 from RunJobPrepared:idPhysicsInitializeJob
[1070] WARNING: issue entity 'item/journal_override-actor_player_11_weapon6_S_752' - Failed to create physics shape, destroying entity 'item/journal_override-actor_player_11_weapon6_S_752' while loading idPhysicsInitializeJob:item/journal_override-actor_player_11_weapon6_S_752 from RunJobPrepared:idPhysicsInitializeJob
[1070] WARNING: issue entity 'item/idol-actor_player_11_weapon6' - Cannot create physics-shape for entity 'item/idol-actor_player_11_weapon6', RENDERMODEL_BOUNDS set with no model while loading idPhysicsInitializeJob:item/idol-actor_player_11_weapon6 from RunJobPrepared:idPhysicsInitializeJob
[1070] WARNING: issue entity 'item/idol-actor_player_11_weapon6' - Cannot create physics-shape for entity 'item/idol-actor_player_11_weapon6', RENDERMODEL_BOUNDS model has no volume while loading idPhysicsInitializeJob:item/idol-actor_player_11_weapon6 from RunJobPrepared:idPhysicsInitializeJob
[1070] WARNING: issue entity 'item/idol-actor_player_11_weapon6' - Failed to create physics shape, destroying entity 'item/idol-actor_player_11_weapon6' while loading idPhysicsInitializeJob:item/idol-actor_player_11_weapon6 from RunJobPrepared:idPhysicsInitializeJob
[1070] Create Referenced EntityDefs List
[1070] WARNING: Dangling reference in map: Entity "script_wat_mahathat_gameplay_water_moving" first referenced by "<unknown>"
[1070] WARNING: Dangling reference in map: Entity "script_wat_mahathat_gameplay_water_moving1" first referenced by "<unknown>"
[1070] WARNING: Dangling reference in map: Entity "script_wat_mahathat_dynamic_water_20" first referenced by "<unknown>"
[1070] ==== Processing events ====
[1070] ==== Processing events ====
[1070] Disabling all sectors and showing all models
[1070] Adding player: |CLI|Zerone_89
[1070] WARNING: idHybridPoseConstraintRigSetupInstance::RefreshInitForAnimator - Joint 'adventure_belt_01_Hybrid' invalid, while running 'models/characters/indiana_jones/adventurer/indiana_adventurer_hybrid.json' rigsetup on 'md6def/characters/standard/indiana_jones/indiana_wear_body.md6' while loading RunJobPrepared:idAnimationBlendJob
[1070] WARNING: idHybridPoseConstraintRigSetupInstance::RefreshInitForAnimator - Joint 'adventure_belt_02_Hybrid' invalid, while running 'models/characters/indiana_jones/adventurer/indiana_adventurer_hybrid.json' rigsetup on 'md6def/characters/standard/indiana_jones/indiana_wear_body.md6' while loading RunJobPrepared:idAnimationBlendJob
[1070] WARNING: idHybridPoseConstraintRigSetupInstance::RefreshInitForAnimator - Joint 'adventure_belt_02_Hybrid' invalid, while running 'models/characters/indiana_jones/adventurer/indiana_adventurer_hybrid.json' rigsetup on 'md6def/characters/standard/indiana_jones/indiana_wear_body.md6' while loading RunJobPrepared:idAnimationBlendJob
[1070] WARNING: idHybridPoseConstraintRigSetupInstance::RefreshInitForAnimator - Joint 'adventure_belt_02_Hybrid' invalid, while running 'models/characters/indiana_jones/adventurer/indiana_adventurer_hybrid.json' rigsetup on 'md6def/characters/standard/indiana_jones/indiana_wear_body.md6' while loading RunJobPrepared:idAnimationBlendJob
[1070] WARNING: idHybridPoseConstraintRigSetupInstance::RefreshInitForAnimator - Joint 'adventure_belt_03_Hybrid' invalid, while running 'models/characters/indiana_jones/adventurer/indiana_adventurer_hybrid.json' rigsetup on 'md6def/characters/standard/indiana_jones/indiana_wear_body.md6' while loading RunJobPrepared:idAnimationBlendJob
[1070] WARNING: idHybridPoseConstraintRigSetupInstance::RefreshInitForAnimator - Joint 'adventure_belt_03_Hybrid' invalid, while running 'models/characters/indiana_jones/adventurer/indiana_adventurer_hybrid.json' rigsetup on 'md6def/characters/standard/indiana_jones/indiana_wear_body.md6' while loading RunJobPrepared:idAnimationBlendJob
[1070] WARNING: idHybridPoseConstraintRigSetupInstance::RefreshInitForAnimator - Joint 'adventure_belt_03_Hybrid' invalid, while running 'models/characters/indiana_jones/adventurer/indiana_adventurer_hybrid.json' rigsetup on 'md6def/characters/standard/indiana_jones/indiana_wear_body.md6' while loading RunJobPrepared:idAnimationBlendJob
[1070] WARNING: idHybridPoseConstraintRigSetupInstance::RefreshInitForAnimator - Joint 'Holster_Hybrid' invalid, while running 'models/characters/indiana_jones/adventurer/indiana_adventurer_hybrid.json' rigsetup on 'md6def/characters/standard/indiana_jones/indiana_wear_body.md6' while loading RunJobPrepared:idAnimationBlendJob
[1070] WARNING: idHybridPoseConstraintRigSetupInstance::RefreshInitForAnimator - Joint 'Holster_Hybrid' invalid, while running 'models/characters/indiana_jones/adventurer/indiana_adventurer_hybrid.json' rigsetup on 'md6def/characters/standard/indiana_jones/indiana_wear_body.md6' while loading RunJobPrepared:idAnimationBlendJob
[1070] WARNING: idHybridPoseConstraintRigSetupInstance::RefreshInitForAnimator - Joint 'Holster_Hybrid' invalid, while running 'models/characters/indiana_jones/adventurer/indiana_adventurer_hybrid.json' rigsetup on 'md6def/characters/standard/indiana_jones/indiana_wear_body.md6' while loading RunJobPrepared:idAnimationBlendJob
[1070] WARNING: idHybridPoseConstraintRigSetupInstance::RefreshInitForAnimator - Joint 'Holster_Hybrid' invalid, while running 'models/characters/indiana_jones/adventurer/indiana_adventurer_hybrid.json' rigsetup on 'md6def/characters/standard/indiana_jones/indiana_wear_body.md6' while loading RunJobPrepared:idAnimationBlendJob
[1070] WARNING: idHybridPoseConstraintRigSetupInstance::RefreshInitForAnimator - Joint 'Holster_Hybrid' invalid, while running 'models/characters/indiana_jones/adventurer/indiana_adventurer_hybrid.json' rigsetup on 'md6def/characters/standard/indiana_jones/indiana_wear_body.md6' while loading RunJobPrepared:idAnimationBlendJob
[1070] WARNING: idHybridPoseConstraintRigSetupInstance::RefreshInitForAnimator - Joint 'Holster_Hybrid' invalid, while running 'models/characters/indiana_jones/adventurer/indiana_adventurer_hybrid.json' rigsetup on 'md6def/characters/standard/indiana_jones/indiana_wear_body.md6' while loading RunJobPrepared:idAnimationBlendJob
[1070] WARNING: idHybridPoseConstraintRigSetupInstance::RefreshInitForAnimator - Joint 'Gunbelt_Front_03_Hybrid' invalid, while running 'models/characters/indiana_jones/adventurer/indiana_adventurer_hybrid.json' rigsetup on 'md6def/characters/standard/indiana_jones/indiana_wear_body.md6' while loading RunJobPrepared:idAnimationBlendJob
[1070] WARNING: idHybridPoseConstraintRigSetupInstance::RefreshInitForAnimator - Joint 'Holster_Hybrid' invalid, while running 'models/characters/indiana_jones/adventurer/indiana_adventurer_hybrid.json' rigsetup on 'md6def/characters/standard/indiana_jones/indiana_wear_body.md6' while loading RunJobPrepared:idAnimationBlendJob
[1070] WARNING: idHybridPoseConstraintRigSetupInstance::RefreshInitForAnimator - Joint 'Gunbelt_Front_03_Hybrid' invalid, while running 'models/characters/indiana_jones/adventurer/indiana_adventurer_hybrid.json' rigsetup on 'md6def/characters/standard/indiana_jones/indiana_wear_body.md6' while loading RunJobPrepared:idAnimationBlendJob
[1070] WARNING: idHybridPoseConstraintRigSetupInstance::RefreshInitForAnimator - Joint 'Gunbelt_Front_02_Hybrid' invalid, while running 'models/characters/indiana_jones/adventurer/indiana_adventurer_hybrid.json' rigsetup on 'md6def/characters/standard/indiana_jones/indiana_wear_body.md6' while loading RunJobPrepared:idAnimationBlendJob
[1070] WARNING: idHybridPoseConstraintRigSetupInstance::RefreshInitForAnimator - Joint 'Gunbelt_Front_02_Hybrid' invalid, while running 'models/characters/indiana_jones/adventurer/indiana_adventurer_hybrid.json' rigsetup on 'md6def/characters/standard/indiana_jones/indiana_wear_body.md6' while loading RunJobPrepared:idAnimationBlendJob
[1070] WARNING: idHybridPoseConstraintRigSetupInstance::RefreshInitForAnimator - Joint 'Gunbelt_Front_02_Hybrid' invalid, while running 'models/characters/indiana_jones/adventurer/indiana_adventurer_hybrid.json' rigsetup on 'md6def/characters/standard/indiana_jones/indiana_wear_body.md6' while loading RunJobPrepared:idAnimationBlendJob
[1070] WARNING: idHybridPoseConstraintRigSetupInstance::RefreshInitForAnimator - Joint 'Gunbelt_Front_02_Hybrid' invalid, while running 'models/characters/indiana_jones/adventurer/indiana_adventurer_hybrid.json' rigsetup on 'md6def/characters/standard/indiana_jones/indiana_wear_body.md6' while loading RunJobPrepared:idAnimationBlendJob
[1070] WARNING: idHybridPoseConstraintRigSetupInstance::RefreshInitForAnimator - Joint 'Gunbelt_Front_03_Hybrid' invalid, while running 'models/characters/indiana_jones/adventurer/indiana_adventurer_hybrid.json' rigsetup on 'md6def/characters/standard/indiana_jones/indiana_wear_body.md6' while loading RunJobPrepared:idAnimationBlendJob
[1070] WARNING: idHybridPoseConstraintRigSetupInstance::RefreshInitForAnimator - Joint 'Gunbelt_Front_02_Hybrid' invalid, while running 'models/characters/indiana_jones/adventurer/indiana_adventurer_hybrid.json' rigsetup on 'md6def/characters/standard/indiana_jones/indiana_wear_body.md6' while loading RunJobPrepared:idAnimationBlendJob
[1070] WARNING: idHybridPoseConstraintRigSetupInstance::RefreshInitForAnimator - Joint 'Center_Crotch_Hybrid' invalid, while running 'models/characters/indiana_jones/adventurer/indiana_adventurer_hybrid.json' rigsetup on 'md6def/characters/standard/indiana_jones/indiana_wear_body.md6' while loading RunJobPrepared:idAnimationBlendJob
[1070] WARNING: idHybridPoseConstraintRigSetupInstance::RefreshInitForAnimator - Joint 'Center_Crotch_Hybrid' invalid, while running 'models/characters/indiana_jones/adventurer/indiana_adventurer_hybrid.json' rigsetup on 'md6def/characters/standard/indiana_jones/indiana_wear_body.md6' while loading RunJobPrepared:idAnimationBlendJob
[1070] WARNING: idHybridPoseConstraintRigSetupInstance::RefreshInitForAnimator - Joint 'Center_Crotch_Hybrid' invalid, while running 'models/characters/indiana_jones/adventurer/indiana_adventurer_hybrid.json' rigsetup on 'md6def/characters/standard/indiana_jones/indiana_wear_body.md6' while loading RunJobPrepared:idAnimationBlendJob
[1070] WARNING: idHybridPoseConstraintRigSetupInstance::RefreshInitForAnimator - Joint 'Center_Crotch_Hybrid' invalid, while running 'models/characters/indiana_jones/adventurer/indiana_adventurer_hybrid.json' rigsetup on 'md6def/characters/standard/indiana_jones/indiana_wear_body.md6' while loading RunJobPrepared:idAnimationBlendJob
[1070] WARNING: idHybridPoseConstraintRigSetupInstance::RefreshInitForAnimator - Joint 'Center_Crotch_Hybrid' invalid, while running 'models/characters/indiana_jones/adventurer/indiana_adventurer_hybrid.json' rigsetup on 'md6def/characters/standard/indiana_jones/indiana_wear_body.md6' while loading RunJobPrepared:idAnimationBlendJob
[1070] WARNING: idHybridPoseConstraintRigSetupInstance::RefreshInitForAnimator - Joint 'Gunbelt_Front_01_Hybrid' invalid, while running 'models/characters/indiana_jones/adventurer/indiana_adventurer_hybrid.json' rigsetup on 'md6def/characters/standard/indiana_jones/indiana_wear_body.md6' while loading RunJobPrepared:idAnimationBlendJob
[1070] WARNING: idHybridPoseConstraintRigSetupInstance::RefreshInitForAnimator - Joint 'Gunbelt_Front_02_Hybrid' invalid, while running 'models/characters/indiana_jones/adventurer/indiana_adventurer_hybrid.json' rigsetup on 'md6def/characters/standard/indiana_jones/indiana_wear_body.md6' while loading RunJobPrepared:idAnimationBlendJob
[1070] WARNING: idHybridPoseConstraintRigSetupInstance::RefreshInitForAnimator - Joint 'Gunbelt_Front_01_Hybrid' invalid, while running 'models/characters/indiana_jones/adventurer/indiana_adventurer_hybrid.json' rigsetup on 'md6def/characters/standard/indiana_jones/indiana_wear_body.md6' while loading RunJobPrepared:idAnimationBlendJob
[1070] WARNING: idHybridPoseConstraintRigSetupInstance::RefreshInitForAnimator - Joint 'satchelAim_Hybrid' invalid, while running 'models/characters/indiana_jones/adventurer/indiana_adventurer_hybrid.json' rigsetup on 'md6def/characters/standard/indiana_jones/indiana_wear_body.md6' while loading RunJobPrepared:idAnimationBlendJob
[1070] WARNING: idHybridPoseConstraintRigSetupInstance::RefreshInitForAnimator - Joint 'satchelAim_Hybrid' invalid, while running 'models/characters/indiana_jones/adventurer/indiana_adventurer_hybrid.json' rigsetup on 'md6def/characters/standard/indiana_jones/indiana_wear_body.md6' while loading RunJobPrepared:idAnimationBlendJob
[1070] WARNING: idHybridPoseConstraintRigSetupInstance::RefreshInitForAnimator - Joint 'satchel_Hybrid' invalid, while running 'models/characters/indiana_jones/adventurer/indiana_adventurer_hybrid.json' rigsetup on 'md6def/characters/standard/indiana_jones/indiana_wear_body.md6' while loading RunJobPrepared:idAnimationBlendJob
[1070] WARNING: idHybridPoseConstraintRigSetupInstance::RefreshInitForAnimator - Joint 'satchel_Hybrid' invalid, while running 'models/characters/indiana_jones/adventurer/indiana_adventurer_hybrid.json' rigsetup on 'md6def/characters/standard/indiana_jones/indiana_wear_body.md6' while loading RunJobPrepared:idAnimationBlendJob
[1070] WARNING: idHybridPoseConstraintRigSetupInstance::RefreshInitForAnimator - Joint 'satchel_Hybrid' invalid, while running 'models/characters/indiana_jones/adventurer/indiana_adventurer_hybrid.json' rigsetup on 'md6def/characters/standard/indiana_jones/indiana_wear_body.md6' while loading RunJobPrepared:idAnimationBlendJob
[1070] WARNING: idHybridPoseConstraintRigSetupInstance::RefreshInitForAnimator - Joint 'satchel_Hybrid' invalid, while running 'models/characters/indiana_jones/adventurer/indiana_adventurer_hybrid.json' rigsetup on 'md6def/characters/standard/indiana_jones/indiana_wear_body.md6' while loading RunJobPrepared:idAnimationBlendJob
[1070] WARNING: idHybridPoseConstraintRigSetupInstance::RefreshInitForAnimator - Joint 'satchelAim_Hybrid' invalid, while running 'models/characters/indiana_jones/adventurer/indiana_adventurer_hybrid.json' rigsetup on 'md6def/characters/standard/indiana_jones/indiana_wear_body.md6' while loading RunJobPrepared:idAnimationBlendJob
[1070] WARNING: idHybridPoseConstraintRigSetupInstance::RefreshInitForAnimator - Joint 'satchel_Hybrid' invalid, while running 'models/characters/indiana_jones/adventurer/indiana_adventurer_hybrid.json' rigsetup on 'md6def/characters/standard/indiana_jones/indiana_wear_body.md6' while loading RunJobPrepared:idAnimationBlendJob
[1070] WARNING: idHybridPoseConstraintRigSetupInstance::RefreshInitForAnimator - Joint 'satchelBody_Hybrid' invalid, while running 'models/characters/indiana_jones/adventurer/indiana_adventurer_hybrid.json' rigsetup on 'md6def/characters/standard/indiana_jones/indiana_wear_body.md6' while loading RunJobPrepared:idAnimationBlendJob
[1070] WARNING: idHybridPoseConstraintRigSetupInstance::RefreshInitForAnimator - Joint 'satchelBody_Hybrid' invalid, while running 'models/characters/indiana_jones/adventurer/indiana_adventurer_hybrid.json' rigsetup on 'md6def/characters/standard/indiana_jones/indiana_wear_body.md6' while loading RunJobPrepared:idAnimationBlendJob
[1070] WARNING: idHybridPoseConstraintRigSetupInstance::RefreshInitForAnimator - Joint 'satchelBody_Hybrid' invalid, while running 'models/characters/indiana_jones/adventurer/indiana_adventurer_hybrid.json' rigsetup on 'md6def/characters/standard/indiana_jones/indiana_wear_body.md6' while loading RunJobPrepared:idAnimationBlendJob
[1070] WARNING: idHybridPoseConstraintRigSetupInstance::RefreshInitForAnimator - Joint 'Gunbelt_Back_02_Hybrid' invalid, while running 'models/characters/indiana_jones/adventurer/indiana_adventurer_hybrid.json' rigsetup on 'md6def/characters/standard/indiana_jones/indiana_wear_body.md6' while loading RunJobPrepared:idAnimationBlendJob
[1070] WARNING: idHybridPoseConstraintRigSetupInstance::RefreshInitForAnimator - Joint 'Gunbelt_Back_02_Hybrid' invalid, while running 'models/characters/indiana_jones/adventurer/indiana_adventurer_hybrid.json' rigsetup on 'md6def/characters/standard/indiana_jones/indiana_wear_body.md6' while loading RunJobPrepared:idAnimationBlendJob
[1070] WARNING: idHybridPoseConstraintRigSetupInstance::RefreshInitForAnimator - Joint 'Gunbelt_Back_02_Hybrid' invalid, while running 'models/characters/indiana_jones/adventurer/indiana_adventurer_hybrid.json' rigsetup on 'md6def/characters/standard/indiana_jones/indiana_wear_body.md6' while loading RunJobPrepared:idAnimationBlendJob
[1070] WARNING: idHybridPoseConstraintRigSetupInstance::RefreshInitForAnimator - Joint 'Gunbelt_Back_02_Hybrid' invalid, while running 'models/characters/indiana_jones/adventurer/indiana_adventurer_hybrid.json' rigsetup on 'md6def/characters/standard/indiana_jones/indiana_wear_body.md6' while loading RunJobPrepared:idAnimationBlendJob
[1070] WARNING: idHybridPoseConstraintRigSetupInstance::RefreshInitForAnimator - Joint 'Holster_Hybrid' invalid, while running 'models/characters/indiana_jones/adventurer/indiana_adventurer_hybrid.json' rigsetup on 'md6def/characters/standard/indiana_jones/indiana_wear_body.md6' while loading RunJobPrepared:idAnimationBlendJob
[1070] WARNING: idHybridPoseConstraintRigSetupInstance::RefreshInitForAnimator - Joint 'Gunbelt_Back_02_Hybrid' invalid, while running 'models/characters/indiana_jones/adventurer/indiana_adventurer_hybrid.json' rigsetup on 'md6def/characters/standard/indiana_jones/indiana_wear_body.md6' while loading RunJobPrepared:idAnimationBlendJob
[1070] WARNING: idHybridPoseConstraintRigSetupInstance::RefreshInitForAnimator - Joint 'Gunbelt_Back_01_Hybrid' invalid, while running 'models/characters/indiana_jones/adventurer/indiana_adventurer_hybrid.json' rigsetup on 'md6def/characters/standard/indiana_jones/indiana_wear_body.md6' while loading RunJobPrepared:idAnimationBlendJob
[1070] WARNING: idHybridPoseConstraintRigSetupInstance::RefreshInitForAnimator - Joint 'Gunbelt_Back_02_Hybrid' invalid, while running 'models/characters/indiana_jones/adventurer/indiana_adventurer_hybrid.json' rigsetup on 'md6def/characters/standard/indiana_jones/indiana_wear_body.md6' while loading RunJobPrepared:idAnimationBlendJob
[1070] WARNING: idHybridPoseConstraintRigSetupInstance::RefreshInitForAnimator - Joint 'Gunbelt_Back_01_Hybrid' invalid, while running 'models/characters/indiana_jones/adventurer/indiana_adventurer_hybrid.json' rigsetup on 'md6def/characters/standard/indiana_jones/indiana_wear_body.md6' while loading RunJobPrepared:idAnimationBlendJob
[1070] WARNING: idHybridPoseConstraintRigSetupInstance::RefreshInitForAnimator - Joint 'satchel_frontStrap_Hybrid' invalid, while running 'models/characters/indiana_jones/adventurer/indiana_adventurer_hybrid.json' rigsetup on 'md6def/characters/standard/indiana_jones/indiana_wear_body.md6' while loading RunJobPrepared:idAnimationBlendJob
[1070] WARNING: idHybridPoseConstraintRigSetupInstance::RefreshInitForAnimator - Joint 'satchel_Hybrid' invalid, while running 'models/characters/indiana_jones/adventurer/indiana_adventurer_hybrid.json' rigsetup on 'md6def/characters/standard/indiana_jones/indiana_wear_body.md6' while loading RunJobPrepared:idAnimationBlendJob
[1070] WARNING: idHybridPoseConstraintRigSetupInstance::RefreshInitForAnimator - Joint 'satchel_Hybrid' invalid, while running 'models/characters/indiana_jones/adventurer/indiana_adventurer_hybrid.json' rigsetup on 'md6def/characters/standard/indiana_jones/indiana_wear_body.md6' while loading RunJobPrepared:idAnimationBlendJob
[1070] WARNING: idHybridPoseConstraintRigSetupInstance::RefreshInitForAnimator - Joint 'satchel_frontStrap_Hybrid' invalid, while running 'models/characters/indiana_jones/adventurer/indiana_adventurer_hybrid.json' rigsetup on 'md6def/characters/standard/indiana_jones/indiana_wear_body.md6' while loading RunJobPrepared:idAnimationBlendJob
[1070] WARNING: idHybridPoseConstraintRigSetupInstance::RefreshInitForAnimator - Joint 'satchel_backStrap_Hybrid' invalid, while running 'models/characters/indiana_jones/adventurer/indiana_adventurer_hybrid.json' rigsetup on 'md6def/characters/standard/indiana_jones/indiana_wear_body.md6' while loading RunJobPrepared:idAnimationBlendJob
[1070] WARNING: idHybridPoseConstraintRigSetupInstance::RefreshInitForAnimator - Joint 'satchel_Hybrid' invalid, while running 'models/characters/indiana_jones/adventurer/indiana_adventurer_hybrid.json' rigsetup on 'md6def/characters/standard/indiana_jones/indiana_wear_body.md6' while loading RunJobPrepared:idAnimationBlendJob
[1070] WARNING: idHybridPoseConstraintRigSetupInstance::RefreshInitForAnimator - Joint 'satchel_Hybrid' invalid, while running 'models/characters/indiana_jones/adventurer/indiana_adventurer_hybrid.json' rigsetup on 'md6def/characters/standard/indiana_jones/indiana_wear_body.md6' while loading RunJobPrepared:idAnimationBlendJob
[1070] WARNING: idHybridPoseConstraintRigSetupInstance::RefreshInitForAnimator - Joint 'satchel_backStrap_Hybrid' invalid, while running 'models/characters/indiana_jones/adventurer/indiana_adventurer_hybrid.json' rigsetup on 'md6def/characters/standard/indiana_jones/indiana_wear_body.md6' while loading RunJobPrepared:idAnimationBlendJob
[1070] WARNING: idHybridPoseConstraintRigSetupInstance::RefreshInitForAnimator - Joint 'satchel_frontStrap_Hybrid' invalid, while running 'models/characters/indiana_jones/adventurer/indiana_adventurer_hybrid.json' rigsetup on 'md6def/characters/standard/indiana_jones/indiana_wear_body.md6' while loading RunJobPrepared:idAnimationBlendJob
[1070] WARNING: idHybridPoseConstraintRigSetupInstance::RefreshInitForAnimator - Joint 'satchel_Hybrid' invalid, while running 'models/characters/indiana_jones/adventurer/indiana_adventurer_hybrid.json' rigsetup on 'md6def/characters/standard/indiana_jones/indiana_wear_body.md6' while loading RunJobPrepared:idAnimationBlendJob
[1070] WARNING: idHybridPoseConstraintRigSetupInstance::RefreshInitForAnimator - Joint 'satchel_frontStrap_Aim_Hybrid' invalid, while running 'models/characters/indiana_jones/adventurer/indiana_adventurer_hybrid.json' rigsetup on 'md6def/characters/standard/indiana_jones/indiana_wear_body.md6' while loading RunJobPrepared:idAnimationBlendJob
[1070] WARNING: idHybridPoseConstraintRigSetupInstance::RefreshInitForAnimator - Joint 'satchel_backStrap_Hybrid' invalid, while running 'models/characters/indiana_jones/adventurer/indiana_adventurer_hybrid.json' rigsetup on 'md6def/characters/standard/indiana_jones/indiana_wear_body.md6' while loading RunJobPrepared:idAnimationBlendJob
[1070] WARNING: idHybridPoseConstraintRigSetupInstance::RefreshInitForAnimator - Joint 'satchel_Hybrid' invalid, while running 'models/characters/indiana_jones/adventurer/indiana_adventurer_hybrid.json' rigsetup on 'md6def/characters/standard/indiana_jones/indiana_wear_body.md6' while loading RunJobPrepared:idAnimationBlendJob
[1070] WARNING: idHybridPoseConstraintRigSetupInstance::RefreshInitForAnimator - Joint 'satchel_backStrap_Aim_Hybrid' invalid, while running 'models/characters/indiana_jones/adventurer/indiana_adventurer_hybrid.json' rigsetup on 'md6def/characters/standard/indiana_jones/indiana_wear_body.md6' while loading RunJobPrepared:idAnimationBlendJob
[1070] WARNING: idHybridPoseConstraintRigSetupInstance::RefreshInitForAnimator - Joint 'Center_Back_Collar_Hybrid' invalid, while running 'models/characters/indiana_jones/adventurer/indiana_adventurer_hybrid.json' rigsetup on 'md6def/characters/standard/indiana_jones/indiana_wear_body.md6' while loading RunJobPrepared:idAnimationBlendJob
[1070] WARNING: idHybridPoseConstraintRigSetupInstance::RefreshInitForAnimator - Joint 'Left_Front_Collar_Hybrid' invalid, while running 'models/characters/indiana_jones/adventurer/indiana_adventurer_hybrid.json' rigsetup on 'md6def/characters/standard/indiana_jones/indiana_wear_body.md6' while loading RunJobPrepared:idAnimationBlendJob
[1070] WARNING: idHybridPoseConstraintRigSetupInstance::RefreshInitForAnimator - Joint 'Left_Middle_Collar_Hybrid' invalid, while running 'models/characters/indiana_jones/adventurer/indiana_adventurer_hybrid.json' rigsetup on 'md6def/characters/standard/indiana_jones/indiana_wear_body.md6' while loading RunJobPrepared:idAnimationBlendJob
[1070] WARNING: idHybridPoseConstraintRigSetupInstance::RefreshInitForAnimator - Joint 'LeftForeArmRoll_shirt_02_Hybrid' invalid, while running 'models/characters/indiana_jones/adventurer/indiana_adventurer_hybrid.json' rigsetup on 'md6def/characters/standard/indiana_jones/indiana_wear_body.md6' while loading RunJobPrepared:idAnimationBlendJob
[1070] WARNING: idHybridPoseConstraintRigSetupInstance::RefreshInitForAnimator - Joint 'LeftShoulder_Collider_Hybrid' invalid, while running 'models/characters/indiana_jones/adventurer/indiana_adventurer_hybrid.json' rigsetup on 'md6def/characters/standard/indiana_jones/indiana_wear_body.md6' while loading RunJobPrepared:idAnimationBlendJob
[1070] WARNING: idHybridPoseConstraintRigSetupInstance::RefreshInitForAnimator - Joint 'Right_Front_Collar_Hybrid' invalid, while running 'models/characters/indiana_jones/adventurer/indiana_adventurer_hybrid.json' rigsetup on 'md6def/characters/standard/indiana_jones/indiana_wear_body.md6' while loading RunJobPrepared:idAnimationBlendJob
[1070] WARNING: idHybridPoseConstraintRigSetupInstance::RefreshInitForAnimator - Joint 'Right_Middle_Collar_Hybrid' invalid, while running 'models/characters/indiana_jones/adventurer/indiana_adventurer_hybrid.json' rigsetup on 'md6def/characters/standard/indiana_jones/indiana_wear_body.md6' while loading RunJobPrepared:idAnimationBlendJob
[1070] WARNING: idHybridPoseConstraintRigSetupInstance::RefreshInitForAnimator - Joint 'RightForeArmRoll_shirt_02_Hybrid' invalid, while running 'models/characters/indiana_jones/adventurer/indiana_adventurer_hybrid.json' rigsetup on 'md6def/characters/standard/indiana_jones/indiana_wear_body.md6' while loading RunJobPrepared:idAnimationBlendJob
[1070] WARNING: idHybridPoseConstraintRigSetupInstance::RefreshInitForAnimator - Joint 'RightShoulder_Collider_Hybrid' invalid, while running 'models/characters/indiana_jones/adventurer/indiana_adventurer_hybrid.json' rigsetup on 'md6def/characters/standard/indiana_jones/indiana_wear_body.md6' while loading RunJobPrepared:idAnimationBlendJob
[1070] ---------- idRenderWorldLocal::SpecificationComplete ----------
[1070] --------------------------------------
[1070] Unknown command 'sys_dumpMemory'
[1070] Map loaded in 0.17 seconds.
[1070] 2025-09-19T23:34:19.222+08:00 LOG: Starting a match!
[1070] AllocMapInstance took 0.1970 seconds.
[1070] AllocMapInstance(game/relic/college/college_night) took 0.227 s
[1070]  0.2 total seconds for map load
[1070] Spent 84.014ms waiting on streaming prefetch (completed).
[1070] 0.4 seconds to load game/relic/college/college_night
[1070] idGameSystemLocal::SetState: State changing from idGameSystemLocal::GAME_STATE_LOADING to idGameSystemLocal::GAME_STATE_INGAME
[1070] idLoadScreen::LevelLoadCompleted()
[1070] ------------ Map change completed! ------------
  Map Name: game/relic/college/college_night

[1070] idLogicNodeRelicProgression::Activate - No chapter data exists for the current chapter yet, aborting
[1070] idLogicNodeRelicProgression::Activate - No chapter data exists for the current chapter yet, aborting
[1070] Prefetch complete.
  Total bytes read: 0.00MB
  Total seeks: 0
  Image
     Total bytes read: 0.00MB
     Total seeks: 0
       <=1KB    : 0
       <=16KB   : 0
       <=128KB  : 0
       <=256KB  : 0
       <=512KB  : 0
       rest     : 0
  Geometry
     Total bytes read: 0.00MB
     Total seeks: 0
       <=1KB    : 0
       <=16KB   : 0
       <=128KB  : 0
       <=256KB  : 0
       <=512KB  : 0
       rest     : 0
  Audio
     Total bytes read: 0.00MB
     Total seeks: 0
  Geom cache
     Total bytes read: 0.00MB
     Total seeks: 0
  Light probe
     Total bytes read: 0.00MB
     Total seeks: 0
  Video
     Total bytes read: 0.00MB
     Total seeks: 0
[1070] WARNING: SWF swf/common/base_screen_4k.swf: Material path is required but is unset on sprite m while executing logicscript:dynamic_widget(hud/systemic/element/swf_default_interaction) from RunJobPrepared:LogicUI Object Job
[1104] SWF defragging swf/common/base_screen_4k.swf
[1105] idPlayerProfile::Serialize - START
[1105] idPlayerProfileShell::InternalSerialize - START
[1105] idPlayerProfileShell::InternalSerialize - END
[1105] idPlayerProfile::Serialize - END
[1105] idPlayerProfile::SerializeCommon - START
[1105] idPlayerProfileShell::InternalSerializeCommon - START
[1105] idPlayerProfileShell::InternalSerializeCommon - END
[1105] idPlayerProfile::SerializeCommon - END
[1105] --------------SAVEGAME-----------
[1105] Game saved.
[1105] ----------END SAVEGAME-----------
[1111] idGameSystemLocal::SetState: State changing from idGameSystemLocal::GAME_STATE_INGAME to idGameSystemLocal::GAME_STATE_LOADING
[1111] ExecuteMapChange: EndPlayingGame
[1111] Queueing EndPlayingGame
[1111] EndPlayingGame
[1111] NET: GameSessionLocalGameSession state: 3 (was 4)
[1111] StartPlayingGame
[1111] NET: GameSessionLocalGameSession state: 4 (was 3)
[1111] Modified CVars:
[1111] Cvar 'ui_settings_stealth_hud' was modified to '1' 
[1111] Cvar 'g_player_incoming_damage_index' was modified to '1' 
[1111] Cvar 'g_max_ranged_attackers_index' was modified to '1' 
[1111] Cvar 'g_max_melee_attackers_index' was modified to '1' 
[1111] Cvar 'g_ai_prespot_multiplier_index' was modified to '1' 
[1111] Cvar 'g_setting_stamina_fast_regeneration' was modified to '0' 
[1111] Cvar 'g_setting_melee_autoparry' was modified to '0' 
[1111] idGameSystemLocal::FreeMapInstance_Internal: Setting mapLocal = NULL
[1111] Checking to see if the chunk is installed now
[1112] Map change Async Job wait started
[1112] idMapInstanceLocal:Destructor 000001E6A5CD1D50
[1112] --------- Game Map Shutdown ----------
[1112] Removing index[11] that was player[|CLI|Zerone_89] 
[1112] idLogicUISystemController_InventoryController::EquipSatchel: Entity not in view
[1112] num total mega pages: 26
[1112] num total small pages: 3511
[1112] peak active small pages: 3235
[1112] ------------ Game Shutdown -----------
[1112] --------------------------------------
[1112] ------------------------------
[1112] Havok Garbage Collection
[1112] Havok memory statistics: 0 0
[1112] Havok memory statistics: 0 0
[1112] Havok Memory Freed: 0
[1112] ------------------------------
[1112] idVulkanMemoryAllocator::FreeEmptyBlocks: Freed    8.125 MiB
[1112] Reset Heap Job 
[1112] WaitForIdle took 3.69ms
[1112] Warning: The following swfs were not deleted:
[1112] loading/loading_info
[1112] GeomCacheStreamer shutdown took 0.00s
[1112] ImageStreaming flush maptextures took 0.00s
[1112] Reset 0 reference counters in heap 3. 1 available.
[1112] ---------- ResetHeap (Map) ----------
[1112] Reset Heap Job Done
[1112] CreatePersistMapFile took 0.000 msec
[1112] Prefetching world
[1112] Streaming prefetch at 23.170000 -5.710000 1.700000 (entity script_script_spawnpoint_fight)
[1112] allocated 1 Brush Render Models
[1112] --------- Initializing Game ----------
[1112] mapName: game/relic/college/college_night
[1112] gameFlags: 68
[1112] initialMap: 0
[1112] gamedate: Aug 13 2025
[1112] Setting up Component entity system instance
[1112] 	mode (instance)  = 0
[1112] 	isInBuildGame    = false
[1112] 	isSingle         = true
[1112] 	isAI             = true
[1112] 	isDemo           = false
[1112] 	isMainMenu       = false
[1112] 	isSaveSupported  = true
[1112] 	isDormancyEnabled = true
[1112] game initialized.
[1112] idMapInstanceLocal:Constructor 000001E6A5CD1D50
[1112] --------------------------------------
[1112] Save Game slot file for 'GAME_DATA' has engine save version 52 and game save version 792
[1112] WARNING: Save Game [LEVEL_DATA] build version mismatch, expected '20250502-130137-148530_emerald-yellow' but found '20250813-152556-150040_brown-kelly'
[1112] Save Game slot file for 'LEVEL_DATA' has engine save version 52 and game save version 754
[1112] Save Game slot file for 'GAME_DATA' has engine save version 52 and game save version 792
[1112] WARNING: decl couldn't read production file while loading entitydef:attachments/item/journal_peru_map_01b
[1112] WARNING: SaveGame : Missing resource 'idDeclEntityDef:attachments/item/journal_peru_map_01b' while loading resource-table!
[1112] WARNING: decl couldn't read production file while loading loadoutweapon:item/idol
[1112] WARNING: SaveGame : Missing resource 'idDeclLoadoutWeapon:item/idol' while loading resource-table!
[1112] WARNING: decl couldn't read production file while loading entitydef:attachments/key_item/peru/goldenidol
[1112] WARNING: SaveGame : Missing resource 'idDeclEntityDef:attachments/key_item/peru/goldenidol' while loading resource-table!
[1112] WARNING: decl couldn't read production file while loading material2:models/characters/indiana_jones/adventurer/tex/ij_head_doublecross
[1112] WARNING: SaveGame : Missing resource 'idMaterial2:models/characters/indiana_jones/adventurer/tex/ij_head_doublecross' while loading resource-table!
[1112] WARNING: decl couldn't read production file while loading damage:throwable/no_damage
[1112] WARNING: SaveGame : Missing resource 'idDeclDamage:throwable/no_damage' while loading resource-table!
[1112] WARNING: Save Game [LEVEL_DATA] build version mismatch, expected '20250502-130137-148530_emerald-yellow' but found '20250813-152556-150040_brown-kelly'
[1112] Save Game slot file for 'LEVEL_DATA' has engine save version 52 and game save version 754
[1112] ----------- LoadMap(game/relic/college/college_night) ------------
[1112] Sound nav volume college_night has 2469 cells and 15312 edges
[1112] Spawning world
[1112] create and spawn the worldspawn
[1112] idMapInstanceLocal::LoadMap: adding initial layers from worldspawn
[1112] BatchLoad(aiaction): loaded 0 resources in serial in 0.000s (-nan(ind)us/resource)
[1112] BatchLoad(aitype): loaded 0 resources in serial in 0.000s (-nan(ind)us/resource)
[1112] spawn map entities
[1112] Found 1026 map entities
[1112] BatchLoad(model): loaded 1305 resources in serial in 0.000s (0.190us/resource)
[1112] BatchLoad(modelstream): loaded 87 resources in serial in 0.000s (0.253us/resource)
[1112] BatchLoad(vegetationdeformation): loaded 6 resources in serial in 0.000s (0.333us/resource)
[1112] MapFileStaticInstances info:
[1112] 	Num model instances = 7108
[1112] 	Num decals = 1709
[1112] 	Num scatter points = 0
[1112] 	Num sectors = 11
[1112] 	Num objects in sectors = 8817
[1112] 	Num uncovered objects in sectors = 1502
[1112] Skipped 0 non-production entities
[1112] Skipped 1462 savegame entities
[1112] Registered 0 map entities
[1112] Spawned Layers in the current map:
[1112] 	0: world
[1112] ---
[1112] Spawned Layers on next map load:[1112] ---
[1112] Initializing 0 entities
[1112] Spawning 0 entities
[1112] BatchLoad(havokshape): loaded 1113 resources in serial in 0.000s (0.324us/resource)
[1112] setup 365 static collision bodies (1 convex, 364 collision, 0 procedural)
[1112] WARNING: issue entity 'item/idol-actor_player_11_weapon6' - Failed to initialize weapon entity 'item/idol-actor_player_11_weapon6', weapon has no decl (!IsValid()). Destroying entity. while loading RunJobPrepared:idActiveWeaponInitializeJob
[1112] WARNING: issue entity 'item/journal_override-actor_player_11_weapon6_S_752' - failed to load rendermodel 'md6def/gameplay/interactables/peru_map_pieces_01a/peru_map_journal_01a/peru_map_journal_01b.md6', destroying entity 'item/journal_override-actor_player_11_weapon6_S_752' while loading idRenderModelInitializeJob:item/journal_override-actor_player_11_weapon6_S_752 from RunJobPrepared:idRenderModelInitializeJob
[1112] WARNING: issue entity 'item/idol-actor_player_11_weapon6' - failed to load rendermodel 'md6def/gameplay/interactables/goldenidol/goldenidol.md6', destroying entity 'item/idol-actor_player_11_weapon6' while loading idRenderModelInitializeJob:item/idol-actor_player_11_weapon6 from RunJobPrepared:idRenderModelInitializeJob
[1112] WARNING: issue entity 'item/journal_override-actor_player_11_weapon6_S_752' - Cannot create physics-shape for entity 'item/journal_override-actor_player_11_weapon6_S_752', RENDERMODEL_BOUNDS set with no model while loading idPhysicsInitializeJob:item/journal_override-actor_player_11_weapon6_S_752 from RunJobPrepared:idPhysicsInitializeJob
[1112] WARNING: issue entity 'item/journal_override-actor_player_11_weapon6_S_752' - Cannot create physics-shape for entity 'item/journal_override-actor_player_11_weapon6_S_752', RENDERMODEL_BOUNDS model has no volume while loading idPhysicsInitializeJob:item/journal_override-actor_player_11_weapon6_S_752 from RunJobPrepared:idPhysicsInitializeJob
[1112] WARNING: issue entity 'item/journal_override-actor_player_11_weapon6_S_752' - Failed to create physics shape, destroying entity 'item/journal_override-actor_player_11_weapon6_S_752' while loading idPhysicsInitializeJob:item/journal_override-actor_player_11_weapon6_S_752 from RunJobPrepared:idPhysicsInitializeJob
[1112] WARNING: issue entity 'item/idol-actor_player_11_weapon6' - Cannot create physics-shape for entity 'item/idol-actor_player_11_weapon6', RENDERMODEL_BOUNDS set with no model while loading idPhysicsInitializeJob:item/idol-actor_player_11_weapon6 from RunJobPrepared:idPhysicsInitializeJob
[1112] WARNING: issue entity 'item/idol-actor_player_11_weapon6' - Cannot create physics-shape for entity 'item/idol-actor_player_11_weapon6', RENDERMODEL_BOUNDS model has no volume while loading idPhysicsInitializeJob:item/idol-actor_player_11_weapon6 from RunJobPrepared:idPhysicsInitializeJob
[1112] WARNING: issue entity 'item/idol-actor_player_11_weapon6' - Failed to create physics shape, destroying entity 'item/idol-actor_player_11_weapon6' while loading idPhysicsInitializeJob:item/idol-actor_player_11_weapon6 from RunJobPrepared:idPhysicsInitializeJob
[1112] Create Referenced EntityDefs List
[1112] WARNING: Dangling reference in map: Entity "script_wat_mahathat_gameplay_water_moving" first referenced by "<unknown>"
[1112] WARNING: Dangling reference in map: Entity "script_wat_mahathat_gameplay_water_moving1" first referenced by "<unknown>"
[1112] WARNING: Dangling reference in map: Entity "script_wat_mahathat_dynamic_water_20" first referenced by "<unknown>"
[1112] ==== Processing events ====
[1112] ==== Processing events ====
[1112] Disabling all sectors and showing all models
[1112] Adding player: |CLI|Zerone_89
[1112] WARNING: idHybridPoseConstraintRigSetupInstance::RefreshInitForAnimator - Joint 'adventure_belt_01_Hybrid' invalid, while running 'models/characters/indiana_jones/adventurer/indiana_adventurer_hybrid.json' rigsetup on 'md6def/characters/standard/indiana_jones/indiana_wear_body.md6' while loading RunJobPrepared:idAnimationBlendJob
[1112] WARNING: idHybridPoseConstraintRigSetupInstance::RefreshInitForAnimator - Joint 'adventure_belt_02_Hybrid' invalid, while running 'models/characters/indiana_jones/adventurer/indiana_adventurer_hybrid.json' rigsetup on 'md6def/characters/standard/indiana_jones/indiana_wear_body.md6' while loading RunJobPrepared:idAnimationBlendJob
[1112] WARNING: idHybridPoseConstraintRigSetupInstance::RefreshInitForAnimator - Joint 'adventure_belt_02_Hybrid' invalid, while running 'models/characters/indiana_jones/adventurer/indiana_adventurer_hybrid.json' rigsetup on 'md6def/characters/standard/indiana_jones/indiana_wear_body.md6' while loading RunJobPrepared:idAnimationBlendJob
[1112] WARNING: idHybridPoseConstraintRigSetupInstance::RefreshInitForAnimator - Joint 'adventure_belt_02_Hybrid' invalid, while running 'models/characters/indiana_jones/adventurer/indiana_adventurer_hybrid.json' rigsetup on 'md6def/characters/standard/indiana_jones/indiana_wear_body.md6' while loading RunJobPrepared:idAnimationBlendJob
[1112] WARNING: idHybridPoseConstraintRigSetupInstance::RefreshInitForAnimator - Joint 'adventure_belt_03_Hybrid' invalid, while running 'models/characters/indiana_jones/adventurer/indiana_adventurer_hybrid.json' rigsetup on 'md6def/characters/standard/indiana_jones/indiana_wear_body.md6' while loading RunJobPrepared:idAnimationBlendJob
[1112] WARNING: idHybridPoseConstraintRigSetupInstance::RefreshInitForAnimator - Joint 'adventure_belt_03_Hybrid' invalid, while running 'models/characters/indiana_jones/adventurer/indiana_adventurer_hybrid.json' rigsetup on 'md6def/characters/standard/indiana_jones/indiana_wear_body.md6' while loading RunJobPrepared:idAnimationBlendJob
[1112] WARNING: idHybridPoseConstraintRigSetupInstance::RefreshInitForAnimator - Joint 'adventure_belt_03_Hybrid' invalid, while running 'models/characters/indiana_jones/adventurer/indiana_adventurer_hybrid.json' rigsetup on 'md6def/characters/standard/indiana_jones/indiana_wear_body.md6' while loading RunJobPrepared:idAnimationBlendJob
[1112] WARNING: idHybridPoseConstraintRigSetupInstance::RefreshInitForAnimator - Joint 'Holster_Hybrid' invalid, while running 'models/characters/indiana_jones/adventurer/indiana_adventurer_hybrid.json' rigsetup on 'md6def/characters/standard/indiana_jones/indiana_wear_body.md6' while loading RunJobPrepared:idAnimationBlendJob
[1112] WARNING: idHybridPoseConstraintRigSetupInstance::RefreshInitForAnimator - Joint 'Holster_Hybrid' invalid, while running 'models/characters/indiana_jones/adventurer/indiana_adventurer_hybrid.json' rigsetup on 'md6def/characters/standard/indiana_jones/indiana_wear_body.md6' while loading RunJobPrepared:idAnimationBlendJob
[1112] WARNING: idHybridPoseConstraintRigSetupInstance::RefreshInitForAnimator - Joint 'Holster_Hybrid' invalid, while running 'models/characters/indiana_jones/adventurer/indiana_adventurer_hybrid.json' rigsetup on 'md6def/characters/standard/indiana_jones/indiana_wear_body.md6' while loading RunJobPrepared:idAnimationBlendJob
[1112] WARNING: idHybridPoseConstraintRigSetupInstance::RefreshInitForAnimator - Joint 'Holster_Hybrid' invalid, while running 'models/characters/indiana_jones/adventurer/indiana_adventurer_hybrid.json' rigsetup on 'md6def/characters/standard/indiana_jones/indiana_wear_body.md6' while loading RunJobPrepared:idAnimationBlendJob
[1112] WARNING: idHybridPoseConstraintRigSetupInstance::RefreshInitForAnimator - Joint 'Holster_Hybrid' invalid, while running 'models/characters/indiana_jones/adventurer/indiana_adventurer_hybrid.json' rigsetup on 'md6def/characters/standard/indiana_jones/indiana_wear_body.md6' while loading RunJobPrepared:idAnimationBlendJob
[1112] WARNING: idHybridPoseConstraintRigSetupInstance::RefreshInitForAnimator - Joint 'Holster_Hybrid' invalid, while running 'models/characters/indiana_jones/adventurer/indiana_adventurer_hybrid.json' rigsetup on 'md6def/characters/standard/indiana_jones/indiana_wear_body.md6' while loading RunJobPrepared:idAnimationBlendJob
[1112] WARNING: idHybridPoseConstraintRigSetupInstance::RefreshInitForAnimator - Joint 'Gunbelt_Front_03_Hybrid' invalid, while running 'models/characters/indiana_jones/adventurer/indiana_adventurer_hybrid.json' rigsetup on 'md6def/characters/standard/indiana_jones/indiana_wear_body.md6' while loading RunJobPrepared:idAnimationBlendJob
[1112] WARNING: idHybridPoseConstraintRigSetupInstance::RefreshInitForAnimator - Joint 'Holster_Hybrid' invalid, while running 'models/characters/indiana_jones/adventurer/indiana_adventurer_hybrid.json' rigsetup on 'md6def/characters/standard/indiana_jones/indiana_wear_body.md6' while loading RunJobPrepared:idAnimationBlendJob
[1112] WARNING: idHybridPoseConstraintRigSetupInstance::RefreshInitForAnimator - Joint 'Gunbelt_Front_03_Hybrid' invalid, while running 'models/characters/indiana_jones/adventurer/indiana_adventurer_hybrid.json' rigsetup on 'md6def/characters/standard/indiana_jones/indiana_wear_body.md6' while loading RunJobPrepared:idAnimationBlendJob
[1112] WARNING: idHybridPoseConstraintRigSetupInstance::RefreshInitForAnimator - Joint 'Gunbelt_Front_02_Hybrid' invalid, while running 'models/characters/indiana_jones/adventurer/indiana_adventurer_hybrid.json' rigsetup on 'md6def/characters/standard/indiana_jones/indiana_wear_body.md6' while loading RunJobPrepared:idAnimationBlendJob
[1112] WARNING: idHybridPoseConstraintRigSetupInstance::RefreshInitForAnimator - Joint 'Gunbelt_Front_02_Hybrid' invalid, while running 'models/characters/indiana_jones/adventurer/indiana_adventurer_hybrid.json' rigsetup on 'md6def/characters/standard/indiana_jones/indiana_wear_body.md6' while loading RunJobPrepared:idAnimationBlendJob
[1112] WARNING: idHybridPoseConstraintRigSetupInstance::RefreshInitForAnimator - Joint 'Gunbelt_Front_02_Hybrid' invalid, while running 'models/characters/indiana_jones/adventurer/indiana_adventurer_hybrid.json' rigsetup on 'md6def/characters/standard/indiana_jones/indiana_wear_body.md6' while loading RunJobPrepared:idAnimationBlendJob
[1112] WARNING: idHybridPoseConstraintRigSetupInstance::RefreshInitForAnimator - Joint 'Gunbelt_Front_02_Hybrid' invalid, while running 'models/characters/indiana_jones/adventurer/indiana_adventurer_hybrid.json' rigsetup on 'md6def/characters/standard/indiana_jones/indiana_wear_body.md6' while loading RunJobPrepared:idAnimationBlendJob
[1112] WARNING: idHybridPoseConstraintRigSetupInstance::RefreshInitForAnimator - Joint 'Gunbelt_Front_03_Hybrid' invalid, while running 'models/characters/indiana_jones/adventurer/indiana_adventurer_hybrid.json' rigsetup on 'md6def/characters/standard/indiana_jones/indiana_wear_body.md6' while loading RunJobPrepared:idAnimationBlendJob
[1112] WARNING: idHybridPoseConstraintRigSetupInstance::RefreshInitForAnimator - Joint 'Gunbelt_Front_02_Hybrid' invalid, while running 'models/characters/indiana_jones/adventurer/indiana_adventurer_hybrid.json' rigsetup on 'md6def/characters/standard/indiana_jones/indiana_wear_body.md6' while loading RunJobPrepared:idAnimationBlendJob
[1112] WARNING: idHybridPoseConstraintRigSetupInstance::RefreshInitForAnimator - Joint 'Center_Crotch_Hybrid' invalid, while running 'models/characters/indiana_jones/adventurer/indiana_adventurer_hybrid.json' rigsetup on 'md6def/characters/standard/indiana_jones/indiana_wear_body.md6' while loading RunJobPrepared:idAnimationBlendJob
[1112] WARNING: idHybridPoseConstraintRigSetupInstance::RefreshInitForAnimator - Joint 'Center_Crotch_Hybrid' invalid, while running 'models/characters/indiana_jones/adventurer/indiana_adventurer_hybrid.json' rigsetup on 'md6def/characters/standard/indiana_jones/indiana_wear_body.md6' while loading RunJobPrepared:idAnimationBlendJob
[1112] WARNING: idHybridPoseConstraintRigSetupInstance::RefreshInitForAnimator - Joint 'Center_Crotch_Hybrid' invalid, while running 'models/characters/indiana_jones/adventurer/indiana_adventurer_hybrid.json' rigsetup on 'md6def/characters/standard/indiana_jones/indiana_wear_body.md6' while loading RunJobPrepared:idAnimationBlendJob
[1112] WARNING: idHybridPoseConstraintRigSetupInstance::RefreshInitForAnimator - Joint 'Center_Crotch_Hybrid' invalid, while running 'models/characters/indiana_jones/adventurer/indiana_adventurer_hybrid.json' rigsetup on 'md6def/characters/standard/indiana_jones/indiana_wear_body.md6' while loading RunJobPrepared:idAnimationBlendJob
[1112] WARNING: idHybridPoseConstraintRigSetupInstance::RefreshInitForAnimator - Joint 'Center_Crotch_Hybrid' invalid, while running 'models/characters/indiana_jones/adventurer/indiana_adventurer_hybrid.json' rigsetup on 'md6def/characters/standard/indiana_jones/indiana_wear_body.md6' while loading RunJobPrepared:idAnimationBlendJob
[1112] WARNING: idHybridPoseConstraintRigSetupInstance::RefreshInitForAnimator - Joint 'Gunbelt_Front_01_Hybrid' invalid, while running 'models/characters/indiana_jones/adventurer/indiana_adventurer_hybrid.json' rigsetup on 'md6def/characters/standard/indiana_jones/indiana_wear_body.md6' while loading RunJobPrepared:idAnimationBlendJob
[1112] WARNING: idHybridPoseConstraintRigSetupInstance::RefreshInitForAnimator - Joint 'Gunbelt_Front_02_Hybrid' invalid, while running 'models/characters/indiana_jones/adventurer/indiana_adventurer_hybrid.json' rigsetup on 'md6def/characters/standard/indiana_jones/indiana_wear_body.md6' while loading RunJobPrepared:idAnimationBlendJob
[1112] WARNING: idHybridPoseConstraintRigSetupInstance::RefreshInitForAnimator - Joint 'Gunbelt_Front_01_Hybrid' invalid, while running 'models/characters/indiana_jones/adventurer/indiana_adventurer_hybrid.json' rigsetup on 'md6def/characters/standard/indiana_jones/indiana_wear_body.md6' while loading RunJobPrepared:idAnimationBlendJob
[1112] WARNING: idHybridPoseConstraintRigSetupInstance::RefreshInitForAnimator - Joint 'satchelAim_Hybrid' invalid, while running 'models/characters/indiana_jones/adventurer/indiana_adventurer_hybrid.json' rigsetup on 'md6def/characters/standard/indiana_jones/indiana_wear_body.md6' while loading RunJobPrepared:idAnimationBlendJob
[1112] WARNING: idHybridPoseConstraintRigSetupInstance::RefreshInitForAnimator - Joint 'satchelAim_Hybrid' invalid, while running 'models/characters/indiana_jones/adventurer/indiana_adventurer_hybrid.json' rigsetup on 'md6def/characters/standard/indiana_jones/indiana_wear_body.md6' while loading RunJobPrepared:idAnimationBlendJob
[1112] WARNING: idHybridPoseConstraintRigSetupInstance::RefreshInitForAnimator - Joint 'satchel_Hybrid' invalid, while running 'models/characters/indiana_jones/adventurer/indiana_adventurer_hybrid.json' rigsetup on 'md6def/characters/standard/indiana_jones/indiana_wear_body.md6' while loading RunJobPrepared:idAnimationBlendJob
[1112] WARNING: idHybridPoseConstraintRigSetupInstance::RefreshInitForAnimator - Joint 'satchel_Hybrid' invalid, while running 'models/characters/indiana_jones/adventurer/indiana_adventurer_hybrid.json' rigsetup on 'md6def/characters/standard/indiana_jones/indiana_wear_body.md6' while loading RunJobPrepared:idAnimationBlendJob
[1112] WARNING: idHybridPoseConstraintRigSetupInstance::RefreshInitForAnimator - Joint 'satchel_Hybrid' invalid, while running 'models/characters/indiana_jones/adventurer/indiana_adventurer_hybrid.json' rigsetup on 'md6def/characters/standard/indiana_jones/indiana_wear_body.md6' while loading RunJobPrepared:idAnimationBlendJob
[1112] WARNING: idHybridPoseConstraintRigSetupInstance::RefreshInitForAnimator - Joint 'satchel_Hybrid' invalid, while running 'models/characters/indiana_jones/adventurer/indiana_adventurer_hybrid.json' rigsetup on 'md6def/characters/standard/indiana_jones/indiana_wear_body.md6' while loading RunJobPrepared:idAnimationBlendJob
[1112] WARNING: idHybridPoseConstraintRigSetupInstance::RefreshInitForAnimator - Joint 'satchelAim_Hybrid' invalid, while running 'models/characters/indiana_jones/adventurer/indiana_adventurer_hybrid.json' rigsetup on 'md6def/characters/standard/indiana_jones/indiana_wear_body.md6' while loading RunJobPrepared:idAnimationBlendJob
[1112] WARNING: idHybridPoseConstraintRigSetupInstance::RefreshInitForAnimator - Joint 'satchel_Hybrid' invalid, while running 'models/characters/indiana_jones/adventurer/indiana_adventurer_hybrid.json' rigsetup on 'md6def/characters/standard/indiana_jones/indiana_wear_body.md6' while loading RunJobPrepared:idAnimationBlendJob
[1112] WARNING: idHybridPoseConstraintRigSetupInstance::RefreshInitForAnimator - Joint 'satchelBody_Hybrid' invalid, while running 'models/characters/indiana_jones/adventurer/indiana_adventurer_hybrid.json' rigsetup on 'md6def/characters/standard/indiana_jones/indiana_wear_body.md6' while loading RunJobPrepared:idAnimationBlendJob
[1112] WARNING: idHybridPoseConstraintRigSetupInstance::RefreshInitForAnimator - Joint 'satchelBody_Hybrid' invalid, while running 'models/characters/indiana_jones/adventurer/indiana_adventurer_hybrid.json' rigsetup on 'md6def/characters/standard/indiana_jones/indiana_wear_body.md6' while loading RunJobPrepared:idAnimationBlendJob
[1112] WARNING: idHybridPoseConstraintRigSetupInstance::RefreshInitForAnimator - Joint 'satchelBody_Hybrid' invalid, while running 'models/characters/indiana_jones/adventurer/indiana_adventurer_hybrid.json' rigsetup on 'md6def/characters/standard/indiana_jones/indiana_wear_body.md6' while loading RunJobPrepared:idAnimationBlendJob
[1112] WARNING: idHybridPoseConstraintRigSetupInstance::RefreshInitForAnimator - Joint 'Gunbelt_Back_02_Hybrid' invalid, while running 'models/characters/indiana_jones/adventurer/indiana_adventurer_hybrid.json' rigsetup on 'md6def/characters/standard/indiana_jones/indiana_wear_body.md6' while loading RunJobPrepared:idAnimationBlendJob
[1112] WARNING: idHybridPoseConstraintRigSetupInstance::RefreshInitForAnimator - Joint 'Gunbelt_Back_02_Hybrid' invalid, while running 'models/characters/indiana_jones/adventurer/indiana_adventurer_hybrid.json' rigsetup on 'md6def/characters/standard/indiana_jones/indiana_wear_body.md6' while loading RunJobPrepared:idAnimationBlendJob
[1112] WARNING: idHybridPoseConstraintRigSetupInstance::RefreshInitForAnimator - Joint 'Gunbelt_Back_02_Hybrid' invalid, while running 'models/characters/indiana_jones/adventurer/indiana_adventurer_hybrid.json' rigsetup on 'md6def/characters/standard/indiana_jones/indiana_wear_body.md6' while loading RunJobPrepared:idAnimationBlendJob
[1112] WARNING: idHybridPoseConstraintRigSetupInstance::RefreshInitForAnimator - Joint 'Gunbelt_Back_02_Hybrid' invalid, while running 'models/characters/indiana_jones/adventurer/indiana_adventurer_hybrid.json' rigsetup on 'md6def/characters/standard/indiana_jones/indiana_wear_body.md6' while loading RunJobPrepared:idAnimationBlendJob
[1112] WARNING: idHybridPoseConstraintRigSetupInstance::RefreshInitForAnimator - Joint 'Holster_Hybrid' invalid, while running 'models/characters/indiana_jones/adventurer/indiana_adventurer_hybrid.json' rigsetup on 'md6def/characters/standard/indiana_jones/indiana_wear_body.md6' while loading RunJobPrepared:idAnimationBlendJob
[1112] WARNING: idHybridPoseConstraintRigSetupInstance::RefreshInitForAnimator - Joint 'Gunbelt_Back_02_Hybrid' invalid, while running 'models/characters/indiana_jones/adventurer/indiana_adventurer_hybrid.json' rigsetup on 'md6def/characters/standard/indiana_jones/indiana_wear_body.md6' while loading RunJobPrepared:idAnimationBlendJob
[1112] WARNING: idHybridPoseConstraintRigSetupInstance::RefreshInitForAnimator - Joint 'Gunbelt_Back_01_Hybrid' invalid, while running 'models/characters/indiana_jones/adventurer/indiana_adventurer_hybrid.json' rigsetup on 'md6def/characters/standard/indiana_jones/indiana_wear_body.md6' while loading RunJobPrepared:idAnimationBlendJob
[1112] WARNING: idHybridPoseConstraintRigSetupInstance::RefreshInitForAnimator - Joint 'Gunbelt_Back_02_Hybrid' invalid, while running 'models/characters/indiana_jones/adventurer/indiana_adventurer_hybrid.json' rigsetup on 'md6def/characters/standard/indiana_jones/indiana_wear_body.md6' while loading RunJobPrepared:idAnimationBlendJob
[1112] WARNING: idHybridPoseConstraintRigSetupInstance::RefreshInitForAnimator - Joint 'Gunbelt_Back_01_Hybrid' invalid, while running 'models/characters/indiana_jones/adventurer/indiana_adventurer_hybrid.json' rigsetup on 'md6def/characters/standard/indiana_jones/indiana_wear_body.md6' while loading RunJobPrepared:idAnimationBlendJob
[1112] WARNING: idHybridPoseConstraintRigSetupInstance::RefreshInitForAnimator - Joint 'satchel_frontStrap_Hybrid' invalid, while running 'models/characters/indiana_jones/adventurer/indiana_adventurer_hybrid.json' rigsetup on 'md6def/characters/standard/indiana_jones/indiana_wear_body.md6' while loading RunJobPrepared:idAnimationBlendJob
[1112] WARNING: idHybridPoseConstraintRigSetupInstance::RefreshInitForAnimator - Joint 'satchel_Hybrid' invalid, while running 'models/characters/indiana_jones/adventurer/indiana_adventurer_hybrid.json' rigsetup on 'md6def/characters/standard/indiana_jones/indiana_wear_body.md6' while loading RunJobPrepared:idAnimationBlendJob
[1112] WARNING: idHybridPoseConstraintRigSetupInstance::RefreshInitForAnimator - Joint 'satchel_Hybrid' invalid, while running 'models/characters/indiana_jones/adventurer/indiana_adventurer_hybrid.json' rigsetup on 'md6def/characters/standard/indiana_jones/indiana_wear_body.md6' while loading RunJobPrepared:idAnimationBlendJob
[1112] WARNING: idHybridPoseConstraintRigSetupInstance::RefreshInitForAnimator - Joint 'satchel_frontStrap_Hybrid' invalid, while running 'models/characters/indiana_jones/adventurer/indiana_adventurer_hybrid.json' rigsetup on 'md6def/characters/standard/indiana_jones/indiana_wear_body.md6' while loading RunJobPrepared:idAnimationBlendJob
[1112] WARNING: idHybridPoseConstraintRigSetupInstance::RefreshInitForAnimator - Joint 'satchel_backStrap_Hybrid' invalid, while running 'models/characters/indiana_jones/adventurer/indiana_adventurer_hybrid.json' rigsetup on 'md6def/characters/standard/indiana_jones/indiana_wear_body.md6' while loading RunJobPrepared:idAnimationBlendJob
[1112] WARNING: idHybridPoseConstraintRigSetupInstance::RefreshInitForAnimator - Joint 'satchel_Hybrid' invalid, while running 'models/characters/indiana_jones/adventurer/indiana_adventurer_hybrid.json' rigsetup on 'md6def/characters/standard/indiana_jones/indiana_wear_body.md6' while loading RunJobPrepared:idAnimationBlendJob
[1112] WARNING: idHybridPoseConstraintRigSetupInstance::RefreshInitForAnimator - Joint 'satchel_Hybrid' invalid, while running 'models/characters/indiana_jones/adventurer/indiana_adventurer_hybrid.json' rigsetup on 'md6def/characters/standard/indiana_jones/indiana_wear_body.md6' while loading RunJobPrepared:idAnimationBlendJob
[1112] WARNING: idHybridPoseConstraintRigSetupInstance::RefreshInitForAnimator - Joint 'satchel_backStrap_Hybrid' invalid, while running 'models/characters/indiana_jones/adventurer/indiana_adventurer_hybrid.json' rigsetup on 'md6def/characters/standard/indiana_jones/indiana_wear_body.md6' while loading RunJobPrepared:idAnimationBlendJob
[1112] WARNING: idHybridPoseConstraintRigSetupInstance::RefreshInitForAnimator - Joint 'satchel_frontStrap_Hybrid' invalid, while running 'models/characters/indiana_jones/adventurer/indiana_adventurer_hybrid.json' rigsetup on 'md6def/characters/standard/indiana_jones/indiana_wear_body.md6' while loading RunJobPrepared:idAnimationBlendJob
[1112] WARNING: idHybridPoseConstraintRigSetupInstance::RefreshInitForAnimator - Joint 'satchel_Hybrid' invalid, while running 'models/characters/indiana_jones/adventurer/indiana_adventurer_hybrid.json' rigsetup on 'md6def/characters/standard/indiana_jones/indiana_wear_body.md6' while loading RunJobPrepared:idAnimationBlendJob
[1112] WARNING: idHybridPoseConstraintRigSetupInstance::RefreshInitForAnimator - Joint 'satchel_frontStrap_Aim_Hybrid' invalid, while running 'models/characters/indiana_jones/adventurer/indiana_adventurer_hybrid.json' rigsetup on 'md6def/characters/standard/indiana_jones/indiana_wear_body.md6' while loading RunJobPrepared:idAnimationBlendJob
[1112] WARNING: idHybridPoseConstraintRigSetupInstance::RefreshInitForAnimator - Joint 'satchel_backStrap_Hybrid' invalid, while running 'models/characters/indiana_jones/adventurer/indiana_adventurer_hybrid.json' rigsetup on 'md6def/characters/standard/indiana_jones/indiana_wear_body.md6' while loading RunJobPrepared:idAnimationBlendJob
[1112] WARNING: idHybridPoseConstraintRigSetupInstance::RefreshInitForAnimator - Joint 'satchel_Hybrid' invalid, while running 'models/characters/indiana_jones/adventurer/indiana_adventurer_hybrid.json' rigsetup on 'md6def/characters/standard/indiana_jones/indiana_wear_body.md6' while loading RunJobPrepared:idAnimationBlendJob
[1112] WARNING: idHybridPoseConstraintRigSetupInstance::RefreshInitForAnimator - Joint 'satchel_backStrap_Aim_Hybrid' invalid, while running 'models/characters/indiana_jones/adventurer/indiana_adventurer_hybrid.json' rigsetup on 'md6def/characters/standard/indiana_jones/indiana_wear_body.md6' while loading RunJobPrepared:idAnimationBlendJob
[1112] WARNING: idHybridPoseConstraintRigSetupInstance::RefreshInitForAnimator - Joint 'Center_Back_Collar_Hybrid' invalid, while running 'models/characters/indiana_jones/adventurer/indiana_adventurer_hybrid.json' rigsetup on 'md6def/characters/standard/indiana_jones/indiana_wear_body.md6' while loading RunJobPrepared:idAnimationBlendJob
[1112] WARNING: idHybridPoseConstraintRigSetupInstance::RefreshInitForAnimator - Joint 'Left_Front_Collar_Hybrid' invalid, while running 'models/characters/indiana_jones/adventurer/indiana_adventurer_hybrid.json' rigsetup on 'md6def/characters/standard/indiana_jones/indiana_wear_body.md6' while loading RunJobPrepared:idAnimationBlendJob
[1112] WARNING: idHybridPoseConstraintRigSetupInstance::RefreshInitForAnimator - Joint 'Left_Middle_Collar_Hybrid' invalid, while running 'models/characters/indiana_jones/adventurer/indiana_adventurer_hybrid.json' rigsetup on 'md6def/characters/standard/indiana_jones/indiana_wear_body.md6' while loading RunJobPrepared:idAnimationBlendJob
[1112] WARNING: idHybridPoseConstraintRigSetupInstance::RefreshInitForAnimator - Joint 'LeftForeArmRoll_shirt_02_Hybrid' invalid, while running 'models/characters/indiana_jones/adventurer/indiana_adventurer_hybrid.json' rigsetup on 'md6def/characters/standard/indiana_jones/indiana_wear_body.md6' while loading RunJobPrepared:idAnimationBlendJob
[1112] WARNING: idHybridPoseConstraintRigSetupInstance::RefreshInitForAnimator - Joint 'LeftShoulder_Collider_Hybrid' invalid, while running 'models/characters/indiana_jones/adventurer/indiana_adventurer_hybrid.json' rigsetup on 'md6def/characters/standard/indiana_jones/indiana_wear_body.md6' while loading RunJobPrepared:idAnimationBlendJob
[1112] WARNING: idHybridPoseConstraintRigSetupInstance::RefreshInitForAnimator - Joint 'Right_Front_Collar_Hybrid' invalid, while running 'models/characters/indiana_jones/adventurer/indiana_adventurer_hybrid.json' rigsetup on 'md6def/characters/standard/indiana_jones/indiana_wear_body.md6' while loading RunJobPrepared:idAnimationBlendJob
[1112] WARNING: idHybridPoseConstraintRigSetupInstance::RefreshInitForAnimator - Joint 'Right_Middle_Collar_Hybrid' invalid, while running 'models/characters/indiana_jones/adventurer/indiana_adventurer_hybrid.json' rigsetup on 'md6def/characters/standard/indiana_jones/indiana_wear_body.md6' while loading RunJobPrepared:idAnimationBlendJob
[1112] WARNING: idHybridPoseConstraintRigSetupInstance::RefreshInitForAnimator - Joint 'RightForeArmRoll_shirt_02_Hybrid' invalid, while running 'models/characters/indiana_jones/adventurer/indiana_adventurer_hybrid.json' rigsetup on 'md6def/characters/standard/indiana_jones/indiana_wear_body.md6' while loading RunJobPrepared:idAnimationBlendJob
[1112] WARNING: idHybridPoseConstraintRigSetupInstance::RefreshInitForAnimator - Joint 'RightShoulder_Collider_Hybrid' invalid, while running 'models/characters/indiana_jones/adventurer/indiana_adventurer_hybrid.json' rigsetup on 'md6def/characters/standard/indiana_jones/indiana_wear_body.md6' while loading RunJobPrepared:idAnimationBlendJob
[1112] ---------- idRenderWorldLocal::SpecificationComplete ----------
[1112] --------------------------------------
[1112] Unknown command 'sys_dumpMemory'
[1112] Map loaded in 0.18 seconds.
[1112] 2025-09-19T23:35:00.774+08:00 LOG: Starting a match!
[1112] AllocMapInstance took 0.1980 seconds.
[1112] AllocMapInstance(game/relic/college/college_night) took 0.227 s
[1112]  0.2 total seconds for map load
[1112] Spent 133.290ms waiting on streaming prefetch (completed).
[1112] 0.5 seconds to load game/relic/college/college_night
[1112] idGameSystemLocal::SetState: State changing from idGameSystemLocal::GAME_STATE_LOADING to idGameSystemLocal::GAME_STATE_INGAME
[1112] idLoadScreen::LevelLoadCompleted()
[1112] ------------ Map change completed! ------------
  Map Name: game/relic/college/college_night

[1112] idLogicNodeRelicProgression::Activate - No chapter data exists for the current chapter yet, aborting
[1112] idLogicNodeRelicProgression::Activate - No chapter data exists for the current chapter yet, aborting
[1112] Prefetch complete.
  Total bytes read: 0.00MB
  Total seeks: 0
  Image
     Total bytes read: 0.00MB
     Total seeks: 0
       <=1KB    : 0
       <=16KB   : 0
       <=128KB  : 0
       <=256KB  : 0
       <=512KB  : 0
       rest     : 0
  Geometry
     Total bytes read: 0.00MB
     Total seeks: 0
       <=1KB    : 0
       <=16KB   : 0
       <=128KB  : 0
       <=256KB  : 0
       <=512KB  : 0
       rest     : 0
  Audio
     Total bytes read: 0.00MB
     Total seeks: 0
  Geom cache
     Total bytes read: 0.00MB
     Total seeks: 0
  Light probe
     Total bytes read: 0.00MB
     Total seeks: 0
  Video
     Total bytes read: 0.00MB
     Total seeks: 0
[1112] WARNING: SWF swf/common/base_screen_4k.swf: Material path is required but is unset on sprite m while executing logicscript:dynamic_widget(hud/systemic/element/swf_default_interaction) from RunJobPrepared:LogicUI Object Job
[1154] NET: LeaveSharedContext: Leave game
[1154] LeaveSharedContext
[1154] NET: GameSessionLocalGameSession state: 5 (was 4)
[1154] NET: GameSessionLocalGameSession state: 0 (was 5)
[1154] New settings: framingType=0 renderUpscaler=1
[1154] Flushing device: game, resizeSwapChain: true, resizeViewDest: true, resizeImageNeedsFlush: false, deviceFlushRequired: true
[1154] Render size: 1280x540, Upsample Size: 3840x2160, Display Size: 3840x2160
[1154] idVulkanMemoryAllocator::FreeEmptyBlocks: Freed    8.125 MiB
[1154] WARNING: Resource deleted with staticResource set: _finalcolorhudless
[1154] Display supports compatible HDR mode. Enabling...
[1154] New enforced resolution scale framing sizes. 0x0 0x0 0x0. Version 2
[1154] New settings: framingType=2 dlssQuality=5 renderUpscaler=2
[1154] Display supports compatible HDR mode. Enabling...
[1155] New enforced resolution scale framing sizes. 1280x720 1280x720 1280x540. Version 3
[1155] Save Game slot file for 'GAME_DATA' has engine save version 52 and game save version 792
[1155] WARNING: Save Game [LEVEL_DATA] build version mismatch, expected '20250502-130137-148530_emerald-yellow' but found '20250813-152556-150040_brown-kelly'
[1155] Save Game slot file for 'LEVEL_DATA' has engine save version 52 and game save version 754
[1155] Game Type:     singleplayer
[1155] Game Sub-Type: default
[1155] idGameSystemLocal::SetState: State changing from idGameSystemLocal::GAME_STATE_INGAME to idGameSystemLocal::GAME_STATE_LOADING
[1155] HostSharedContext
[1155] NET: GameSessionLocalGameSession state: 3 (was 0)
[1155] WARNING: idOnlineUserLobbyComponent::DirtyLobbyUserLocalOnlineProfile() No valid online profile for the local player.
[1155] WARNING: Session: Local user is not signed into Playfab, session ticket will be empty
[1155] NET: "|CLI|Zerone_89" joined lobby [partyToken = e3ffcf85] [userIndex = 0] [peerIndex = -1] [team = 1].
[1155] ------------------------------------------
[1155] party e3ffcf85 team 1 user "|CLI|Zerone_89"
[1155] ------------------------------------------
[1155] StartPlayingGame
[1155] NET: GameSessionLocalGameSession state: 4 (was 3)
[1155] Modified CVars:
[1155] idGameSystemLocal::FreeMapInstance_Internal: Setting mapLocal = NULL
[1155] Checking to see if the chunk is installed now
[1155] Map change Async Job wait started
[1155] idMapInstanceLocal:Destructor 000001E6A5CD1D50
[1155] --------- Game Map Shutdown ----------
[1155] Removing index[11] that was player[|CLI|Zerone_89] 
[1155] idLogicUISystemController_InventoryController::EquipSatchel: Entity not in view
[1155] num total mega pages: 26
[1155] num total small pages: 3238
[1155] peak active small pages: 2996
[1155] ------------ Game Shutdown -----------
[1155] --------------------------------------
[1155] ------------------------------
[1155] Havok Garbage Collection
[1155] Havok memory statistics: 0 0
[1155] Havok memory statistics: 0 0
[1155] Havok Memory Freed: 0
[1155] ------------------------------
[1155] Reset Heap Job 
[1155] WaitForIdle took 1.53ms
[1155] Warning: The following swfs were not deleted:
[1155] loading/loading_info
[1155] GeomCacheStreamer shutdown took 0.00s
[1155] ImageStreaming flush maptextures took 0.00s
[1155] Reset 0 reference counters in heap 3. 1 available.
[1155] ---------- ResetHeap (Map) ----------
[1155] Reset Heap Job Done
[1155] CreatePersistMapFile took 0.000 msec
[1155] Prefetching world
[1155] Streaming prefetch at 23.170000 -5.710000 1.700000 (entity script_script_spawnpoint_fight)
[1155] allocated 1 Brush Render Models
[1155] --------- Initializing Game ----------
[1155] mapName: game/relic/college/college_night
[1155] gameFlags: 68
[1155] initialMap: 0
[1155] gamedate: Aug 13 2025
[1155] Setting up Component entity system instance
[1155] 	mode (instance)  = 0
[1155] 	isInBuildGame    = false
[1155] 	isSingle         = true
[1155] 	isAI             = true
[1155] 	isDemo           = false
[1155] 	isMainMenu       = false
[1155] 	isSaveSupported  = true
[1155] 	isDormancyEnabled = true
[1155] game initialized.
[1155] idMapInstanceLocal:Constructor 000001E6966F5040
[1155] --------------------------------------
[1155] Save Game slot file for 'GAME_DATA' has engine save version 52 and game save version 792
[1155] WARNING: Save Game [LEVEL_DATA] build version mismatch, expected '20250502-130137-148530_emerald-yellow' but found '20250813-152556-150040_brown-kelly'
[1155] Save Game slot file for 'LEVEL_DATA' has engine save version 52 and game save version 754
[1155] Save Game slot file for 'GAME_DATA' has engine save version 52 and game save version 792
[1155] WARNING: decl couldn't read production file while loading entitydef:attachments/item/journal_peru_map_01b
[1155] WARNING: SaveGame : Missing resource 'idDeclEntityDef:attachments/item/journal_peru_map_01b' while loading resource-table!
[1155] WARNING: decl couldn't read production file while loading loadoutweapon:item/idol
[1155] WARNING: SaveGame : Missing resource 'idDeclLoadoutWeapon:item/idol' while loading resource-table!
[1155] WARNING: decl couldn't read production file while loading entitydef:attachments/key_item/peru/goldenidol
[1155] WARNING: SaveGame : Missing resource 'idDeclEntityDef:attachments/key_item/peru/goldenidol' while loading resource-table!
[1155] WARNING: decl couldn't read production file while loading material2:models/characters/indiana_jones/adventurer/tex/ij_head_doublecross
[1155] WARNING: SaveGame : Missing resource 'idMaterial2:models/characters/indiana_jones/adventurer/tex/ij_head_doublecross' while loading resource-table!
[1155] WARNING: decl couldn't read production file while loading damage:throwable/no_damage
[1155] WARNING: SaveGame : Missing resource 'idDeclDamage:throwable/no_damage' while loading resource-table!
[1155] WARNING: Save Game [LEVEL_DATA] build version mismatch, expected '20250502-130137-148530_emerald-yellow' but found '20250813-152556-150040_brown-kelly'
[1155] Save Game slot file for 'LEVEL_DATA' has engine save version 52 and game save version 754
[1155] ----------- LoadMap(game/relic/college/college_night) ------------
[1155] Sound nav volume college_night has 2469 cells and 15312 edges
[1155] Spawning world
[1155] create and spawn the worldspawn
[1155] idMapInstanceLocal::LoadMap: adding initial layers from worldspawn
[1155] BatchLoad(aiaction): loaded 0 resources in serial in 0.000s (-nan(ind)us/resource)
[1155] BatchLoad(aitype): loaded 0 resources in serial in 0.000s (-nan(ind)us/resource)
[1155] spawn map entities
[1155] Found 1026 map entities
[1155] BatchLoad(model): loaded 1305 resources in serial in 0.000s (0.198us/resource)
[1155] BatchLoad(modelstream): loaded 87 resources in serial in 0.000s (0.253us/resource)
[1155] BatchLoad(vegetationdeformation): loaded 6 resources in serial in 0.000s (0.333us/resource)
[1155] MapFileStaticInstances info:
[1155] 	Num model instances = 7108
[1155] 	Num decals = 1709
[1155] 	Num scatter points = 0
[1155] 	Num sectors = 11
[1155] 	Num objects in sectors = 8817
[1155] 	Num uncovered objects in sectors = 1502
[1155] Skipped 0 non-production entities
[1155] Skipped 1462 savegame entities
[1155] Registered 0 map entities
[1155] Spawned Layers in the current map:
[1155] 	0: world
[1155] ---
[1155] Spawned Layers on next map load:[1155] ---
[1155] Initializing 0 entities
[1155] Spawning 0 entities
[1155] BatchLoad(havokshape): loaded 1113 resources in serial in 0.000s (0.327us/resource)
[1155] setup 365 static collision bodies (1 convex, 364 collision, 0 procedural)
[1155] WARNING: issue entity 'item/idol-actor_player_11_weapon6' - Failed to initialize weapon entity 'item/idol-actor_player_11_weapon6', weapon has no decl (!IsValid()). Destroying entity. while loading RunJobPrepared:idActiveWeaponInitializeJob
[1155] WARNING: issue entity 'item/journal_override-actor_player_11_weapon6_S_752' - failed to load rendermodel 'md6def/gameplay/interactables/peru_map_pieces_01a/peru_map_journal_01a/peru_map_journal_01b.md6', destroying entity 'item/journal_override-actor_player_11_weapon6_S_752' while loading idRenderModelInitializeJob:item/journal_override-actor_player_11_weapon6_S_752 from RunJobPrepared:idRenderModelInitializeJob
[1155] WARNING: issue entity 'item/idol-actor_player_11_weapon6' - failed to load rendermodel 'md6def/gameplay/interactables/goldenidol/goldenidol.md6', destroying entity 'item/idol-actor_player_11_weapon6' while loading idRenderModelInitializeJob:item/idol-actor_player_11_weapon6 from RunJobPrepared:idRenderModelInitializeJob
[1155] WARNING: issue entity 'item/journal_override-actor_player_11_weapon6_S_752' - Cannot create physics-shape for entity 'item/journal_override-actor_player_11_weapon6_S_752', RENDERMODEL_BOUNDS set with no model while loading idPhysicsInitializeJob:item/journal_override-actor_player_11_weapon6_S_752 from RunJobPrepared:idPhysicsInitializeJob
[1155] WARNING: issue entity 'item/journal_override-actor_player_11_weapon6_S_752' - Cannot create physics-shape for entity 'item/journal_override-actor_player_11_weapon6_S_752', RENDERMODEL_BOUNDS model has no volume while loading idPhysicsInitializeJob:item/journal_override-actor_player_11_weapon6_S_752 from RunJobPrepared:idPhysicsInitializeJob
[1155] WARNING: issue entity 'item/journal_override-actor_player_11_weapon6_S_752' - Failed to create physics shape, destroying entity 'item/journal_override-actor_player_11_weapon6_S_752' while loading idPhysicsInitializeJob:item/journal_override-actor_player_11_weapon6_S_752 from RunJobPrepared:idPhysicsInitializeJob
[1155] WARNING: issue entity 'item/idol-actor_player_11_weapon6' - Cannot create physics-shape for entity 'item/idol-actor_player_11_weapon6', RENDERMODEL_BOUNDS set with no model while loading idPhysicsInitializeJob:item/idol-actor_player_11_weapon6 from RunJobPrepared:idPhysicsInitializeJob
[1155] WARNING: issue entity 'item/idol-actor_player_11_weapon6' - Cannot create physics-shape for entity 'item/idol-actor_player_11_weapon6', RENDERMODEL_BOUNDS model has no volume while loading idPhysicsInitializeJob:item/idol-actor_player_11_weapon6 from RunJobPrepared:idPhysicsInitializeJob
[1155] WARNING: issue entity 'item/idol-actor_player_11_weapon6' - Failed to create physics shape, destroying entity 'item/idol-actor_player_11_weapon6' while loading idPhysicsInitializeJob:item/idol-actor_player_11_weapon6 from RunJobPrepared:idPhysicsInitializeJob
[1155] Create Referenced EntityDefs List
[1155] WARNING: Dangling reference in map: Entity "script_wat_mahathat_gameplay_water_moving" first referenced by "<unknown>"
[1155] WARNING: Dangling reference in map: Entity "script_wat_mahathat_gameplay_water_moving1" first referenced by "<unknown>"
[1155] WARNING: Dangling reference in map: Entity "script_wat_mahathat_dynamic_water_20" first referenced by "<unknown>"
[1155] ==== Processing events ====
[1155] ==== Processing events ====
[1155] Disabling all sectors and showing all models
[1155] Adding player: |CLI|Zerone_89
[1155] WARNING: idHybridPoseConstraintRigSetupInstance::RefreshInitForAnimator - Joint 'adventure_belt_01_Hybrid' invalid, while running 'models/characters/indiana_jones/adventurer/indiana_adventurer_hybrid.json' rigsetup on 'md6def/characters/standard/indiana_jones/indiana_wear_body.md6' while loading RunJobPrepared:idAnimationBlendJob
[1155] WARNING: idHybridPoseConstraintRigSetupInstance::RefreshInitForAnimator - Joint 'adventure_belt_02_Hybrid' invalid, while running 'models/characters/indiana_jones/adventurer/indiana_adventurer_hybrid.json' rigsetup on 'md6def/characters/standard/indiana_jones/indiana_wear_body.md6' while loading RunJobPrepared:idAnimationBlendJob
[1155] WARNING: idHybridPoseConstraintRigSetupInstance::RefreshInitForAnimator - Joint 'adventure_belt_02_Hybrid' invalid, while running 'models/characters/indiana_jones/adventurer/indiana_adventurer_hybrid.json' rigsetup on 'md6def/characters/standard/indiana_jones/indiana_wear_body.md6' while loading RunJobPrepared:idAnimationBlendJob
[1155] WARNING: idHybridPoseConstraintRigSetupInstance::RefreshInitForAnimator - Joint 'adventure_belt_02_Hybrid' invalid, while running 'models/characters/indiana_jones/adventurer/indiana_adventurer_hybrid.json' rigsetup on 'md6def/characters/standard/indiana_jones/indiana_wear_body.md6' while loading RunJobPrepared:idAnimationBlendJob
[1155] WARNING: idHybridPoseConstraintRigSetupInstance::RefreshInitForAnimator - Joint 'adventure_belt_03_Hybrid' invalid, while running 'models/characters/indiana_jones/adventurer/indiana_adventurer_hybrid.json' rigsetup on 'md6def/characters/standard/indiana_jones/indiana_wear_body.md6' while loading RunJobPrepared:idAnimationBlendJob
[1155] WARNING: idHybridPoseConstraintRigSetupInstance::RefreshInitForAnimator - Joint 'adventure_belt_03_Hybrid' invalid, while running 'models/characters/indiana_jones/adventurer/indiana_adventurer_hybrid.json' rigsetup on 'md6def/characters/standard/indiana_jones/indiana_wear_body.md6' while loading RunJobPrepared:idAnimationBlendJob
[1155] WARNING: idHybridPoseConstraintRigSetupInstance::RefreshInitForAnimator - Joint 'adventure_belt_03_Hybrid' invalid, while running 'models/characters/indiana_jones/adventurer/indiana_adventurer_hybrid.json' rigsetup on 'md6def/characters/standard/indiana_jones/indiana_wear_body.md6' while loading RunJobPrepared:idAnimationBlendJob
[1155] WARNING: idHybridPoseConstraintRigSetupInstance::RefreshInitForAnimator - Joint 'Holster_Hybrid' invalid, while running 'models/characters/indiana_jones/adventurer/indiana_adventurer_hybrid.json' rigsetup on 'md6def/characters/standard/indiana_jones/indiana_wear_body.md6' while loading RunJobPrepared:idAnimationBlendJob
[1155] WARNING: idHybridPoseConstraintRigSetupInstance::RefreshInitForAnimator - Joint 'Holster_Hybrid' invalid, while running 'models/characters/indiana_jones/adventurer/indiana_adventurer_hybrid.json' rigsetup on 'md6def/characters/standard/indiana_jones/indiana_wear_body.md6' while loading RunJobPrepared:idAnimationBlendJob
[1155] WARNING: idHybridPoseConstraintRigSetupInstance::RefreshInitForAnimator - Joint 'Holster_Hybrid' invalid, while running 'models/characters/indiana_jones/adventurer/indiana_adventurer_hybrid.json' rigsetup on 'md6def/characters/standard/indiana_jones/indiana_wear_body.md6' while loading RunJobPrepared:idAnimationBlendJob
[1155] WARNING: idHybridPoseConstraintRigSetupInstance::RefreshInitForAnimator - Joint 'Holster_Hybrid' invalid, while running 'models/characters/indiana_jones/adventurer/indiana_adventurer_hybrid.json' rigsetup on 'md6def/characters/standard/indiana_jones/indiana_wear_body.md6' while loading RunJobPrepared:idAnimationBlendJob
[1155] WARNING: idHybridPoseConstraintRigSetupInstance::RefreshInitForAnimator - Joint 'Holster_Hybrid' invalid, while running 'models/characters/indiana_jones/adventurer/indiana_adventurer_hybrid.json' rigsetup on 'md6def/characters/standard/indiana_jones/indiana_wear_body.md6' while loading RunJobPrepared:idAnimationBlendJob
[1155] WARNING: idHybridPoseConstraintRigSetupInstance::RefreshInitForAnimator - Joint 'Holster_Hybrid' invalid, while running 'models/characters/indiana_jones/adventurer/indiana_adventurer_hybrid.json' rigsetup on 'md6def/characters/standard/indiana_jones/indiana_wear_body.md6' while loading RunJobPrepared:idAnimationBlendJob
[1155] WARNING: idHybridPoseConstraintRigSetupInstance::RefreshInitForAnimator - Joint 'Gunbelt_Front_03_Hybrid' invalid, while running 'models/characters/indiana_jones/adventurer/indiana_adventurer_hybrid.json' rigsetup on 'md6def/characters/standard/indiana_jones/indiana_wear_body.md6' while loading RunJobPrepared:idAnimationBlendJob
[1155] WARNING: idHybridPoseConstraintRigSetupInstance::RefreshInitForAnimator - Joint 'Holster_Hybrid' invalid, while running 'models/characters/indiana_jones/adventurer/indiana_adventurer_hybrid.json' rigsetup on 'md6def/characters/standard/indiana_jones/indiana_wear_body.md6' while loading RunJobPrepared:idAnimationBlendJob
[1155] WARNING: idHybridPoseConstraintRigSetupInstance::RefreshInitForAnimator - Joint 'Gunbelt_Front_03_Hybrid' invalid, while running 'models/characters/indiana_jones/adventurer/indiana_adventurer_hybrid.json' rigsetup on 'md6def/characters/standard/indiana_jones/indiana_wear_body.md6' while loading RunJobPrepared:idAnimationBlendJob
[1155] WARNING: idHybridPoseConstraintRigSetupInstance::RefreshInitForAnimator - Joint 'Gunbelt_Front_02_Hybrid' invalid, while running 'models/characters/indiana_jones/adventurer/indiana_adventurer_hybrid.json' rigsetup on 'md6def/characters/standard/indiana_jones/indiana_wear_body.md6' while loading RunJobPrepared:idAnimationBlendJob
[1155] WARNING: idHybridPoseConstraintRigSetupInstance::RefreshInitForAnimator - Joint 'Gunbelt_Front_02_Hybrid' invalid, while running 'models/characters/indiana_jones/adventurer/indiana_adventurer_hybrid.json' rigsetup on 'md6def/characters/standard/indiana_jones/indiana_wear_body.md6' while loading RunJobPrepared:idAnimationBlendJob
[1155] WARNING: idHybridPoseConstraintRigSetupInstance::RefreshInitForAnimator - Joint 'Gunbelt_Front_02_Hybrid' invalid, while running 'models/characters/indiana_jones/adventurer/indiana_adventurer_hybrid.json' rigsetup on 'md6def/characters/standard/indiana_jones/indiana_wear_body.md6' while loading RunJobPrepared:idAnimationBlendJob
[1155] WARNING: idHybridPoseConstraintRigSetupInstance::RefreshInitForAnimator - Joint 'Gunbelt_Front_02_Hybrid' invalid, while running 'models/characters/indiana_jones/adventurer/indiana_adventurer_hybrid.json' rigsetup on 'md6def/characters/standard/indiana_jones/indiana_wear_body.md6' while loading RunJobPrepared:idAnimationBlendJob
[1155] WARNING: idHybridPoseConstraintRigSetupInstance::RefreshInitForAnimator - Joint 'Gunbelt_Front_03_Hybrid' invalid, while running 'models/characters/indiana_jones/adventurer/indiana_adventurer_hybrid.json' rigsetup on 'md6def/characters/standard/indiana_jones/indiana_wear_body.md6' while loading RunJobPrepared:idAnimationBlendJob
[1155] WARNING: idHybridPoseConstraintRigSetupInstance::RefreshInitForAnimator - Joint 'Gunbelt_Front_02_Hybrid' invalid, while running 'models/characters/indiana_jones/adventurer/indiana_adventurer_hybrid.json' rigsetup on 'md6def/characters/standard/indiana_jones/indiana_wear_body.md6' while loading RunJobPrepared:idAnimationBlendJob
[1155] WARNING: idHybridPoseConstraintRigSetupInstance::RefreshInitForAnimator - Joint 'Center_Crotch_Hybrid' invalid, while running 'models/characters/indiana_jones/adventurer/indiana_adventurer_hybrid.json' rigsetup on 'md6def/characters/standard/indiana_jones/indiana_wear_body.md6' while loading RunJobPrepared:idAnimationBlendJob
[1155] WARNING: idHybridPoseConstraintRigSetupInstance::RefreshInitForAnimator - Joint 'Center_Crotch_Hybrid' invalid, while running 'models/characters/indiana_jones/adventurer/indiana_adventurer_hybrid.json' rigsetup on 'md6def/characters/standard/indiana_jones/indiana_wear_body.md6' while loading RunJobPrepared:idAnimationBlendJob
[1155] WARNING: idHybridPoseConstraintRigSetupInstance::RefreshInitForAnimator - Joint 'Center_Crotch_Hybrid' invalid, while running 'models/characters/indiana_jones/adventurer/indiana_adventurer_hybrid.json' rigsetup on 'md6def/characters/standard/indiana_jones/indiana_wear_body.md6' while loading RunJobPrepared:idAnimationBlendJob
[1155] WARNING: idHybridPoseConstraintRigSetupInstance::RefreshInitForAnimator - Joint 'Center_Crotch_Hybrid' invalid, while running 'models/characters/indiana_jones/adventurer/indiana_adventurer_hybrid.json' rigsetup on 'md6def/characters/standard/indiana_jones/indiana_wear_body.md6' while loading RunJobPrepared:idAnimationBlendJob
[1155] WARNING: idHybridPoseConstraintRigSetupInstance::RefreshInitForAnimator - Joint 'Center_Crotch_Hybrid' invalid, while running 'models/characters/indiana_jones/adventurer/indiana_adventurer_hybrid.json' rigsetup on 'md6def/characters/standard/indiana_jones/indiana_wear_body.md6' while loading RunJobPrepared:idAnimationBlendJob
[1155] WARNING: idHybridPoseConstraintRigSetupInstance::RefreshInitForAnimator - Joint 'Gunbelt_Front_01_Hybrid' invalid, while running 'models/characters/indiana_jones/adventurer/indiana_adventurer_hybrid.json' rigsetup on 'md6def/characters/standard/indiana_jones/indiana_wear_body.md6' while loading RunJobPrepared:idAnimationBlendJob
[1155] WARNING: idHybridPoseConstraintRigSetupInstance::RefreshInitForAnimator - Joint 'Gunbelt_Front_02_Hybrid' invalid, while running 'models/characters/indiana_jones/adventurer/indiana_adventurer_hybrid.json' rigsetup on 'md6def/characters/standard/indiana_jones/indiana_wear_body.md6' while loading RunJobPrepared:idAnimationBlendJob
[1155] WARNING: idHybridPoseConstraintRigSetupInstance::RefreshInitForAnimator - Joint 'Gunbelt_Front_01_Hybrid' invalid, while running 'models/characters/indiana_jones/adventurer/indiana_adventurer_hybrid.json' rigsetup on 'md6def/characters/standard/indiana_jones/indiana_wear_body.md6' while loading RunJobPrepared:idAnimationBlendJob
[1155] WARNING: idHybridPoseConstraintRigSetupInstance::RefreshInitForAnimator - Joint 'satchelAim_Hybrid' invalid, while running 'models/characters/indiana_jones/adventurer/indiana_adventurer_hybrid.json' rigsetup on 'md6def/characters/standard/indiana_jones/indiana_wear_body.md6' while loading RunJobPrepared:idAnimationBlendJob
[1155] WARNING: idHybridPoseConstraintRigSetupInstance::RefreshInitForAnimator - Joint 'satchelAim_Hybrid' invalid, while running 'models/characters/indiana_jones/adventurer/indiana_adventurer_hybrid.json' rigsetup on 'md6def/characters/standard/indiana_jones/indiana_wear_body.md6' while loading RunJobPrepared:idAnimationBlendJob
[1155] WARNING: idHybridPoseConstraintRigSetupInstance::RefreshInitForAnimator - Joint 'satchel_Hybrid' invalid, while running 'models/characters/indiana_jones/adventurer/indiana_adventurer_hybrid.json' rigsetup on 'md6def/characters/standard/indiana_jones/indiana_wear_body.md6' while loading RunJobPrepared:idAnimationBlendJob
[1155] WARNING: idHybridPoseConstraintRigSetupInstance::RefreshInitForAnimator - Joint 'satchel_Hybrid' invalid, while running 'models/characters/indiana_jones/adventurer/indiana_adventurer_hybrid.json' rigsetup on 'md6def/characters/standard/indiana_jones/indiana_wear_body.md6' while loading RunJobPrepared:idAnimationBlendJob
[1155] WARNING: idHybridPoseConstraintRigSetupInstance::RefreshInitForAnimator - Joint 'satchel_Hybrid' invalid, while running 'models/characters/indiana_jones/adventurer/indiana_adventurer_hybrid.json' rigsetup on 'md6def/characters/standard/indiana_jones/indiana_wear_body.md6' while loading RunJobPrepared:idAnimationBlendJob
[1155] WARNING: idHybridPoseConstraintRigSetupInstance::RefreshInitForAnimator - Joint 'satchel_Hybrid' invalid, while running 'models/characters/indiana_jones/adventurer/indiana_adventurer_hybrid.json' rigsetup on 'md6def/characters/standard/indiana_jones/indiana_wear_body.md6' while loading RunJobPrepared:idAnimationBlendJob
[1155] WARNING: idHybridPoseConstraintRigSetupInstance::RefreshInitForAnimator - Joint 'satchelAim_Hybrid' invalid, while running 'models/characters/indiana_jones/adventurer/indiana_adventurer_hybrid.json' rigsetup on 'md6def/characters/standard/indiana_jones/indiana_wear_body.md6' while loading RunJobPrepared:idAnimationBlendJob
[1155] WARNING: idHybridPoseConstraintRigSetupInstance::RefreshInitForAnimator - Joint 'satchel_Hybrid' invalid, while running 'models/characters/indiana_jones/adventurer/indiana_adventurer_hybrid.json' rigsetup on 'md6def/characters/standard/indiana_jones/indiana_wear_body.md6' while loading RunJobPrepared:idAnimationBlendJob
[1155] WARNING: idHybridPoseConstraintRigSetupInstance::RefreshInitForAnimator - Joint 'satchelBody_Hybrid' invalid, while running 'models/characters/indiana_jones/adventurer/indiana_adventurer_hybrid.json' rigsetup on 'md6def/characters/standard/indiana_jones/indiana_wear_body.md6' while loading RunJobPrepared:idAnimationBlendJob
[1155] WARNING: idHybridPoseConstraintRigSetupInstance::RefreshInitForAnimator - Joint 'satchelBody_Hybrid' invalid, while running 'models/characters/indiana_jones/adventurer/indiana_adventurer_hybrid.json' rigsetup on 'md6def/characters/standard/indiana_jones/indiana_wear_body.md6' while loading RunJobPrepared:idAnimationBlendJob
[1155] WARNING: idHybridPoseConstraintRigSetupInstance::RefreshInitForAnimator - Joint 'satchelBody_Hybrid' invalid, while running 'models/characters/indiana_jones/adventurer/indiana_adventurer_hybrid.json' rigsetup on 'md6def/characters/standard/indiana_jones/indiana_wear_body.md6' while loading RunJobPrepared:idAnimationBlendJob
[1155] WARNING: idHybridPoseConstraintRigSetupInstance::RefreshInitForAnimator - Joint 'Gunbelt_Back_02_Hybrid' invalid, while running 'models/characters/indiana_jones/adventurer/indiana_adventurer_hybrid.json' rigsetup on 'md6def/characters/standard/indiana_jones/indiana_wear_body.md6' while loading RunJobPrepared:idAnimationBlendJob
[1155] WARNING: idHybridPoseConstraintRigSetupInstance::RefreshInitForAnimator - Joint 'Gunbelt_Back_02_Hybrid' invalid, while running 'models/characters/indiana_jones/adventurer/indiana_adventurer_hybrid.json' rigsetup on 'md6def/characters/standard/indiana_jones/indiana_wear_body.md6' while loading RunJobPrepared:idAnimationBlendJob
[1155] WARNING: idHybridPoseConstraintRigSetupInstance::RefreshInitForAnimator - Joint 'Gunbelt_Back_02_Hybrid' invalid, while running 'models/characters/indiana_jones/adventurer/indiana_adventurer_hybrid.json' rigsetup on 'md6def/characters/standard/indiana_jones/indiana_wear_body.md6' while loading RunJobPrepared:idAnimationBlendJob
[1155] WARNING: idHybridPoseConstraintRigSetupInstance::RefreshInitForAnimator - Joint 'Gunbelt_Back_02_Hybrid' invalid, while running 'models/characters/indiana_jones/adventurer/indiana_adventurer_hybrid.json' rigsetup on 'md6def/characters/standard/indiana_jones/indiana_wear_body.md6' while loading RunJobPrepared:idAnimationBlendJob
[1155] WARNING: idHybridPoseConstraintRigSetupInstance::RefreshInitForAnimator - Joint 'Holster_Hybrid' invalid, while running 'models/characters/indiana_jones/adventurer/indiana_adventurer_hybrid.json' rigsetup on 'md6def/characters/standard/indiana_jones/indiana_wear_body.md6' while loading RunJobPrepared:idAnimationBlendJob
[1155] WARNING: idHybridPoseConstraintRigSetupInstance::RefreshInitForAnimator - Joint 'Gunbelt_Back_02_Hybrid' invalid, while running 'models/characters/indiana_jones/adventurer/indiana_adventurer_hybrid.json' rigsetup on 'md6def/characters/standard/indiana_jones/indiana_wear_body.md6' while loading RunJobPrepared:idAnimationBlendJob
[1155] WARNING: idHybridPoseConstraintRigSetupInstance::RefreshInitForAnimator - Joint 'Gunbelt_Back_01_Hybrid' invalid, while running 'models/characters/indiana_jones/adventurer/indiana_adventurer_hybrid.json' rigsetup on 'md6def/characters/standard/indiana_jones/indiana_wear_body.md6' while loading RunJobPrepared:idAnimationBlendJob
[1155] WARNING: idHybridPoseConstraintRigSetupInstance::RefreshInitForAnimator - Joint 'Gunbelt_Back_02_Hybrid' invalid, while running 'models/characters/indiana_jones/adventurer/indiana_adventurer_hybrid.json' rigsetup on 'md6def/characters/standard/indiana_jones/indiana_wear_body.md6' while loading RunJobPrepared:idAnimationBlendJob
[1155] WARNING: idHybridPoseConstraintRigSetupInstance::RefreshInitForAnimator - Joint 'Gunbelt_Back_01_Hybrid' invalid, while running 'models/characters/indiana_jones/adventurer/indiana_adventurer_hybrid.json' rigsetup on 'md6def/characters/standard/indiana_jones/indiana_wear_body.md6' while loading RunJobPrepared:idAnimationBlendJob
[1155] WARNING: idHybridPoseConstraintRigSetupInstance::RefreshInitForAnimator - Joint 'satchel_frontStrap_Hybrid' invalid, while running 'models/characters/indiana_jones/adventurer/indiana_adventurer_hybrid.json' rigsetup on 'md6def/characters/standard/indiana_jones/indiana_wear_body.md6' while loading RunJobPrepared:idAnimationBlendJob
[1155] WARNING: idHybridPoseConstraintRigSetupInstance::RefreshInitForAnimator - Joint 'satchel_Hybrid' invalid, while running 'models/characters/indiana_jones/adventurer/indiana_adventurer_hybrid.json' rigsetup on 'md6def/characters/standard/indiana_jones/indiana_wear_body.md6' while loading RunJobPrepared:idAnimationBlendJob
[1155] WARNING: idHybridPoseConstraintRigSetupInstance::RefreshInitForAnimator - Joint 'satchel_Hybrid' invalid, while running 'models/characters/indiana_jones/adventurer/indiana_adventurer_hybrid.json' rigsetup on 'md6def/characters/standard/indiana_jones/indiana_wear_body.md6' while loading RunJobPrepared:idAnimationBlendJob
[1155] WARNING: idHybridPoseConstraintRigSetupInstance::RefreshInitForAnimator - Joint 'satchel_frontStrap_Hybrid' invalid, while running 'models/characters/indiana_jones/adventurer/indiana_adventurer_hybrid.json' rigsetup on 'md6def/characters/standard/indiana_jones/indiana_wear_body.md6' while loading RunJobPrepared:idAnimationBlendJob
[1155] WARNING: idHybridPoseConstraintRigSetupInstance::RefreshInitForAnimator - Joint 'satchel_backStrap_Hybrid' invalid, while running 'models/characters/indiana_jones/adventurer/indiana_adventurer_hybrid.json' rigsetup on 'md6def/characters/standard/indiana_jones/indiana_wear_body.md6' while loading RunJobPrepared:idAnimationBlendJob
[1155] WARNING: idHybridPoseConstraintRigSetupInstance::RefreshInitForAnimator - Joint 'satchel_Hybrid' invalid, while running 'models/characters/indiana_jones/adventurer/indiana_adventurer_hybrid.json' rigsetup on 'md6def/characters/standard/indiana_jones/indiana_wear_body.md6' while loading RunJobPrepared:idAnimationBlendJob
[1155] WARNING: idHybridPoseConstraintRigSetupInstance::RefreshInitForAnimator - Joint 'satchel_Hybrid' invalid, while running 'models/characters/indiana_jones/adventurer/indiana_adventurer_hybrid.json' rigsetup on 'md6def/characters/standard/indiana_jones/indiana_wear_body.md6' while loading RunJobPrepared:idAnimationBlendJob
[1155] WARNING: idHybridPoseConstraintRigSetupInstance::RefreshInitForAnimator - Joint 'satchel_backStrap_Hybrid' invalid, while running 'models/characters/indiana_jones/adventurer/indiana_adventurer_hybrid.json' rigsetup on 'md6def/characters/standard/indiana_jones/indiana_wear_body.md6' while loading RunJobPrepared:idAnimationBlendJob
[1155] WARNING: idHybridPoseConstraintRigSetupInstance::RefreshInitForAnimator - Joint 'satchel_frontStrap_Hybrid' invalid, while running 'models/characters/indiana_jones/adventurer/indiana_adventurer_hybrid.json' rigsetup on 'md6def/characters/standard/indiana_jones/indiana_wear_body.md6' while loading RunJobPrepared:idAnimationBlendJob
[1155] WARNING: idHybridPoseConstraintRigSetupInstance::RefreshInitForAnimator - Joint 'satchel_Hybrid' invalid, while running 'models/characters/indiana_jones/adventurer/indiana_adventurer_hybrid.json' rigsetup on 'md6def/characters/standard/indiana_jones/indiana_wear_body.md6' while loading RunJobPrepared:idAnimationBlendJob
[1155] WARNING: idHybridPoseConstraintRigSetupInstance::RefreshInitForAnimator - Joint 'satchel_frontStrap_Aim_Hybrid' invalid, while running 'models/characters/indiana_jones/adventurer/indiana_adventurer_hybrid.json' rigsetup on 'md6def/characters/standard/indiana_jones/indiana_wear_body.md6' while loading RunJobPrepared:idAnimationBlendJob
[1155] WARNING: idHybridPoseConstraintRigSetupInstance::RefreshInitForAnimator - Joint 'satchel_backStrap_Hybrid' invalid, while running 'models/characters/indiana_jones/adventurer/indiana_adventurer_hybrid.json' rigsetup on 'md6def/characters/standard/indiana_jones/indiana_wear_body.md6' while loading RunJobPrepared:idAnimationBlendJob
[1155] WARNING: idHybridPoseConstraintRigSetupInstance::RefreshInitForAnimator - Joint 'satchel_Hybrid' invalid, while running 'models/characters/indiana_jones/adventurer/indiana_adventurer_hybrid.json' rigsetup on 'md6def/characters/standard/indiana_jones/indiana_wear_body.md6' while loading RunJobPrepared:idAnimationBlendJob
[1155] WARNING: idHybridPoseConstraintRigSetupInstance::RefreshInitForAnimator - Joint 'satchel_backStrap_Aim_Hybrid' invalid, while running 'models/characters/indiana_jones/adventurer/indiana_adventurer_hybrid.json' rigsetup on 'md6def/characters/standard/indiana_jones/indiana_wear_body.md6' while loading RunJobPrepared:idAnimationBlendJob
[1155] WARNING: idHybridPoseConstraintRigSetupInstance::RefreshInitForAnimator - Joint 'Center_Back_Collar_Hybrid' invalid, while running 'models/characters/indiana_jones/adventurer/indiana_adventurer_hybrid.json' rigsetup on 'md6def/characters/standard/indiana_jones/indiana_wear_body.md6' while loading RunJobPrepared:idAnimationBlendJob
[1155] WARNING: idHybridPoseConstraintRigSetupInstance::RefreshInitForAnimator - Joint 'Left_Front_Collar_Hybrid' invalid, while running 'models/characters/indiana_jones/adventurer/indiana_adventurer_hybrid.json' rigsetup on 'md6def/characters/standard/indiana_jones/indiana_wear_body.md6' while loading RunJobPrepared:idAnimationBlendJob
[1155] WARNING: idHybridPoseConstraintRigSetupInstance::RefreshInitForAnimator - Joint 'Left_Middle_Collar_Hybrid' invalid, while running 'models/characters/indiana_jones/adventurer/indiana_adventurer_hybrid.json' rigsetup on 'md6def/characters/standard/indiana_jones/indiana_wear_body.md6' while loading RunJobPrepared:idAnimationBlendJob
[1155] WARNING: idHybridPoseConstraintRigSetupInstance::RefreshInitForAnimator - Joint 'LeftForeArmRoll_shirt_02_Hybrid' invalid, while running 'models/characters/indiana_jones/adventurer/indiana_adventurer_hybrid.json' rigsetup on 'md6def/characters/standard/indiana_jones/indiana_wear_body.md6' while loading RunJobPrepared:idAnimationBlendJob
[1155] WARNING: idHybridPoseConstraintRigSetupInstance::RefreshInitForAnimator - Joint 'LeftShoulder_Collider_Hybrid' invalid, while running 'models/characters/indiana_jones/adventurer/indiana_adventurer_hybrid.json' rigsetup on 'md6def/characters/standard/indiana_jones/indiana_wear_body.md6' while loading RunJobPrepared:idAnimationBlendJob
[1155] WARNING: idHybridPoseConstraintRigSetupInstance::RefreshInitForAnimator - Joint 'Right_Front_Collar_Hybrid' invalid, while running 'models/characters/indiana_jones/adventurer/indiana_adventurer_hybrid.json' rigsetup on 'md6def/characters/standard/indiana_jones/indiana_wear_body.md6' while loading RunJobPrepared:idAnimationBlendJob
[1155] WARNING: idHybridPoseConstraintRigSetupInstance::RefreshInitForAnimator - Joint 'Right_Middle_Collar_Hybrid' invalid, while running 'models/characters/indiana_jones/adventurer/indiana_adventurer_hybrid.json' rigsetup on 'md6def/characters/standard/indiana_jones/indiana_wear_body.md6' while loading RunJobPrepared:idAnimationBlendJob
[1155] WARNING: idHybridPoseConstraintRigSetupInstance::RefreshInitForAnimator - Joint 'RightForeArmRoll_shirt_02_Hybrid' invalid, while running 'models/characters/indiana_jones/adventurer/indiana_adventurer_hybrid.json' rigsetup on 'md6def/characters/standard/indiana_jones/indiana_wear_body.md6' while loading RunJobPrepared:idAnimationBlendJob
[1155] WARNING: idHybridPoseConstraintRigSetupInstance::RefreshInitForAnimator - Joint 'RightShoulder_Collider_Hybrid' invalid, while running 'models/characters/indiana_jones/adventurer/indiana_adventurer_hybrid.json' rigsetup on 'md6def/characters/standard/indiana_jones/indiana_wear_body.md6' while loading RunJobPrepared:idAnimationBlendJob
[1155] ---------- idRenderWorldLocal::SpecificationComplete ----------
[1155] --------------------------------------
[1155] Unknown command 'sys_dumpMemory'
[1155] Map loaded in 0.17 seconds.
[1155] 2025-09-19T23:35:44.102+08:00 LOG: Starting a match!
[1155] AllocMapInstance took 0.1900 seconds.
[1155] AllocMapInstance(game/relic/college/college_night) took 0.219 s
[1155]  0.2 total seconds for map load
[1155] Spent 100.441ms waiting on streaming prefetch (completed).
[1155] 0.4 seconds to load game/relic/college/college_night
[1155] idGameSystemLocal::SetState: State changing from idGameSystemLocal::GAME_STATE_LOADING to idGameSystemLocal::GAME_STATE_INGAME
[1155] idLoadScreen::LevelLoadCompleted()
[1155] ------------ Map change completed! ------------
  Map Name: game/relic/college/college_night

[1155] idLogicNodeRelicProgression::Activate - No chapter data exists for the current chapter yet, aborting
[1155] idLogicNodeRelicProgression::Activate - No chapter data exists for the current chapter yet, aborting
[1155] Prefetch complete.
  Total bytes read: 0.00MB
  Total seeks: 0
  Image
     Total bytes read: 0.00MB
     Total seeks: 0
       <=1KB    : 0
       <=16KB   : 0
       <=128KB  : 0
       <=256KB  : 0
       <=512KB  : 0
       rest     : 0
  Geometry
     Total bytes read: 0.00MB
     Total seeks: 0
       <=1KB    : 0
       <=16KB   : 0
       <=128KB  : 0
       <=256KB  : 0
       <=512KB  : 0
       rest     : 0
  Audio
     Total bytes read: 0.00MB
     Total seeks: 0
  Geom cache
     Total bytes read: 0.00MB
     Total seeks: 0
  Light probe
     Total bytes read: 0.00MB
     Total seeks: 0
  Video
     Total bytes read: 0.00MB
     Total seeks: 0
[1159] WARNING: SWF swf/common/base_screen_4k.swf: Material path is required but is unset on sprite m while executing logicscript:dynamic_widget(hud/systemic/element/swf_default_interaction) from RunJobPrepared:LogicUI Object Job
[1205] WARNING: Tried to trigger non-existing voice over rule with entity 315 and entity 2e8 while loading RunJobPrepared:idTensionTrackerUpdateJob
[1227] NET: LeaveSharedContext: Leave game
[1227] LeaveSharedContext
[1227] NET: GameSessionLocalGameSession state: 5 (was 4)
[1227] NET: GameSessionLocalGameSession state: 0 (was 5)
[1227] New settings: framingType=0 renderUpscaler=1
[1227] Flushing device: game, resizeSwapChain: true, resizeViewDest: true, resizeImageNeedsFlush: false, deviceFlushRequired: true
[1227] Render size: 1280x540, Upsample Size: 3840x2160, Display Size: 3840x2160
[1227] idVulkanMemoryAllocator::FreeEmptyBlocks: Freed    0.125 MiB
[1227] WARNING: Resource deleted with staticResource set: _finalcolorhudless
[1227] Display supports compatible HDR mode. Enabling...
[1227] New enforced resolution scale framing sizes. 0x0 0x0 0x0. Version 4
[1227] New settings: framingType=2 dlssQuality=5 renderUpscaler=2
[1227] Display supports compatible HDR mode. Enabling...
[1228] New enforced resolution scale framing sizes. 1280x720 1280x720 1280x540. Version 5
[1228] Save Game slot file for 'GAME_DATA' has engine save version 52 and game save version 792
[1228] WARNING: Save Game [LEVEL_DATA] build version mismatch, expected '20250502-130137-148530_emerald-yellow' but found '20250813-152556-150040_brown-kelly'
[1228] Save Game slot file for 'LEVEL_DATA' has engine save version 52 and game save version 754
[1228] Game Type:     singleplayer
[1228] Game Sub-Type: default
[1228] idGameSystemLocal::SetState: State changing from idGameSystemLocal::GAME_STATE_INGAME to idGameSystemLocal::GAME_STATE_LOADING
[1228] HostSharedContext
[1228] NET: GameSessionLocalGameSession state: 3 (was 0)
[1228] WARNING: idOnlineUserLobbyComponent::DirtyLobbyUserLocalOnlineProfile() No valid online profile for the local player.
[1228] WARNING: Session: Local user is not signed into Playfab, session ticket will be empty
[1228] NET: "|CLI|Zerone_89" joined lobby [partyToken = fe78fcb3] [userIndex = 0] [peerIndex = -1] [team = 1].
[1228] ------------------------------------------
[1228] party fe78fcb3 team 1 user "|CLI|Zerone_89"
[1228] ------------------------------------------
[1228] StartPlayingGame
[1228] NET: GameSessionLocalGameSession state: 4 (was 3)
[1228] Modified CVars:
[1228] idGameSystemLocal::FreeMapInstance_Internal: Setting mapLocal = NULL
[1228] Checking to see if the chunk is installed now
[1228] Map change Async Job wait started
[1228] idMapInstanceLocal:Destructor 000001E6966F5040
[1228] --------- Game Map Shutdown ----------
[1228] Removing index[11] that was player[|CLI|Zerone_89] 
[1228] idLogicUISystemController_InventoryController::EquipSatchel: Entity not in view
[1228] num total mega pages: 26
[1228] num total small pages: 3315
[1228] peak active small pages: 3071
[1228] ------------ Game Shutdown -----------
[1228] --------------------------------------
[1228] ------------------------------
[1228] Havok Garbage Collection
[1228] Havok memory statistics: 0 0
[1228] Havok memory statistics: 0 0
[1228] Havok Memory Freed: 0
[1228] ------------------------------
[1228] Reset Heap Job 
[1228] WaitForIdle took 1.95ms
[1228] Warning: The following swfs were not deleted:
[1228] loading/loading_info
[1228] GeomCacheStreamer shutdown took 0.00s
[1228] ImageStreaming flush maptextures took 0.00s
[1228] Reset 0 reference counters in heap 3. 1 available.
[1228] ---------- ResetHeap (Map) ----------
[1228] Reset Heap Job Done
[1228] CreatePersistMapFile took 0.000 msec
[1228] Prefetching world
[1228] Streaming prefetch at 23.170000 -5.710000 1.700000 (entity script_script_spawnpoint_fight)
[1228] allocated 1 Brush Render Models
[1228] --------- Initializing Game ----------
[1228] mapName: game/relic/college/college_night
[1228] gameFlags: 68
[1228] initialMap: 0
[1228] gamedate: Aug 13 2025
[1228] Setting up Component entity system instance
[1228] 	mode (instance)  = 0
[1228] 	isInBuildGame    = false
[1228] 	isSingle         = true
[1228] 	isAI             = true
[1228] 	isDemo           = false
[1228] 	isMainMenu       = false
[1228] 	isSaveSupported  = true
[1228] 	isDormancyEnabled = true
[1228] game initialized.
[1228] idMapInstanceLocal:Constructor 000001E8FD4F1010
[1228] --------------------------------------
[1228] Save Game slot file for 'GAME_DATA' has engine save version 52 and game save version 792
[1228] WARNING: Save Game [LEVEL_DATA] build version mismatch, expected '20250502-130137-148530_emerald-yellow' but found '20250813-152556-150040_brown-kelly'
[1228] Save Game slot file for 'LEVEL_DATA' has engine save version 52 and game save version 754
[1228] Save Game slot file for 'GAME_DATA' has engine save version 52 and game save version 792
[1228] WARNING: decl couldn't read production file while loading entitydef:attachments/item/journal_peru_map_01b
[1228] WARNING: SaveGame : Missing resource 'idDeclEntityDef:attachments/item/journal_peru_map_01b' while loading resource-table!
[1228] WARNING: decl couldn't read production file while loading loadoutweapon:item/idol
[1228] WARNING: SaveGame : Missing resource 'idDeclLoadoutWeapon:item/idol' while loading resource-table!
[1228] WARNING: decl couldn't read production file while loading entitydef:attachments/key_item/peru/goldenidol
[1228] WARNING: SaveGame : Missing resource 'idDeclEntityDef:attachments/key_item/peru/goldenidol' while loading resource-table!
[1228] WARNING: decl couldn't read production file while loading material2:models/characters/indiana_jones/adventurer/tex/ij_head_doublecross
[1228] WARNING: SaveGame : Missing resource 'idMaterial2:models/characters/indiana_jones/adventurer/tex/ij_head_doublecross' while loading resource-table!
[1228] WARNING: decl couldn't read production file while loading damage:throwable/no_damage
[1228] WARNING: SaveGame : Missing resource 'idDeclDamage:throwable/no_damage' while loading resource-table!
[1228] WARNING: Save Game [LEVEL_DATA] build version mismatch, expected '20250502-130137-148530_emerald-yellow' but found '20250813-152556-150040_brown-kelly'
[1228] Save Game slot file for 'LEVEL_DATA' has engine save version 52 and game save version 754
[1228] ----------- LoadMap(game/relic/college/college_night) ------------
[1228] Sound nav volume college_night has 2469 cells and 15312 edges
[1228] Spawning world
[1228] create and spawn the worldspawn
[1228] idMapInstanceLocal::LoadMap: adding initial layers from worldspawn
[1228] BatchLoad(aiaction): loaded 0 resources in serial in 0.000s (-nan(ind)us/resource)
[1228] BatchLoad(aitype): loaded 0 resources in serial in 0.000s (-nan(ind)us/resource)
[1228] spawn map entities
[1228] Found 1026 map entities
[1228] BatchLoad(model): loaded 1305 resources in serial in 0.000s (0.186us/resource)
[1228] BatchLoad(modelstream): loaded 87 resources in serial in 0.000s (0.253us/resource)
[1228] BatchLoad(vegetationdeformation): loaded 6 resources in serial in 0.000s (0.500us/resource)
[1228] MapFileStaticInstances info:
[1228] 	Num model instances = 7108
[1228] 	Num decals = 1709
[1228] 	Num scatter points = 0
[1228] 	Num sectors = 11
[1228] 	Num objects in sectors = 8817
[1228] 	Num uncovered objects in sectors = 1502
[1228] Skipped 0 non-production entities
[1228] Skipped 1462 savegame entities
[1228] Registered 0 map entities
[1228] Spawned Layers in the current map:
[1228] 	0: world
[1228] ---
[1228] Spawned Layers on next map load:[1228] ---
[1228] Initializing 0 entities
[1228] Spawning 0 entities
[1228] BatchLoad(havokshape): loaded 1113 resources in serial in 0.000s (0.338us/resource)
[1228] setup 365 static collision bodies (1 convex, 364 collision, 0 procedural)
[1228] WARNING: issue entity 'item/idol-actor_player_11_weapon6' - Failed to initialize weapon entity 'item/idol-actor_player_11_weapon6', weapon has no decl (!IsValid()). Destroying entity. while loading RunJobPrepared:idActiveWeaponInitializeJob
[1228] WARNING: issue entity 'item/journal_override-actor_player_11_weapon6_S_752' - failed to load rendermodel 'md6def/gameplay/interactables/peru_map_pieces_01a/peru_map_journal_01a/peru_map_journal_01b.md6', destroying entity 'item/journal_override-actor_player_11_weapon6_S_752' while loading idRenderModelInitializeJob:item/journal_override-actor_player_11_weapon6_S_752 from RunJobPrepared:idRenderModelInitializeJob
[1228] WARNING: issue entity 'item/idol-actor_player_11_weapon6' - failed to load rendermodel 'md6def/gameplay/interactables/goldenidol/goldenidol.md6', destroying entity 'item/idol-actor_player_11_weapon6' while loading idRenderModelInitializeJob:item/idol-actor_player_11_weapon6 from RunJobPrepared:idRenderModelInitializeJob
[1228] WARNING: issue entity 'item/journal_override-actor_player_11_weapon6_S_752' - Cannot create physics-shape for entity 'item/journal_override-actor_player_11_weapon6_S_752', RENDERMODEL_BOUNDS set with no model while loading idPhysicsInitializeJob:item/journal_override-actor_player_11_weapon6_S_752 from RunJobPrepared:idPhysicsInitializeJob
[1228] WARNING: issue entity 'item/journal_override-actor_player_11_weapon6_S_752' - Cannot create physics-shape for entity 'item/journal_override-actor_player_11_weapon6_S_752', RENDERMODEL_BOUNDS model has no volume while loading idPhysicsInitializeJob:item/journal_override-actor_player_11_weapon6_S_752 from RunJobPrepared:idPhysicsInitializeJob
[1228] WARNING: issue entity 'item/journal_override-actor_player_11_weapon6_S_752' - Failed to create physics shape, destroying entity 'item/journal_override-actor_player_11_weapon6_S_752' while loading idPhysicsInitializeJob:item/journal_override-actor_player_11_weapon6_S_752 from RunJobPrepared:idPhysicsInitializeJob
[1228] WARNING: issue entity 'item/idol-actor_player_11_weapon6' - Cannot create physics-shape for entity 'item/idol-actor_player_11_weapon6', RENDERMODEL_BOUNDS set with no model while loading idPhysicsInitializeJob:item/idol-actor_player_11_weapon6 from RunJobPrepared:idPhysicsInitializeJob
[1228] WARNING: issue entity 'item/idol-actor_player_11_weapon6' - Cannot create physics-shape for entity 'item/idol-actor_player_11_weapon6', RENDERMODEL_BOUNDS model has no volume while loading idPhysicsInitializeJob:item/idol-actor_player_11_weapon6 from RunJobPrepared:idPhysicsInitializeJob
[1228] WARNING: issue entity 'item/idol-actor_player_11_weapon6' - Failed to create physics shape, destroying entity 'item/idol-actor_player_11_weapon6' while loading idPhysicsInitializeJob:item/idol-actor_player_11_weapon6 from RunJobPrepared:idPhysicsInitializeJob
[1228] Create Referenced EntityDefs List
[1228] WARNING: Dangling reference in map: Entity "script_wat_mahathat_gameplay_water_moving" first referenced by "<unknown>"
[1228] WARNING: Dangling reference in map: Entity "script_wat_mahathat_gameplay_water_moving1" first referenced by "<unknown>"
[1228] WARNING: Dangling reference in map: Entity "script_wat_mahathat_dynamic_water_20" first referenced by "<unknown>"
[1228] ==== Processing events ====
[1228] ==== Processing events ====
[1228] Disabling all sectors and showing all models
[1228] Adding player: |CLI|Zerone_89
[1228] WARNING: idHybridPoseConstraintRigSetupInstance::RefreshInitForAnimator - Joint 'adventure_belt_01_Hybrid' invalid, while running 'models/characters/indiana_jones/adventurer/indiana_adventurer_hybrid.json' rigsetup on 'md6def/characters/standard/indiana_jones/indiana_wear_body.md6' while loading RunJobPrepared:idAnimationBlendJob
[1228] WARNING: idHybridPoseConstraintRigSetupInstance::RefreshInitForAnimator - Joint 'adventure_belt_02_Hybrid' invalid, while running 'models/characters/indiana_jones/adventurer/indiana_adventurer_hybrid.json' rigsetup on 'md6def/characters/standard/indiana_jones/indiana_wear_body.md6' while loading RunJobPrepared:idAnimationBlendJob
[1228] WARNING: idHybridPoseConstraintRigSetupInstance::RefreshInitForAnimator - Joint 'adventure_belt_02_Hybrid' invalid, while running 'models/characters/indiana_jones/adventurer/indiana_adventurer_hybrid.json' rigsetup on 'md6def/characters/standard/indiana_jones/indiana_wear_body.md6' while loading RunJobPrepared:idAnimationBlendJob
[1228] WARNING: idHybridPoseConstraintRigSetupInstance::RefreshInitForAnimator - Joint 'adventure_belt_02_Hybrid' invalid, while running 'models/characters/indiana_jones/adventurer/indiana_adventurer_hybrid.json' rigsetup on 'md6def/characters/standard/indiana_jones/indiana_wear_body.md6' while loading RunJobPrepared:idAnimationBlendJob
[1228] WARNING: idHybridPoseConstraintRigSetupInstance::RefreshInitForAnimator - Joint 'adventure_belt_03_Hybrid' invalid, while running 'models/characters/indiana_jones/adventurer/indiana_adventurer_hybrid.json' rigsetup on 'md6def/characters/standard/indiana_jones/indiana_wear_body.md6' while loading RunJobPrepared:idAnimationBlendJob
[1228] WARNING: idHybridPoseConstraintRigSetupInstance::RefreshInitForAnimator - Joint 'adventure_belt_03_Hybrid' invalid, while running 'models/characters/indiana_jones/adventurer/indiana_adventurer_hybrid.json' rigsetup on 'md6def/characters/standard/indiana_jones/indiana_wear_body.md6' while loading RunJobPrepared:idAnimationBlendJob
[1228] WARNING: idHybridPoseConstraintRigSetupInstance::RefreshInitForAnimator - Joint 'adventure_belt_03_Hybrid' invalid, while running 'models/characters/indiana_jones/adventurer/indiana_adventurer_hybrid.json' rigsetup on 'md6def/characters/standard/indiana_jones/indiana_wear_body.md6' while loading RunJobPrepared:idAnimationBlendJob
[1228] WARNING: idHybridPoseConstraintRigSetupInstance::RefreshInitForAnimator - Joint 'Holster_Hybrid' invalid, while running 'models/characters/indiana_jones/adventurer/indiana_adventurer_hybrid.json' rigsetup on 'md6def/characters/standard/indiana_jones/indiana_wear_body.md6' while loading RunJobPrepared:idAnimationBlendJob
[1228] WARNING: idHybridPoseConstraintRigSetupInstance::RefreshInitForAnimator - Joint 'Holster_Hybrid' invalid, while running 'models/characters/indiana_jones/adventurer/indiana_adventurer_hybrid.json' rigsetup on 'md6def/characters/standard/indiana_jones/indiana_wear_body.md6' while loading RunJobPrepared:idAnimationBlendJob
[1228] WARNING: idHybridPoseConstraintRigSetupInstance::RefreshInitForAnimator - Joint 'Holster_Hybrid' invalid, while running 'models/characters/indiana_jones/adventurer/indiana_adventurer_hybrid.json' rigsetup on 'md6def/characters/standard/indiana_jones/indiana_wear_body.md6' while loading RunJobPrepared:idAnimationBlendJob
[1228] WARNING: idHybridPoseConstraintRigSetupInstance::RefreshInitForAnimator - Joint 'Holster_Hybrid' invalid, while running 'models/characters/indiana_jones/adventurer/indiana_adventurer_hybrid.json' rigsetup on 'md6def/characters/standard/indiana_jones/indiana_wear_body.md6' while loading RunJobPrepared:idAnimationBlendJob
[1228] WARNING: idHybridPoseConstraintRigSetupInstance::RefreshInitForAnimator - Joint 'Holster_Hybrid' invalid, while running 'models/characters/indiana_jones/adventurer/indiana_adventurer_hybrid.json' rigsetup on 'md6def/characters/standard/indiana_jones/indiana_wear_body.md6' while loading RunJobPrepared:idAnimationBlendJob
[1228] WARNING: idHybridPoseConstraintRigSetupInstance::RefreshInitForAnimator - Joint 'Holster_Hybrid' invalid, while running 'models/characters/indiana_jones/adventurer/indiana_adventurer_hybrid.json' rigsetup on 'md6def/characters/standard/indiana_jones/indiana_wear_body.md6' while loading RunJobPrepared:idAnimationBlendJob
[1228] WARNING: idHybridPoseConstraintRigSetupInstance::RefreshInitForAnimator - Joint 'Gunbelt_Front_03_Hybrid' invalid, while running 'models/characters/indiana_jones/adventurer/indiana_adventurer_hybrid.json' rigsetup on 'md6def/characters/standard/indiana_jones/indiana_wear_body.md6' while loading RunJobPrepared:idAnimationBlendJob
[1228] WARNING: idHybridPoseConstraintRigSetupInstance::RefreshInitForAnimator - Joint 'Holster_Hybrid' invalid, while running 'models/characters/indiana_jones/adventurer/indiana_adventurer_hybrid.json' rigsetup on 'md6def/characters/standard/indiana_jones/indiana_wear_body.md6' while loading RunJobPrepared:idAnimationBlendJob
[1228] WARNING: idHybridPoseConstraintRigSetupInstance::RefreshInitForAnimator - Joint 'Gunbelt_Front_03_Hybrid' invalid, while running 'models/characters/indiana_jones/adventurer/indiana_adventurer_hybrid.json' rigsetup on 'md6def/characters/standard/indiana_jones/indiana_wear_body.md6' while loading RunJobPrepared:idAnimationBlendJob
[1228] WARNING: idHybridPoseConstraintRigSetupInstance::RefreshInitForAnimator - Joint 'Gunbelt_Front_02_Hybrid' invalid, while running 'models/characters/indiana_jones/adventurer/indiana_adventurer_hybrid.json' rigsetup on 'md6def/characters/standard/indiana_jones/indiana_wear_body.md6' while loading RunJobPrepared:idAnimationBlendJob
[1228] WARNING: idHybridPoseConstraintRigSetupInstance::RefreshInitForAnimator - Joint 'Gunbelt_Front_02_Hybrid' invalid, while running 'models/characters/indiana_jones/adventurer/indiana_adventurer_hybrid.json' rigsetup on 'md6def/characters/standard/indiana_jones/indiana_wear_body.md6' while loading RunJobPrepared:idAnimationBlendJob
[1228] WARNING: idHybridPoseConstraintRigSetupInstance::RefreshInitForAnimator - Joint 'Gunbelt_Front_02_Hybrid' invalid, while running 'models/characters/indiana_jones/adventurer/indiana_adventurer_hybrid.json' rigsetup on 'md6def/characters/standard/indiana_jones/indiana_wear_body.md6' while loading RunJobPrepared:idAnimationBlendJob
[1228] WARNING: idHybridPoseConstraintRigSetupInstance::RefreshInitForAnimator - Joint 'Gunbelt_Front_02_Hybrid' invalid, while running 'models/characters/indiana_jones/adventurer/indiana_adventurer_hybrid.json' rigsetup on 'md6def/characters/standard/indiana_jones/indiana_wear_body.md6' while loading RunJobPrepared:idAnimationBlendJob
[1228] WARNING: idHybridPoseConstraintRigSetupInstance::RefreshInitForAnimator - Joint 'Gunbelt_Front_03_Hybrid' invalid, while running 'models/characters/indiana_jones/adventurer/indiana_adventurer_hybrid.json' rigsetup on 'md6def/characters/standard/indiana_jones/indiana_wear_body.md6' while loading RunJobPrepared:idAnimationBlendJob
[1228] WARNING: idHybridPoseConstraintRigSetupInstance::RefreshInitForAnimator - Joint 'Gunbelt_Front_02_Hybrid' invalid, while running 'models/characters/indiana_jones/adventurer/indiana_adventurer_hybrid.json' rigsetup on 'md6def/characters/standard/indiana_jones/indiana_wear_body.md6' while loading RunJobPrepared:idAnimationBlendJob
[1228] WARNING: idHybridPoseConstraintRigSetupInstance::RefreshInitForAnimator - Joint 'Center_Crotch_Hybrid' invalid, while running 'models/characters/indiana_jones/adventurer/indiana_adventurer_hybrid.json' rigsetup on 'md6def/characters/standard/indiana_jones/indiana_wear_body.md6' while loading RunJobPrepared:idAnimationBlendJob
[1228] WARNING: idHybridPoseConstraintRigSetupInstance::RefreshInitForAnimator - Joint 'Center_Crotch_Hybrid' invalid, while running 'models/characters/indiana_jones/adventurer/indiana_adventurer_hybrid.json' rigsetup on 'md6def/characters/standard/indiana_jones/indiana_wear_body.md6' while loading RunJobPrepared:idAnimationBlendJob
[1228] WARNING: idHybridPoseConstraintRigSetupInstance::RefreshInitForAnimator - Joint 'Center_Crotch_Hybrid' invalid, while running 'models/characters/indiana_jones/adventurer/indiana_adventurer_hybrid.json' rigsetup on 'md6def/characters/standard/indiana_jones/indiana_wear_body.md6' while loading RunJobPrepared:idAnimationBlendJob
[1228] WARNING: idHybridPoseConstraintRigSetupInstance::RefreshInitForAnimator - Joint 'Center_Crotch_Hybrid' invalid, while running 'models/characters/indiana_jones/adventurer/indiana_adventurer_hybrid.json' rigsetup on 'md6def/characters/standard/indiana_jones/indiana_wear_body.md6' while loading RunJobPrepared:idAnimationBlendJob
[1228] WARNING: idHybridPoseConstraintRigSetupInstance::RefreshInitForAnimator - Joint 'Center_Crotch_Hybrid' invalid, while running 'models/characters/indiana_jones/adventurer/indiana_adventurer_hybrid.json' rigsetup on 'md6def/characters/standard/indiana_jones/indiana_wear_body.md6' while loading RunJobPrepared:idAnimationBlendJob
[1228] WARNING: idHybridPoseConstraintRigSetupInstance::RefreshInitForAnimator - Joint 'Gunbelt_Front_01_Hybrid' invalid, while running 'models/characters/indiana_jones/adventurer/indiana_adventurer_hybrid.json' rigsetup on 'md6def/characters/standard/indiana_jones/indiana_wear_body.md6' while loading RunJobPrepared:idAnimationBlendJob
[1228] WARNING: idHybridPoseConstraintRigSetupInstance::RefreshInitForAnimator - Joint 'Gunbelt_Front_02_Hybrid' invalid, while running 'models/characters/indiana_jones/adventurer/indiana_adventurer_hybrid.json' rigsetup on 'md6def/characters/standard/indiana_jones/indiana_wear_body.md6' while loading RunJobPrepared:idAnimationBlendJob
[1228] WARNING: idHybridPoseConstraintRigSetupInstance::RefreshInitForAnimator - Joint 'Gunbelt_Front_01_Hybrid' invalid, while running 'models/characters/indiana_jones/adventurer/indiana_adventurer_hybrid.json' rigsetup on 'md6def/characters/standard/indiana_jones/indiana_wear_body.md6' while loading RunJobPrepared:idAnimationBlendJob
[1228] WARNING: idHybridPoseConstraintRigSetupInstance::RefreshInitForAnimator - Joint 'satchelAim_Hybrid' invalid, while running 'models/characters/indiana_jones/adventurer/indiana_adventurer_hybrid.json' rigsetup on 'md6def/characters/standard/indiana_jones/indiana_wear_body.md6' while loading RunJobPrepared:idAnimationBlendJob
[1228] WARNING: idHybridPoseConstraintRigSetupInstance::RefreshInitForAnimator - Joint 'satchelAim_Hybrid' invalid, while running 'models/characters/indiana_jones/adventurer/indiana_adventurer_hybrid.json' rigsetup on 'md6def/characters/standard/indiana_jones/indiana_wear_body.md6' while loading RunJobPrepared:idAnimationBlendJob
[1228] WARNING: idHybridPoseConstraintRigSetupInstance::RefreshInitForAnimator - Joint 'satchel_Hybrid' invalid, while running 'models/characters/indiana_jones/adventurer/indiana_adventurer_hybrid.json' rigsetup on 'md6def/characters/standard/indiana_jones/indiana_wear_body.md6' while loading RunJobPrepared:idAnimationBlendJob
[1228] WARNING: idHybridPoseConstraintRigSetupInstance::RefreshInitForAnimator - Joint 'satchel_Hybrid' invalid, while running 'models/characters/indiana_jones/adventurer/indiana_adventurer_hybrid.json' rigsetup on 'md6def/characters/standard/indiana_jones/indiana_wear_body.md6' while loading RunJobPrepared:idAnimationBlendJob
[1228] WARNING: idHybridPoseConstraintRigSetupInstance::RefreshInitForAnimator - Joint 'satchel_Hybrid' invalid, while running 'models/characters/indiana_jones/adventurer/indiana_adventurer_hybrid.json' rigsetup on 'md6def/characters/standard/indiana_jones/indiana_wear_body.md6' while loading RunJobPrepared:idAnimationBlendJob
[1228] WARNING: idHybridPoseConstraintRigSetupInstance::RefreshInitForAnimator - Joint 'satchel_Hybrid' invalid, while running 'models/characters/indiana_jones/adventurer/indiana_adventurer_hybrid.json' rigsetup on 'md6def/characters/standard/indiana_jones/indiana_wear_body.md6' while loading RunJobPrepared:idAnimationBlendJob
[1228] WARNING: idHybridPoseConstraintRigSetupInstance::RefreshInitForAnimator - Joint 'satchelAim_Hybrid' invalid, while running 'models/characters/indiana_jones/adventurer/indiana_adventurer_hybrid.json' rigsetup on 'md6def/characters/standard/indiana_jones/indiana_wear_body.md6' while loading RunJobPrepared:idAnimationBlendJob
[1228] WARNING: idHybridPoseConstraintRigSetupInstance::RefreshInitForAnimator - Joint 'satchel_Hybrid' invalid, while running 'models/characters/indiana_jones/adventurer/indiana_adventurer_hybrid.json' rigsetup on 'md6def/characters/standard/indiana_jones/indiana_wear_body.md6' while loading RunJobPrepared:idAnimationBlendJob
[1228] WARNING: idHybridPoseConstraintRigSetupInstance::RefreshInitForAnimator - Joint 'satchelBody_Hybrid' invalid, while running 'models/characters/indiana_jones/adventurer/indiana_adventurer_hybrid.json' rigsetup on 'md6def/characters/standard/indiana_jones/indiana_wear_body.md6' while loading RunJobPrepared:idAnimationBlendJob
[1228] WARNING: idHybridPoseConstraintRigSetupInstance::RefreshInitForAnimator - Joint 'satchelBody_Hybrid' invalid, while running 'models/characters/indiana_jones/adventurer/indiana_adventurer_hybrid.json' rigsetup on 'md6def/characters/standard/indiana_jones/indiana_wear_body.md6' while loading RunJobPrepared:idAnimationBlendJob
[1228] WARNING: idHybridPoseConstraintRigSetupInstance::RefreshInitForAnimator - Joint 'satchelBody_Hybrid' invalid, while running 'models/characters/indiana_jones/adventurer/indiana_adventurer_hybrid.json' rigsetup on 'md6def/characters/standard/indiana_jones/indiana_wear_body.md6' while loading RunJobPrepared:idAnimationBlendJob
[1228] WARNING: idHybridPoseConstraintRigSetupInstance::RefreshInitForAnimator - Joint 'Gunbelt_Back_02_Hybrid' invalid, while running 'models/characters/indiana_jones/adventurer/indiana_adventurer_hybrid.json' rigsetup on 'md6def/characters/standard/indiana_jones/indiana_wear_body.md6' while loading RunJobPrepared:idAnimationBlendJob
[1228] WARNING: idHybridPoseConstraintRigSetupInstance::RefreshInitForAnimator - Joint 'Gunbelt_Back_02_Hybrid' invalid, while running 'models/characters/indiana_jones/adventurer/indiana_adventurer_hybrid.json' rigsetup on 'md6def/characters/standard/indiana_jones/indiana_wear_body.md6' while loading RunJobPrepared:idAnimationBlendJob
[1228] WARNING: idHybridPoseConstraintRigSetupInstance::RefreshInitForAnimator - Joint 'Gunbelt_Back_02_Hybrid' invalid, while running 'models/characters/indiana_jones/adventurer/indiana_adventurer_hybrid.json' rigsetup on 'md6def/characters/standard/indiana_jones/indiana_wear_body.md6' while loading RunJobPrepared:idAnimationBlendJob
[1228] WARNING: idHybridPoseConstraintRigSetupInstance::RefreshInitForAnimator - Joint 'Gunbelt_Back_02_Hybrid' invalid, while running 'models/characters/indiana_jones/adventurer/indiana_adventurer_hybrid.json' rigsetup on 'md6def/characters/standard/indiana_jones/indiana_wear_body.md6' while loading RunJobPrepared:idAnimationBlendJob
[1228] WARNING: idHybridPoseConstraintRigSetupInstance::RefreshInitForAnimator - Joint 'Holster_Hybrid' invalid, while running 'models/characters/indiana_jones/adventurer/indiana_adventurer_hybrid.json' rigsetup on 'md6def/characters/standard/indiana_jones/indiana_wear_body.md6' while loading RunJobPrepared:idAnimationBlendJob
[1228] WARNING: idHybridPoseConstraintRigSetupInstance::RefreshInitForAnimator - Joint 'Gunbelt_Back_02_Hybrid' invalid, while running 'models/characters/indiana_jones/adventurer/indiana_adventurer_hybrid.json' rigsetup on 'md6def/characters/standard/indiana_jones/indiana_wear_body.md6' while loading RunJobPrepared:idAnimationBlendJob
[1228] WARNING: idHybridPoseConstraintRigSetupInstance::RefreshInitForAnimator - Joint 'Gunbelt_Back_01_Hybrid' invalid, while running 'models/characters/indiana_jones/adventurer/indiana_adventurer_hybrid.json' rigsetup on 'md6def/characters/standard/indiana_jones/indiana_wear_body.md6' while loading RunJobPrepared:idAnimationBlendJob
[1228] WARNING: idHybridPoseConstraintRigSetupInstance::RefreshInitForAnimator - Joint 'Gunbelt_Back_02_Hybrid' invalid, while running 'models/characters/indiana_jones/adventurer/indiana_adventurer_hybrid.json' rigsetup on 'md6def/characters/standard/indiana_jones/indiana_wear_body.md6' while loading RunJobPrepared:idAnimationBlendJob
[1228] WARNING: idHybridPoseConstraintRigSetupInstance::RefreshInitForAnimator - Joint 'Gunbelt_Back_01_Hybrid' invalid, while running 'models/characters/indiana_jones/adventurer/indiana_adventurer_hybrid.json' rigsetup on 'md6def/characters/standard/indiana_jones/indiana_wear_body.md6' while loading RunJobPrepared:idAnimationBlendJob
[1228] WARNING: idHybridPoseConstraintRigSetupInstance::RefreshInitForAnimator - Joint 'satchel_frontStrap_Hybrid' invalid, while running 'models/characters/indiana_jones/adventurer/indiana_adventurer_hybrid.json' rigsetup on 'md6def/characters/standard/indiana_jones/indiana_wear_body.md6' while loading RunJobPrepared:idAnimationBlendJob
[1228] WARNING: idHybridPoseConstraintRigSetupInstance::RefreshInitForAnimator - Joint 'satchel_Hybrid' invalid, while running 'models/characters/indiana_jones/adventurer/indiana_adventurer_hybrid.json' rigsetup on 'md6def/characters/standard/indiana_jones/indiana_wear_body.md6' while loading RunJobPrepared:idAnimationBlendJob
[1228] WARNING: idHybridPoseConstraintRigSetupInstance::RefreshInitForAnimator - Joint 'satchel_Hybrid' invalid, while running 'models/characters/indiana_jones/adventurer/indiana_adventurer_hybrid.json' rigsetup on 'md6def/characters/standard/indiana_jones/indiana_wear_body.md6' while loading RunJobPrepared:idAnimationBlendJob
[1228] WARNING: idHybridPoseConstraintRigSetupInstance::RefreshInitForAnimator - Joint 'satchel_frontStrap_Hybrid' invalid, while running 'models/characters/indiana_jones/adventurer/indiana_adventurer_hybrid.json' rigsetup on 'md6def/characters/standard/indiana_jones/indiana_wear_body.md6' while loading RunJobPrepared:idAnimationBlendJob
[1228] WARNING: idHybridPoseConstraintRigSetupInstance::RefreshInitForAnimator - Joint 'satchel_backStrap_Hybrid' invalid, while running 'models/characters/indiana_jones/adventurer/indiana_adventurer_hybrid.json' rigsetup on 'md6def/characters/standard/indiana_jones/indiana_wear_body.md6' while loading RunJobPrepared:idAnimationBlendJob
[1228] WARNING: idHybridPoseConstraintRigSetupInstance::RefreshInitForAnimator - Joint 'satchel_Hybrid' invalid, while running 'models/characters/indiana_jones/adventurer/indiana_adventurer_hybrid.json' rigsetup on 'md6def/characters/standard/indiana_jones/indiana_wear_body.md6' while loading RunJobPrepared:idAnimationBlendJob
[1228] WARNING: idHybridPoseConstraintRigSetupInstance::RefreshInitForAnimator - Joint 'satchel_Hybrid' invalid, while running 'models/characters/indiana_jones/adventurer/indiana_adventurer_hybrid.json' rigsetup on 'md6def/characters/standard/indiana_jones/indiana_wear_body.md6' while loading RunJobPrepared:idAnimationBlendJob
[1228] WARNING: idHybridPoseConstraintRigSetupInstance::RefreshInitForAnimator - Joint 'satchel_backStrap_Hybrid' invalid, while running 'models/characters/indiana_jones/adventurer/indiana_adventurer_hybrid.json' rigsetup on 'md6def/characters/standard/indiana_jones/indiana_wear_body.md6' while loading RunJobPrepared:idAnimationBlendJob
[1228] WARNING: idHybridPoseConstraintRigSetupInstance::RefreshInitForAnimator - Joint 'satchel_frontStrap_Hybrid' invalid, while running 'models/characters/indiana_jones/adventurer/indiana_adventurer_hybrid.json' rigsetup on 'md6def/characters/standard/indiana_jones/indiana_wear_body.md6' while loading RunJobPrepared:idAnimationBlendJob
[1228] WARNING: idHybridPoseConstraintRigSetupInstance::RefreshInitForAnimator - Joint 'satchel_Hybrid' invalid, while running 'models/characters/indiana_jones/adventurer/indiana_adventurer_hybrid.json' rigsetup on 'md6def/characters/standard/indiana_jones/indiana_wear_body.md6' while loading RunJobPrepared:idAnimationBlendJob
[1228] WARNING: idHybridPoseConstraintRigSetupInstance::RefreshInitForAnimator - Joint 'satchel_frontStrap_Aim_Hybrid' invalid, while running 'models/characters/indiana_jones/adventurer/indiana_adventurer_hybrid.json' rigsetup on 'md6def/characters/standard/indiana_jones/indiana_wear_body.md6' while loading RunJobPrepared:idAnimationBlendJob
[1228] WARNING: idHybridPoseConstraintRigSetupInstance::RefreshInitForAnimator - Joint 'satchel_backStrap_Hybrid' invalid, while running 'models/characters/indiana_jones/adventurer/indiana_adventurer_hybrid.json' rigsetup on 'md6def/characters/standard/indiana_jones/indiana_wear_body.md6' while loading RunJobPrepared:idAnimationBlendJob
[1228] WARNING: idHybridPoseConstraintRigSetupInstance::RefreshInitForAnimator - Joint 'satchel_Hybrid' invalid, while running 'models/characters/indiana_jones/adventurer/indiana_adventurer_hybrid.json' rigsetup on 'md6def/characters/standard/indiana_jones/indiana_wear_body.md6' while loading RunJobPrepared:idAnimationBlendJob
[1228] WARNING: idHybridPoseConstraintRigSetupInstance::RefreshInitForAnimator - Joint 'satchel_backStrap_Aim_Hybrid' invalid, while running 'models/characters/indiana_jones/adventurer/indiana_adventurer_hybrid.json' rigsetup on 'md6def/characters/standard/indiana_jones/indiana_wear_body.md6' while loading RunJobPrepared:idAnimationBlendJob
[1228] WARNING: idHybridPoseConstraintRigSetupInstance::RefreshInitForAnimator - Joint 'Center_Back_Collar_Hybrid' invalid, while running 'models/characters/indiana_jones/adventurer/indiana_adventurer_hybrid.json' rigsetup on 'md6def/characters/standard/indiana_jones/indiana_wear_body.md6' while loading RunJobPrepared:idAnimationBlendJob
[1228] WARNING: idHybridPoseConstraintRigSetupInstance::RefreshInitForAnimator - Joint 'Left_Front_Collar_Hybrid' invalid, while running 'models/characters/indiana_jones/adventurer/indiana_adventurer_hybrid.json' rigsetup on 'md6def/characters/standard/indiana_jones/indiana_wear_body.md6' while loading RunJobPrepared:idAnimationBlendJob
[1228] WARNING: idHybridPoseConstraintRigSetupInstance::RefreshInitForAnimator - Joint 'Left_Middle_Collar_Hybrid' invalid, while running 'models/characters/indiana_jones/adventurer/indiana_adventurer_hybrid.json' rigsetup on 'md6def/characters/standard/indiana_jones/indiana_wear_body.md6' while loading RunJobPrepared:idAnimationBlendJob
[1228] WARNING: idHybridPoseConstraintRigSetupInstance::RefreshInitForAnimator - Joint 'LeftForeArmRoll_shirt_02_Hybrid' invalid, while running 'models/characters/indiana_jones/adventurer/indiana_adventurer_hybrid.json' rigsetup on 'md6def/characters/standard/indiana_jones/indiana_wear_body.md6' while loading RunJobPrepared:idAnimationBlendJob
[1228] WARNING: idHybridPoseConstraintRigSetupInstance::RefreshInitForAnimator - Joint 'LeftShoulder_Collider_Hybrid' invalid, while running 'models/characters/indiana_jones/adventurer/indiana_adventurer_hybrid.json' rigsetup on 'md6def/characters/standard/indiana_jones/indiana_wear_body.md6' while loading RunJobPrepared:idAnimationBlendJob
[1228] WARNING: idHybridPoseConstraintRigSetupInstance::RefreshInitForAnimator - Joint 'Right_Front_Collar_Hybrid' invalid, while running 'models/characters/indiana_jones/adventurer/indiana_adventurer_hybrid.json' rigsetup on 'md6def/characters/standard/indiana_jones/indiana_wear_body.md6' while loading RunJobPrepared:idAnimationBlendJob
[1228] WARNING: idHybridPoseConstraintRigSetupInstance::RefreshInitForAnimator - Joint 'Right_Middle_Collar_Hybrid' invalid, while running 'models/characters/indiana_jones/adventurer/indiana_adventurer_hybrid.json' rigsetup on 'md6def/characters/standard/indiana_jones/indiana_wear_body.md6' while loading RunJobPrepared:idAnimationBlendJob
[1228] WARNING: idHybridPoseConstraintRigSetupInstance::RefreshInitForAnimator - Joint 'RightForeArmRoll_shirt_02_Hybrid' invalid, while running 'models/characters/indiana_jones/adventurer/indiana_adventurer_hybrid.json' rigsetup on 'md6def/characters/standard/indiana_jones/indiana_wear_body.md6' while loading RunJobPrepared:idAnimationBlendJob
[1228] WARNING: idHybridPoseConstraintRigSetupInstance::RefreshInitForAnimator - Joint 'RightShoulder_Collider_Hybrid' invalid, while running 'models/characters/indiana_jones/adventurer/indiana_adventurer_hybrid.json' rigsetup on 'md6def/characters/standard/indiana_jones/indiana_wear_body.md6' while loading RunJobPrepared:idAnimationBlendJob
[1228] ---------- idRenderWorldLocal::SpecificationComplete ----------
[1228] --------------------------------------
[1228] Unknown command 'sys_dumpMemory'
[1228] Map loaded in 0.17 seconds.
[1228] 2025-09-19T23:36:57.117+08:00 LOG: Starting a match!
[1228] AllocMapInstance took 0.1900 seconds.
[1228] AllocMapInstance(game/relic/college/college_night) took 0.223 s
[1228]  0.2 total seconds for map load
[1228] Spent 100.570ms waiting on streaming prefetch (completed).
[1228] 0.4 seconds to load game/relic/college/college_night
[1228] idGameSystemLocal::SetState: State changing from idGameSystemLocal::GAME_STATE_LOADING to idGameSystemLocal::GAME_STATE_INGAME
[1228] idLoadScreen::LevelLoadCompleted()
[1228] ------------ Map change completed! ------------
  Map Name: game/relic/college/college_night

[1228] idLogicNodeRelicProgression::Activate - No chapter data exists for the current chapter yet, aborting
[1228] idLogicNodeRelicProgression::Activate - No chapter data exists for the current chapter yet, aborting
[1228] Prefetch complete.
  Total bytes read: 0.00MB
  Total seeks: 0
  Image
     Total bytes read: 0.00MB
     Total seeks: 0
       <=1KB    : 0
       <=16KB   : 0
       <=128KB  : 0
       <=256KB  : 0
       <=512KB  : 0
       rest     : 0
  Geometry
     Total bytes read: 0.00MB
     Total seeks: 0
       <=1KB    : 0
       <=16KB   : 0
       <=128KB  : 0
       <=256KB  : 0
       <=512KB  : 0
       rest     : 0
  Audio
     Total bytes read: 0.00MB
     Total seeks: 0
  Geom cache
     Total bytes read: 0.00MB
     Total seeks: 0
  Light probe
     Total bytes read: 0.00MB
     Total seeks: 0
  Video
     Total bytes read: 0.00MB
     Total seeks: 0
[1239] SWF defragging swf/common/base_screen_4k.swf
[1242] WARNING: SWF swf/common/base_screen_4k.swf: Material path is required but is unset on sprite m while executing logicscript:dynamic_widget(hud/systemic/element/swf_default_interaction) from RunJobPrepared:LogicUI Object Job
[1329] NET: LeaveSharedContext: Leave game
[1329] LeaveSharedContext
[1329] NET: GameSessionLocalGameSession state: 5 (was 4)
[1329] NET: GameSessionLocalGameSession state: 0 (was 5)
[1329] New settings: framingType=0 renderUpscaler=1
[1329] Flushing device: game, resizeSwapChain: true, resizeViewDest: true, resizeImageNeedsFlush: false, deviceFlushRequired: true
[1329] Render size: 1280x540, Upsample Size: 3840x2160, Display Size: 3840x2160
[1329] idVulkanMemoryAllocator::FreeEmptyBlocks: Freed    8.500 MiB
[1329] WARNING: Resource deleted with staticResource set: _finalcolorhudless
[1329] Display supports compatible HDR mode. Enabling...
[1329] New enforced resolution scale framing sizes. 0x0 0x0 0x0. Version 6
[1329] New settings: framingType=2 dlssQuality=5 renderUpscaler=2
[1329] Display supports compatible HDR mode. Enabling...
[1329] New enforced resolution scale framing sizes. 1280x720 1280x720 1280x540. Version 7
[1330] Save Game slot file for 'GAME_DATA' has engine save version 52 and game save version 792
[1330] WARNING: Save Game [LEVEL_DATA] build version mismatch, expected '20250502-130137-148530_emerald-yellow' but found '20250813-152556-150040_brown-kelly'
[1330] Save Game slot file for 'LEVEL_DATA' has engine save version 52 and game save version 754
[1330] Game Type:     singleplayer
[1330] Game Sub-Type: default
[1330] idGameSystemLocal::SetState: State changing from idGameSystemLocal::GAME_STATE_INGAME to idGameSystemLocal::GAME_STATE_LOADING
[1330] HostSharedContext
[1330] NET: GameSessionLocalGameSession state: 3 (was 0)
[1330] WARNING: idOnlineUserLobbyComponent::DirtyLobbyUserLocalOnlineProfile() No valid online profile for the local player.
[1330] WARNING: Session: Local user is not signed into Playfab, session ticket will be empty
[1330] NET: "|CLI|Zerone_89" joined lobby [partyToken = ce751619] [userIndex = 0] [peerIndex = -1] [team = 1].
[1330] ------------------------------------------
[1330] party ce751619 team 1 user "|CLI|Zerone_89"
[1330] ------------------------------------------
[1330] StartPlayingGame
[1330] NET: GameSessionLocalGameSession state: 4 (was 3)
[1330] Modified CVars:
[1330] idGameSystemLocal::FreeMapInstance_Internal: Setting mapLocal = NULL
[1330] Checking to see if the chunk is installed now
[1330] Map change Async Job wait started
[1330] idMapInstanceLocal:Destructor 000001E8FD4F1010
[1330] --------- Game Map Shutdown ----------
[1330] Removing index[11] that was player[|CLI|Zerone_89] 
[1330] idLogicUISystemController_InventoryController::EquipSatchel: Entity not in view
[1330] num total mega pages: 26
[1330] num total small pages: 3608
[1330] peak active small pages: 3344
[1330] ------------ Game Shutdown -----------
[1330] --------------------------------------
[1330] ------------------------------
[1330] Havok Garbage Collection
[1330] Havok memory statistics: 0 0
[1330] Havok memory statistics: 0 0
[1330] Havok Memory Freed: 0
[1330] ------------------------------
[1330] idVulkanMemoryAllocator::FreeEmptyBlocks: Freed   48.000 MiB
[1330] Reset Heap Job 
[1330] WaitForIdle took 2.53ms
[1330] Warning: The following swfs were not deleted:
[1330] loading/loading_info
[1330] GeomCacheStreamer shutdown took 0.00s
[1330] ImageStreaming flush maptextures took 0.00s
[1330] Reset 0 reference counters in heap 3. 1 available.
[1330] ---------- ResetHeap (Map) ----------
[1330] Reset Heap Job Done
[1330] CreatePersistMapFile took 0.000 msec
[1330] Prefetching world
[1330] Streaming prefetch at 23.170000 -5.710000 1.700000 (entity script_script_spawnpoint_fight)
[1330] allocated 1 Brush Render Models
[1330] --------- Initializing Game ----------
[1330] mapName: game/relic/college/college_night
[1330] gameFlags: 68
[1330] initialMap: 0
[1330] gamedate: Aug 13 2025
[1330] Setting up Component entity system instance
[1330] 	mode (instance)  = 0
[1330] 	isInBuildGame    = false
[1330] 	isSingle         = true
[1330] 	isAI             = true
[1330] 	isDemo           = false
[1330] 	isMainMenu       = false
[1330] 	isSaveSupported  = true
[1330] 	isDormancyEnabled = true
[1330] game initialized.
[1330] idMapInstanceLocal:Constructor 000001E8FD4F1010
[1330] --------------------------------------
[1330] Save Game slot file for 'GAME_DATA' has engine save version 52 and game save version 792
[1330] WARNING: Save Game [LEVEL_DATA] build version mismatch, expected '20250502-130137-148530_emerald-yellow' but found '20250813-152556-150040_brown-kelly'
[1330] Save Game slot file for 'LEVEL_DATA' has engine save version 52 and game save version 754
[1330] Save Game slot file for 'GAME_DATA' has engine save version 52 and game save version 792
[1330] WARNING: decl couldn't read production file while loading entitydef:attachments/item/journal_peru_map_01b
[1330] WARNING: SaveGame : Missing resource 'idDeclEntityDef:attachments/item/journal_peru_map_01b' while loading resource-table!
[1330] WARNING: decl couldn't read production file while loading loadoutweapon:item/idol
[1330] WARNING: SaveGame : Missing resource 'idDeclLoadoutWeapon:item/idol' while loading resource-table!
[1330] WARNING: decl couldn't read production file while loading entitydef:attachments/key_item/peru/goldenidol
[1330] WARNING: SaveGame : Missing resource 'idDeclEntityDef:attachments/key_item/peru/goldenidol' while loading resource-table!
[1330] WARNING: decl couldn't read production file while loading material2:models/characters/indiana_jones/adventurer/tex/ij_head_doublecross
[1330] WARNING: SaveGame : Missing resource 'idMaterial2:models/characters/indiana_jones/adventurer/tex/ij_head_doublecross' while loading resource-table!
[1330] WARNING: decl couldn't read production file while loading damage:throwable/no_damage
[1330] WARNING: SaveGame : Missing resource 'idDeclDamage:throwable/no_damage' while loading resource-table!
[1330] WARNING: Save Game [LEVEL_DATA] build version mismatch, expected '20250502-130137-148530_emerald-yellow' but found '20250813-152556-150040_brown-kelly'
[1330] Save Game slot file for 'LEVEL_DATA' has engine save version 52 and game save version 754
[1330] ----------- LoadMap(game/relic/college/college_night) ------------
[1330] Sound nav volume college_night has 2469 cells and 15312 edges
[1330] Spawning world
[1330] create and spawn the worldspawn
[1330] idMapInstanceLocal::LoadMap: adding initial layers from worldspawn
[1330] BatchLoad(aiaction): loaded 0 resources in serial in 0.000s (-nan(ind)us/resource)
[1330] BatchLoad(aitype): loaded 0 resources in serial in 0.000s (-nan(ind)us/resource)
[1330] spawn map entities
[1330] Found 1026 map entities
[1330] BatchLoad(model): loaded 1305 resources in serial in 0.000s (0.183us/resource)
[1330] BatchLoad(modelstream): loaded 87 resources in serial in 0.000s (0.241us/resource)
[1330] BatchLoad(vegetationdeformation): loaded 6 resources in serial in 0.000s (0.500us/resource)
[1330] MapFileStaticInstances info:
[1330] 	Num model instances = 7108
[1330] 	Num decals = 1709
[1330] 	Num scatter points = 0
[1330] 	Num sectors = 11
[1330] 	Num objects in sectors = 8817
[1330] 	Num uncovered objects in sectors = 1502
[1330] Skipped 0 non-production entities
[1330] Skipped 1462 savegame entities
[1330] Registered 0 map entities
[1330] Spawned Layers in the current map:
[1330] 	0: world
[1330] ---
[1330] Spawned Layers on next map load:[1330] ---
[1330] Initializing 0 entities
[1330] Spawning 0 entities
[1330] BatchLoad(havokshape): loaded 1113 resources in serial in 0.000s (0.323us/resource)
[1330] setup 365 static collision bodies (1 convex, 364 collision, 0 procedural)
[1330] WARNING: issue entity 'item/idol-actor_player_11_weapon6' - Failed to initialize weapon entity 'item/idol-actor_player_11_weapon6', weapon has no decl (!IsValid()). Destroying entity. while loading RunJobPrepared:idActiveWeaponInitializeJob
[1330] WARNING: issue entity 'item/journal_override-actor_player_11_weapon6_S_752' - failed to load rendermodel 'md6def/gameplay/interactables/peru_map_pieces_01a/peru_map_journal_01a/peru_map_journal_01b.md6', destroying entity 'item/journal_override-actor_player_11_weapon6_S_752' while loading idRenderModelInitializeJob:item/journal_override-actor_player_11_weapon6_S_752 from RunJobPrepared:idRenderModelInitializeJob
[1330] WARNING: issue entity 'item/idol-actor_player_11_weapon6' - failed to load rendermodel 'md6def/gameplay/interactables/goldenidol/goldenidol.md6', destroying entity 'item/idol-actor_player_11_weapon6' while loading idRenderModelInitializeJob:item/idol-actor_player_11_weapon6 from RunJobPrepared:idRenderModelInitializeJob
[1330] WARNING: issue entity 'item/journal_override-actor_player_11_weapon6_S_752' - Cannot create physics-shape for entity 'item/journal_override-actor_player_11_weapon6_S_752', RENDERMODEL_BOUNDS set with no model while loading idPhysicsInitializeJob:item/journal_override-actor_player_11_weapon6_S_752 from RunJobPrepared:idPhysicsInitializeJob
[1330] WARNING: issue entity 'item/journal_override-actor_player_11_weapon6_S_752' - Cannot create physics-shape for entity 'item/journal_override-actor_player_11_weapon6_S_752', RENDERMODEL_BOUNDS model has no volume while loading idPhysicsInitializeJob:item/journal_override-actor_player_11_weapon6_S_752 from RunJobPrepared:idPhysicsInitializeJob
[1330] WARNING: issue entity 'item/journal_override-actor_player_11_weapon6_S_752' - Failed to create physics shape, destroying entity 'item/journal_override-actor_player_11_weapon6_S_752' while loading idPhysicsInitializeJob:item/journal_override-actor_player_11_weapon6_S_752 from RunJobPrepared:idPhysicsInitializeJob
[1330] WARNING: issue entity 'item/idol-actor_player_11_weapon6' - Cannot create physics-shape for entity 'item/idol-actor_player_11_weapon6', RENDERMODEL_BOUNDS set with no model while loading idPhysicsInitializeJob:item/idol-actor_player_11_weapon6 from RunJobPrepared:idPhysicsInitializeJob
[1330] WARNING: issue entity 'item/idol-actor_player_11_weapon6' - Cannot create physics-shape for entity 'item/idol-actor_player_11_weapon6', RENDERMODEL_BOUNDS model has no volume while loading idPhysicsInitializeJob:item/idol-actor_player_11_weapon6 from RunJobPrepared:idPhysicsInitializeJob
[1330] WARNING: issue entity 'item/idol-actor_player_11_weapon6' - Failed to create physics shape, destroying entity 'item/idol-actor_player_11_weapon6' while loading idPhysicsInitializeJob:item/idol-actor_player_11_weapon6 from RunJobPrepared:idPhysicsInitializeJob
[1330] Create Referenced EntityDefs List
[1330] WARNING: Dangling reference in map: Entity "script_wat_mahathat_gameplay_water_moving" first referenced by "<unknown>"
[1330] WARNING: Dangling reference in map: Entity "script_wat_mahathat_gameplay_water_moving1" first referenced by "<unknown>"
[1330] WARNING: Dangling reference in map: Entity "script_wat_mahathat_dynamic_water_20" first referenced by "<unknown>"
[1330] ==== Processing events ====
[1330] ==== Processing events ====
[1330] Disabling all sectors and showing all models
[1330] Adding player: |CLI|Zerone_89
[1330] WARNING: idHybridPoseConstraintRigSetupInstance::RefreshInitForAnimator - Joint 'adventure_belt_01_Hybrid' invalid, while running 'models/characters/indiana_jones/adventurer/indiana_adventurer_hybrid.json' rigsetup on 'md6def/characters/standard/indiana_jones/indiana_wear_body.md6' while loading RunJobPrepared:idAnimationBlendJob
[1330] WARNING: idHybridPoseConstraintRigSetupInstance::RefreshInitForAnimator - Joint 'adventure_belt_02_Hybrid' invalid, while running 'models/characters/indiana_jones/adventurer/indiana_adventurer_hybrid.json' rigsetup on 'md6def/characters/standard/indiana_jones/indiana_wear_body.md6' while loading RunJobPrepared:idAnimationBlendJob
[1330] WARNING: idHybridPoseConstraintRigSetupInstance::RefreshInitForAnimator - Joint 'adventure_belt_02_Hybrid' invalid, while running 'models/characters/indiana_jones/adventurer/indiana_adventurer_hybrid.json' rigsetup on 'md6def/characters/standard/indiana_jones/indiana_wear_body.md6' while loading RunJobPrepared:idAnimationBlendJob
[1330] WARNING: idHybridPoseConstraintRigSetupInstance::RefreshInitForAnimator - Joint 'adventure_belt_02_Hybrid' invalid, while running 'models/characters/indiana_jones/adventurer/indiana_adventurer_hybrid.json' rigsetup on 'md6def/characters/standard/indiana_jones/indiana_wear_body.md6' while loading RunJobPrepared:idAnimationBlendJob
[1330] WARNING: idHybridPoseConstraintRigSetupInstance::RefreshInitForAnimator - Joint 'adventure_belt_03_Hybrid' invalid, while running 'models/characters/indiana_jones/adventurer/indiana_adventurer_hybrid.json' rigsetup on 'md6def/characters/standard/indiana_jones/indiana_wear_body.md6' while loading RunJobPrepared:idAnimationBlendJob
[1330] WARNING: idHybridPoseConstraintRigSetupInstance::RefreshInitForAnimator - Joint 'adventure_belt_03_Hybrid' invalid, while running 'models/characters/indiana_jones/adventurer/indiana_adventurer_hybrid.json' rigsetup on 'md6def/characters/standard/indiana_jones/indiana_wear_body.md6' while loading RunJobPrepared:idAnimationBlendJob
[1330] WARNING: idHybridPoseConstraintRigSetupInstance::RefreshInitForAnimator - Joint 'adventure_belt_03_Hybrid' invalid, while running 'models/characters/indiana_jones/adventurer/indiana_adventurer_hybrid.json' rigsetup on 'md6def/characters/standard/indiana_jones/indiana_wear_body.md6' while loading RunJobPrepared:idAnimationBlendJob
[1330] WARNING: idHybridPoseConstraintRigSetupInstance::RefreshInitForAnimator - Joint 'Holster_Hybrid' invalid, while running 'models/characters/indiana_jones/adventurer/indiana_adventurer_hybrid.json' rigsetup on 'md6def/characters/standard/indiana_jones/indiana_wear_body.md6' while loading RunJobPrepared:idAnimationBlendJob
[1330] WARNING: idHybridPoseConstraintRigSetupInstance::RefreshInitForAnimator - Joint 'Holster_Hybrid' invalid, while running 'models/characters/indiana_jones/adventurer/indiana_adventurer_hybrid.json' rigsetup on 'md6def/characters/standard/indiana_jones/indiana_wear_body.md6' while loading RunJobPrepared:idAnimationBlendJob
[1330] WARNING: idHybridPoseConstraintRigSetupInstance::RefreshInitForAnimator - Joint 'Holster_Hybrid' invalid, while running 'models/characters/indiana_jones/adventurer/indiana_adventurer_hybrid.json' rigsetup on 'md6def/characters/standard/indiana_jones/indiana_wear_body.md6' while loading RunJobPrepared:idAnimationBlendJob
[1330] WARNING: idHybridPoseConstraintRigSetupInstance::RefreshInitForAnimator - Joint 'Holster_Hybrid' invalid, while running 'models/characters/indiana_jones/adventurer/indiana_adventurer_hybrid.json' rigsetup on 'md6def/characters/standard/indiana_jones/indiana_wear_body.md6' while loading RunJobPrepared:idAnimationBlendJob
[1330] WARNING: idHybridPoseConstraintRigSetupInstance::RefreshInitForAnimator - Joint 'Holster_Hybrid' invalid, while running 'models/characters/indiana_jones/adventurer/indiana_adventurer_hybrid.json' rigsetup on 'md6def/characters/standard/indiana_jones/indiana_wear_body.md6' while loading RunJobPrepared:idAnimationBlendJob
[1330] WARNING: idHybridPoseConstraintRigSetupInstance::RefreshInitForAnimator - Joint 'Holster_Hybrid' invalid, while running 'models/characters/indiana_jones/adventurer/indiana_adventurer_hybrid.json' rigsetup on 'md6def/characters/standard/indiana_jones/indiana_wear_body.md6' while loading RunJobPrepared:idAnimationBlendJob
[1330] WARNING: idHybridPoseConstraintRigSetupInstance::RefreshInitForAnimator - Joint 'Gunbelt_Front_03_Hybrid' invalid, while running 'models/characters/indiana_jones/adventurer/indiana_adventurer_hybrid.json' rigsetup on 'md6def/characters/standard/indiana_jones/indiana_wear_body.md6' while loading RunJobPrepared:idAnimationBlendJob
[1330] WARNING: idHybridPoseConstraintRigSetupInstance::RefreshInitForAnimator - Joint 'Holster_Hybrid' invalid, while running 'models/characters/indiana_jones/adventurer/indiana_adventurer_hybrid.json' rigsetup on 'md6def/characters/standard/indiana_jones/indiana_wear_body.md6' while loading RunJobPrepared:idAnimationBlendJob
[1330] WARNING: idHybridPoseConstraintRigSetupInstance::RefreshInitForAnimator - Joint 'Gunbelt_Front_03_Hybrid' invalid, while running 'models/characters/indiana_jones/adventurer/indiana_adventurer_hybrid.json' rigsetup on 'md6def/characters/standard/indiana_jones/indiana_wear_body.md6' while loading RunJobPrepared:idAnimationBlendJob
[1330] WARNING: idHybridPoseConstraintRigSetupInstance::RefreshInitForAnimator - Joint 'Gunbelt_Front_02_Hybrid' invalid, while running 'models/characters/indiana_jones/adventurer/indiana_adventurer_hybrid.json' rigsetup on 'md6def/characters/standard/indiana_jones/indiana_wear_body.md6' while loading RunJobPrepared:idAnimationBlendJob
[1330] WARNING: idHybridPoseConstraintRigSetupInstance::RefreshInitForAnimator - Joint 'Gunbelt_Front_02_Hybrid' invalid, while running 'models/characters/indiana_jones/adventurer/indiana_adventurer_hybrid.json' rigsetup on 'md6def/characters/standard/indiana_jones/indiana_wear_body.md6' while loading RunJobPrepared:idAnimationBlendJob
[1330] WARNING: idHybridPoseConstraintRigSetupInstance::RefreshInitForAnimator - Joint 'Gunbelt_Front_02_Hybrid' invalid, while running 'models/characters/indiana_jones/adventurer/indiana_adventurer_hybrid.json' rigsetup on 'md6def/characters/standard/indiana_jones/indiana_wear_body.md6' while loading RunJobPrepared:idAnimationBlendJob
[1330] WARNING: idHybridPoseConstraintRigSetupInstance::RefreshInitForAnimator - Joint 'Gunbelt_Front_02_Hybrid' invalid, while running 'models/characters/indiana_jones/adventurer/indiana_adventurer_hybrid.json' rigsetup on 'md6def/characters/standard/indiana_jones/indiana_wear_body.md6' while loading RunJobPrepared:idAnimationBlendJob
[1330] WARNING: idHybridPoseConstraintRigSetupInstance::RefreshInitForAnimator - Joint 'Gunbelt_Front_03_Hybrid' invalid, while running 'models/characters/indiana_jones/adventurer/indiana_adventurer_hybrid.json' rigsetup on 'md6def/characters/standard/indiana_jones/indiana_wear_body.md6' while loading RunJobPrepared:idAnimationBlendJob
[1330] WARNING: idHybridPoseConstraintRigSetupInstance::RefreshInitForAnimator - Joint 'Gunbelt_Front_02_Hybrid' invalid, while running 'models/characters/indiana_jones/adventurer/indiana_adventurer_hybrid.json' rigsetup on 'md6def/characters/standard/indiana_jones/indiana_wear_body.md6' while loading RunJobPrepared:idAnimationBlendJob
[1330] WARNING: idHybridPoseConstraintRigSetupInstance::RefreshInitForAnimator - Joint 'Center_Crotch_Hybrid' invalid, while running 'models/characters/indiana_jones/adventurer/indiana_adventurer_hybrid.json' rigsetup on 'md6def/characters/standard/indiana_jones/indiana_wear_body.md6' while loading RunJobPrepared:idAnimationBlendJob
[1330] WARNING: idHybridPoseConstraintRigSetupInstance::RefreshInitForAnimator - Joint 'Center_Crotch_Hybrid' invalid, while running 'models/characters/indiana_jones/adventurer/indiana_adventurer_hybrid.json' rigsetup on 'md6def/characters/standard/indiana_jones/indiana_wear_body.md6' while loading RunJobPrepared:idAnimationBlendJob
[1330] WARNING: idHybridPoseConstraintRigSetupInstance::RefreshInitForAnimator - Joint 'Center_Crotch_Hybrid' invalid, while running 'models/characters/indiana_jones/adventurer/indiana_adventurer_hybrid.json' rigsetup on 'md6def/characters/standard/indiana_jones/indiana_wear_body.md6' while loading RunJobPrepared:idAnimationBlendJob
[1330] WARNING: idHybridPoseConstraintRigSetupInstance::RefreshInitForAnimator - Joint 'Center_Crotch_Hybrid' invalid, while running 'models/characters/indiana_jones/adventurer/indiana_adventurer_hybrid.json' rigsetup on 'md6def/characters/standard/indiana_jones/indiana_wear_body.md6' while loading RunJobPrepared:idAnimationBlendJob
[1330] WARNING: idHybridPoseConstraintRigSetupInstance::RefreshInitForAnimator - Joint 'Center_Crotch_Hybrid' invalid, while running 'models/characters/indiana_jones/adventurer/indiana_adventurer_hybrid.json' rigsetup on 'md6def/characters/standard/indiana_jones/indiana_wear_body.md6' while loading RunJobPrepared:idAnimationBlendJob
[1330] WARNING: idHybridPoseConstraintRigSetupInstance::RefreshInitForAnimator - Joint 'Gunbelt_Front_01_Hybrid' invalid, while running 'models/characters/indiana_jones/adventurer/indiana_adventurer_hybrid.json' rigsetup on 'md6def/characters/standard/indiana_jones/indiana_wear_body.md6' while loading RunJobPrepared:idAnimationBlendJob
[1330] WARNING: idHybridPoseConstraintRigSetupInstance::RefreshInitForAnimator - Joint 'Gunbelt_Front_02_Hybrid' invalid, while running 'models/characters/indiana_jones/adventurer/indiana_adventurer_hybrid.json' rigsetup on 'md6def/characters/standard/indiana_jones/indiana_wear_body.md6' while loading RunJobPrepared:idAnimationBlendJob
[1330] WARNING: idHybridPoseConstraintRigSetupInstance::RefreshInitForAnimator - Joint 'Gunbelt_Front_01_Hybrid' invalid, while running 'models/characters/indiana_jones/adventurer/indiana_adventurer_hybrid.json' rigsetup on 'md6def/characters/standard/indiana_jones/indiana_wear_body.md6' while loading RunJobPrepared:idAnimationBlendJob
[1330] WARNING: idHybridPoseConstraintRigSetupInstance::RefreshInitForAnimator - Joint 'satchelAim_Hybrid' invalid, while running 'models/characters/indiana_jones/adventurer/indiana_adventurer_hybrid.json' rigsetup on 'md6def/characters/standard/indiana_jones/indiana_wear_body.md6' while loading RunJobPrepared:idAnimationBlendJob
[1330] WARNING: idHybridPoseConstraintRigSetupInstance::RefreshInitForAnimator - Joint 'satchelAim_Hybrid' invalid, while running 'models/characters/indiana_jones/adventurer/indiana_adventurer_hybrid.json' rigsetup on 'md6def/characters/standard/indiana_jones/indiana_wear_body.md6' while loading RunJobPrepared:idAnimationBlendJob
[1330] WARNING: idHybridPoseConstraintRigSetupInstance::RefreshInitForAnimator - Joint 'satchel_Hybrid' invalid, while running 'models/characters/indiana_jones/adventurer/indiana_adventurer_hybrid.json' rigsetup on 'md6def/characters/standard/indiana_jones/indiana_wear_body.md6' while loading RunJobPrepared:idAnimationBlendJob
[1330] WARNING: idHybridPoseConstraintRigSetupInstance::RefreshInitForAnimator - Joint 'satchel_Hybrid' invalid, while running 'models/characters/indiana_jones/adventurer/indiana_adventurer_hybrid.json' rigsetup on 'md6def/characters/standard/indiana_jones/indiana_wear_body.md6' while loading RunJobPrepared:idAnimationBlendJob
[1330] WARNING: idHybridPoseConstraintRigSetupInstance::RefreshInitForAnimator - Joint 'satchel_Hybrid' invalid, while running 'models/characters/indiana_jones/adventurer/indiana_adventurer_hybrid.json' rigsetup on 'md6def/characters/standard/indiana_jones/indiana_wear_body.md6' while loading RunJobPrepared:idAnimationBlendJob
[1330] WARNING: idHybridPoseConstraintRigSetupInstance::RefreshInitForAnimator - Joint 'satchel_Hybrid' invalid, while running 'models/characters/indiana_jones/adventurer/indiana_adventurer_hybrid.json' rigsetup on 'md6def/characters/standard/indiana_jones/indiana_wear_body.md6' while loading RunJobPrepared:idAnimationBlendJob
[1330] WARNING: idHybridPoseConstraintRigSetupInstance::RefreshInitForAnimator - Joint 'satchelAim_Hybrid' invalid, while running 'models/characters/indiana_jones/adventurer/indiana_adventurer_hybrid.json' rigsetup on 'md6def/characters/standard/indiana_jones/indiana_wear_body.md6' while loading RunJobPrepared:idAnimationBlendJob
[1330] WARNING: idHybridPoseConstraintRigSetupInstance::RefreshInitForAnimator - Joint 'satchel_Hybrid' invalid, while running 'models/characters/indiana_jones/adventurer/indiana_adventurer_hybrid.json' rigsetup on 'md6def/characters/standard/indiana_jones/indiana_wear_body.md6' while loading RunJobPrepared:idAnimationBlendJob
[1330] WARNING: idHybridPoseConstraintRigSetupInstance::RefreshInitForAnimator - Joint 'satchelBody_Hybrid' invalid, while running 'models/characters/indiana_jones/adventurer/indiana_adventurer_hybrid.json' rigsetup on 'md6def/characters/standard/indiana_jones/indiana_wear_body.md6' while loading RunJobPrepared:idAnimationBlendJob
[1330] WARNING: idHybridPoseConstraintRigSetupInstance::RefreshInitForAnimator - Joint 'satchelBody_Hybrid' invalid, while running 'models/characters/indiana_jones/adventurer/indiana_adventurer_hybrid.json' rigsetup on 'md6def/characters/standard/indiana_jones/indiana_wear_body.md6' while loading RunJobPrepared:idAnimationBlendJob
[1330] WARNING: idHybridPoseConstraintRigSetupInstance::RefreshInitForAnimator - Joint 'satchelBody_Hybrid' invalid, while running 'models/characters/indiana_jones/adventurer/indiana_adventurer_hybrid.json' rigsetup on 'md6def/characters/standard/indiana_jones/indiana_wear_body.md6' while loading RunJobPrepared:idAnimationBlendJob
[1330] WARNING: idHybridPoseConstraintRigSetupInstance::RefreshInitForAnimator - Joint 'Gunbelt_Back_02_Hybrid' invalid, while running 'models/characters/indiana_jones/adventurer/indiana_adventurer_hybrid.json' rigsetup on 'md6def/characters/standard/indiana_jones/indiana_wear_body.md6' while loading RunJobPrepared:idAnimationBlendJob
[1330] WARNING: idHybridPoseConstraintRigSetupInstance::RefreshInitForAnimator - Joint 'Gunbelt_Back_02_Hybrid' invalid, while running 'models/characters/indiana_jones/adventurer/indiana_adventurer_hybrid.json' rigsetup on 'md6def/characters/standard/indiana_jones/indiana_wear_body.md6' while loading RunJobPrepared:idAnimationBlendJob
[1330] WARNING: idHybridPoseConstraintRigSetupInstance::RefreshInitForAnimator - Joint 'Gunbelt_Back_02_Hybrid' invalid, while running 'models/characters/indiana_jones/adventurer/indiana_adventurer_hybrid.json' rigsetup on 'md6def/characters/standard/indiana_jones/indiana_wear_body.md6' while loading RunJobPrepared:idAnimationBlendJob
[1330] WARNING: idHybridPoseConstraintRigSetupInstance::RefreshInitForAnimator - Joint 'Gunbelt_Back_02_Hybrid' invalid, while running 'models/characters/indiana_jones/adventurer/indiana_adventurer_hybrid.json' rigsetup on 'md6def/characters/standard/indiana_jones/indiana_wear_body.md6' while loading RunJobPrepared:idAnimationBlendJob
[1330] WARNING: idHybridPoseConstraintRigSetupInstance::RefreshInitForAnimator - Joint 'Holster_Hybrid' invalid, while running 'models/characters/indiana_jones/adventurer/indiana_adventurer_hybrid.json' rigsetup on 'md6def/characters/standard/indiana_jones/indiana_wear_body.md6' while loading RunJobPrepared:idAnimationBlendJob
[1330] WARNING: idHybridPoseConstraintRigSetupInstance::RefreshInitForAnimator - Joint 'Gunbelt_Back_02_Hybrid' invalid, while running 'models/characters/indiana_jones/adventurer/indiana_adventurer_hybrid.json' rigsetup on 'md6def/characters/standard/indiana_jones/indiana_wear_body.md6' while loading RunJobPrepared:idAnimationBlendJob
[1330] WARNING: idHybridPoseConstraintRigSetupInstance::RefreshInitForAnimator - Joint 'Gunbelt_Back_01_Hybrid' invalid, while running 'models/characters/indiana_jones/adventurer/indiana_adventurer_hybrid.json' rigsetup on 'md6def/characters/standard/indiana_jones/indiana_wear_body.md6' while loading RunJobPrepared:idAnimationBlendJob
[1330] WARNING: idHybridPoseConstraintRigSetupInstance::RefreshInitForAnimator - Joint 'Gunbelt_Back_02_Hybrid' invalid, while running 'models/characters/indiana_jones/adventurer/indiana_adventurer_hybrid.json' rigsetup on 'md6def/characters/standard/indiana_jones/indiana_wear_body.md6' while loading RunJobPrepared:idAnimationBlendJob
[1330] WARNING: idHybridPoseConstraintRigSetupInstance::RefreshInitForAnimator - Joint 'Gunbelt_Back_01_Hybrid' invalid, while running 'models/characters/indiana_jones/adventurer/indiana_adventurer_hybrid.json' rigsetup on 'md6def/characters/standard/indiana_jones/indiana_wear_body.md6' while loading RunJobPrepared:idAnimationBlendJob
[1330] WARNING: idHybridPoseConstraintRigSetupInstance::RefreshInitForAnimator - Joint 'satchel_frontStrap_Hybrid' invalid, while running 'models/characters/indiana_jones/adventurer/indiana_adventurer_hybrid.json' rigsetup on 'md6def/characters/standard/indiana_jones/indiana_wear_body.md6' while loading RunJobPrepared:idAnimationBlendJob
[1330] WARNING: idHybridPoseConstraintRigSetupInstance::RefreshInitForAnimator - Joint 'satchel_Hybrid' invalid, while running 'models/characters/indiana_jones/adventurer/indiana_adventurer_hybrid.json' rigsetup on 'md6def/characters/standard/indiana_jones/indiana_wear_body.md6' while loading RunJobPrepared:idAnimationBlendJob
[1330] WARNING: idHybridPoseConstraintRigSetupInstance::RefreshInitForAnimator - Joint 'satchel_Hybrid' invalid, while running 'models/characters/indiana_jones/adventurer/indiana_adventurer_hybrid.json' rigsetup on 'md6def/characters/standard/indiana_jones/indiana_wear_body.md6' while loading RunJobPrepared:idAnimationBlendJob
[1330] WARNING: idHybridPoseConstraintRigSetupInstance::RefreshInitForAnimator - Joint 'satchel_frontStrap_Hybrid' invalid, while running 'models/characters/indiana_jones/adventurer/indiana_adventurer_hybrid.json' rigsetup on 'md6def/characters/standard/indiana_jones/indiana_wear_body.md6' while loading RunJobPrepared:idAnimationBlendJob
[1330] WARNING: idHybridPoseConstraintRigSetupInstance::RefreshInitForAnimator - Joint 'satchel_backStrap_Hybrid' invalid, while running 'models/characters/indiana_jones/adventurer/indiana_adventurer_hybrid.json' rigsetup on 'md6def/characters/standard/indiana_jones/indiana_wear_body.md6' while loading RunJobPrepared:idAnimationBlendJob
[1330] WARNING: idHybridPoseConstraintRigSetupInstance::RefreshInitForAnimator - Joint 'satchel_Hybrid' invalid, while running 'models/characters/indiana_jones/adventurer/indiana_adventurer_hybrid.json' rigsetup on 'md6def/characters/standard/indiana_jones/indiana_wear_body.md6' while loading RunJobPrepared:idAnimationBlendJob
[1330] WARNING: idHybridPoseConstraintRigSetupInstance::RefreshInitForAnimator - Joint 'satchel_Hybrid' invalid, while running 'models/characters/indiana_jones/adventurer/indiana_adventurer_hybrid.json' rigsetup on 'md6def/characters/standard/indiana_jones/indiana_wear_body.md6' while loading RunJobPrepared:idAnimationBlendJob
[1330] WARNING: idHybridPoseConstraintRigSetupInstance::RefreshInitForAnimator - Joint 'satchel_backStrap_Hybrid' invalid, while running 'models/characters/indiana_jones/adventurer/indiana_adventurer_hybrid.json' rigsetup on 'md6def/characters/standard/indiana_jones/indiana_wear_body.md6' while loading RunJobPrepared:idAnimationBlendJob
[1330] WARNING: idHybridPoseConstraintRigSetupInstance::RefreshInitForAnimator - Joint 'satchel_frontStrap_Hybrid' invalid, while running 'models/characters/indiana_jones/adventurer/indiana_adventurer_hybrid.json' rigsetup on 'md6def/characters/standard/indiana_jones/indiana_wear_body.md6' while loading RunJobPrepared:idAnimationBlendJob
[1330] WARNING: idHybridPoseConstraintRigSetupInstance::RefreshInitForAnimator - Joint 'satchel_Hybrid' invalid, while running 'models/characters/indiana_jones/adventurer/indiana_adventurer_hybrid.json' rigsetup on 'md6def/characters/standard/indiana_jones/indiana_wear_body.md6' while loading RunJobPrepared:idAnimationBlendJob
[1330] WARNING: idHybridPoseConstraintRigSetupInstance::RefreshInitForAnimator - Joint 'satchel_frontStrap_Aim_Hybrid' invalid, while running 'models/characters/indiana_jones/adventurer/indiana_adventurer_hybrid.json' rigsetup on 'md6def/characters/standard/indiana_jones/indiana_wear_body.md6' while loading RunJobPrepared:idAnimationBlendJob
[1330] WARNING: idHybridPoseConstraintRigSetupInstance::RefreshInitForAnimator - Joint 'satchel_backStrap_Hybrid' invalid, while running 'models/characters/indiana_jones/adventurer/indiana_adventurer_hybrid.json' rigsetup on 'md6def/characters/standard/indiana_jones/indiana_wear_body.md6' while loading RunJobPrepared:idAnimationBlendJob
[1330] WARNING: idHybridPoseConstraintRigSetupInstance::RefreshInitForAnimator - Joint 'satchel_Hybrid' invalid, while running 'models/characters/indiana_jones/adventurer/indiana_adventurer_hybrid.json' rigsetup on 'md6def/characters/standard/indiana_jones/indiana_wear_body.md6' while loading RunJobPrepared:idAnimationBlendJob
[1330] WARNING: idHybridPoseConstraintRigSetupInstance::RefreshInitForAnimator - Joint 'satchel_backStrap_Aim_Hybrid' invalid, while running 'models/characters/indiana_jones/adventurer/indiana_adventurer_hybrid.json' rigsetup on 'md6def/characters/standard/indiana_jones/indiana_wear_body.md6' while loading RunJobPrepared:idAnimationBlendJob
[1330] WARNING: idHybridPoseConstraintRigSetupInstance::RefreshInitForAnimator - Joint 'Center_Back_Collar_Hybrid' invalid, while running 'models/characters/indiana_jones/adventurer/indiana_adventurer_hybrid.json' rigsetup on 'md6def/characters/standard/indiana_jones/indiana_wear_body.md6' while loading RunJobPrepared:idAnimationBlendJob
[1330] WARNING: idHybridPoseConstraintRigSetupInstance::RefreshInitForAnimator - Joint 'Left_Front_Collar_Hybrid' invalid, while running 'models/characters/indiana_jones/adventurer/indiana_adventurer_hybrid.json' rigsetup on 'md6def/characters/standard/indiana_jones/indiana_wear_body.md6' while loading RunJobPrepared:idAnimationBlendJob
[1330] WARNING: idHybridPoseConstraintRigSetupInstance::RefreshInitForAnimator - Joint 'Left_Middle_Collar_Hybrid' invalid, while running 'models/characters/indiana_jones/adventurer/indiana_adventurer_hybrid.json' rigsetup on 'md6def/characters/standard/indiana_jones/indiana_wear_body.md6' while loading RunJobPrepared:idAnimationBlendJob
[1330] WARNING: idHybridPoseConstraintRigSetupInstance::RefreshInitForAnimator - Joint 'LeftForeArmRoll_shirt_02_Hybrid' invalid, while running 'models/characters/indiana_jones/adventurer/indiana_adventurer_hybrid.json' rigsetup on 'md6def/characters/standard/indiana_jones/indiana_wear_body.md6' while loading RunJobPrepared:idAnimationBlendJob
[1330] WARNING: idHybridPoseConstraintRigSetupInstance::RefreshInitForAnimator - Joint 'LeftShoulder_Collider_Hybrid' invalid, while running 'models/characters/indiana_jones/adventurer/indiana_adventurer_hybrid.json' rigsetup on 'md6def/characters/standard/indiana_jones/indiana_wear_body.md6' while loading RunJobPrepared:idAnimationBlendJob
[1330] WARNING: idHybridPoseConstraintRigSetupInstance::RefreshInitForAnimator - Joint 'Right_Front_Collar_Hybrid' invalid, while running 'models/characters/indiana_jones/adventurer/indiana_adventurer_hybrid.json' rigsetup on 'md6def/characters/standard/indiana_jones/indiana_wear_body.md6' while loading RunJobPrepared:idAnimationBlendJob
[1330] WARNING: idHybridPoseConstraintRigSetupInstance::RefreshInitForAnimator - Joint 'Right_Middle_Collar_Hybrid' invalid, while running 'models/characters/indiana_jones/adventurer/indiana_adventurer_hybrid.json' rigsetup on 'md6def/characters/standard/indiana_jones/indiana_wear_body.md6' while loading RunJobPrepared:idAnimationBlendJob
[1330] WARNING: idHybridPoseConstraintRigSetupInstance::RefreshInitForAnimator - Joint 'RightForeArmRoll_shirt_02_Hybrid' invalid, while running 'models/characters/indiana_jones/adventurer/indiana_adventurer_hybrid.json' rigsetup on 'md6def/characters/standard/indiana_jones/indiana_wear_body.md6' while loading RunJobPrepared:idAnimationBlendJob
[1330] WARNING: idHybridPoseConstraintRigSetupInstance::RefreshInitForAnimator - Joint 'RightShoulder_Collider_Hybrid' invalid, while running 'models/characters/indiana_jones/adventurer/indiana_adventurer_hybrid.json' rigsetup on 'md6def/characters/standard/indiana_jones/indiana_wear_body.md6' while loading RunJobPrepared:idAnimationBlendJob
[1330] ---------- idRenderWorldLocal::SpecificationComplete ----------
[1330] --------------------------------------
[1330] Unknown command 'sys_dumpMemory'
[1330] Map loaded in 0.16 seconds.
[1330] 2025-09-19T23:38:38.872+08:00 LOG: Starting a match!
[1330] AllocMapInstance took 0.1850 seconds.
[1330] AllocMapInstance(game/relic/college/college_night) took 0.219 s
[1330]  0.2 total seconds for map load
[1330] Spent 99.983ms waiting on streaming prefetch (completed).
[1330] 0.4 seconds to load game/relic/college/college_night
[1330] idGameSystemLocal::SetState: State changing from idGameSystemLocal::GAME_STATE_LOADING to idGameSystemLocal::GAME_STATE_INGAME
[1330] idLoadScreen::LevelLoadCompleted()
[1330] ------------ Map change completed! ------------
  Map Name: game/relic/college/college_night

[1330] idLogicNodeRelicProgression::Activate - No chapter data exists for the current chapter yet, aborting
[1330] idLogicNodeRelicProgression::Activate - No chapter data exists for the current chapter yet, aborting
[1330] Prefetch complete.
  Total bytes read: 0.00MB
  Total seeks: 0
  Image
     Total bytes read: 0.00MB
     Total seeks: 0
       <=1KB    : 0
       <=16KB   : 0
       <=128KB  : 0
       <=256KB  : 0
       <=512KB  : 0
       rest     : 0
  Geometry
     Total bytes read: 0.00MB
     Total seeks: 0
       <=1KB    : 0
       <=16KB   : 0
       <=128KB  : 0
       <=256KB  : 0
       <=512KB  : 0
       rest     : 0
  Audio
     Total bytes read: 0.00MB
     Total seeks: 0
  Geom cache
     Total bytes read: 0.00MB
     Total seeks: 0
  Light probe
     Total bytes read: 0.00MB
     Total seeks: 0
  Video
     Total bytes read: 0.00MB
     Total seeks: 0
[1346] SWF defragging swf/common/base_screen_4k.swf
[1372] Starting Relic campaign with action difficulty 1 and adventure difficulty 1 on map game/relic/peru/peru.map
[1372] Game Type:     singleplayer
[1372] Game Sub-Type: default
[1372] idGameSystemLocal::SetState: State changing from idGameSystemLocal::GAME_STATE_INGAME to idGameSystemLocal::GAME_STATE_LOADING
[1372] ExecuteMapChange: EndPlayingGame
[1372] Queueing EndPlayingGame
[1372] EndPlayingGame
[1372] NET: GameSessionLocalGameSession state: 3 (was 4)
[1372] StartPlayingGame
[1372] NET: GameSessionLocalGameSession state: 4 (was 3)
[1372] Modified CVars:
[1372] idGameSystemLocal::FreeMapInstance_Internal: Setting mapLocal = NULL
[1372] Checking to see if the chunk is installed now
[1372] LoadNamedResourceBlock: game/relic/peru/peru
[1372] Map change Async Job wait started
[1372] idMapInstanceLocal:Destructor 000001E8FD4F1010
[1372] --------- Game Map Shutdown ----------
[1372] Removing index[11] that was player[|CLI|Zerone_89] 
[1372] num total mega pages: 26
[1372] num total small pages: 3247
[1372] peak active small pages: 3027
[1372] ------------ Game Shutdown -----------
[1372] --------------------------------------
[1372] ------------------------------
[1372] Havok Garbage Collection
[1372] Havok memory statistics: 0 0
[1372] Havok memory statistics: 0 0
[1372] Havok Memory Freed: 0
[1372] ------------------------------
[1372] idVulkanMemoryAllocator::FreeEmptyBlocks: Freed    4.250 MiB
[1372] Reset Heap Job (reset persist)
[1372] WaitForIdle took 3.44ms
[1372] Warning: The following swfs were not deleted:
[1372] loading/loading_info
[1372] GeomCacheStreamer shutdown took 0.00s
[1372] ImageStreaming flush maptextures took 0.00s
[1372] ImageStreaming flush maptextures took 0.00s
[1372] Reset 0 reference counters in heap 3. 1 available.
[1372] Reset 0 reference counters in heap 2. 1 available.
[1372] ---------- ResetHeap (Map) ----------
[1372] ---------- ResetHeap (Persist) ----------
[1372] Reset Heap Job Done
[1372] 0.0 seconds to figure out container
[1372] Resources skipped by layer tests: 0
[1372] 0.0 seconds to gather resource list
[1372] 0.0 seconds to check what resources needs loading: 10215 resources,   589 skipped
[1372] Load 10804 resources
[1372] idResourceStorageDiskStreamer::Init took 0.003s to collect 10215 (589 skipped) resources
[1372] Pll chunks: 2/3
[1372] LoadNamedResourceBlock: Start waiting for geostreamer decay
[1372] LoadNamedResourceBlock: Done waiting for geostreamer decay
[1372] CreatePersistMapFile took 29.607 msec
[1373] LoadNamedResourceBlock(game/relic/peru/peru): 0.218 seconds to preload 10215 resources, pll: 1.469 s, serial: 0.000 s
[1373] Disk streamer stats:
[1373] Init took 0.003s to collect 10215 resources:
[1373] Foreground:  10215 reads,  52.398 MiB in 36.255ms, (1445.274 MiB/s) 0.000ms stalled, 187.265ms lockwait
[1373] Background:   441 reads, 105.375 MiB
[1373] Prefetching world
[1373] Streaming prefetch at -18.353729 -189.428909 7.576536 (entity temple_player_checkpoint_after_intro)
[1373] allocated 16 Brush Render Models
[1373] --------- Initializing Game ----------
[1373] mapName: game/relic/peru/peru
[1373] gameFlags: 68
[1373] initialMap: 1
[1373] gamedate: Aug 13 2025
[1373] Setting up Component entity system instance
[1373] 	mode (instance)  = 0
[1373] 	isInBuildGame    = false
[1373] 	isSingle         = true
[1373] 	isAI             = true
[1373] 	isDemo           = false
[1373] 	isMainMenu       = false
[1373] 	isSaveSupported  = true
[1373] 	isDormancyEnabled = true
[1373] game initialized.
[1373] idMapInstanceLocal:Constructor 000001E8FD4F1010
[1373] --------------------------------------
[1373] ----------- LoadMap(game/relic/peru/peru) ------------
[1373] Sound nav volume peru has 82989 cells and 494412 edges
[1373] Spawning world
[1373] create and spawn the worldspawn
[1373] Worldspawn: Adding terrain, 'game/relic/peru/peru_terrain' at (0.000000,0.000000) 
[1373] idMapInstanceLocal::LoadMap: adding initial layers from worldspawn
[1373] BatchLoad(aiaction): loaded 3 resources in serial in 0.000s (0.333us/resource)
[1373] BatchLoad(aitype): loaded 2 resources in serial in 0.000s (0.500us/resource)
[1373] spawn map entities
[1373] Found 3254 map entities
[1373] BatchLoad(model): loaded 827 resources in serial in 0.000s (0.213us/resource)
[1373] BatchLoad(modelstream): loaded 460 resources in serial in 0.000s (0.228us/resource)
[1373] BatchLoad(vegetationdeformation): loaded 13 resources in serial in 0.000s (0.308us/resource)
[1373] MapFileStaticInstances info:
[1373] 	Num model instances = 6604
[1373] 	Num decals = 1974
[1373] 	Num scatter points = 1552
[1373] 	Num sectors = 3
[1373] 	Num objects in sectors = 8578
[1373] 	Num uncovered objects in sectors = 763
[1373] Skipped 0 non-production entities
[1373] Skipped 0 savegame entities
[1373] Registered 0 map entities
[1373] Spawned Layers in the current map:
[1373] 	0: world
[1373] ---
[1373] Spawned Layers on next map load:[1373] ---
[1373] Initializing 0 entities
[1373] Spawning 0 entities
[1373] BatchLoad(havokshape): loaded 317 resources in serial in 0.000s (0.353us/resource)
[1373] setup 1488 static collision bodies (1 convex, 1487 collision, 0 procedural)
[1373] WARNING: StrongLoadAlias - alias 'story/ch00/chambertrap02_pe/satipo_mh' not in modelDef 'md6def/characters/standard/satipo/satipo_wear_base.md6' while loading RunJobPrepared:idAnimatedInitializeJob
[1373] Create Referenced EntityDefs List
[1373] WARNING: Dangling reference in map: Entity "script_wat_mahathat_gameplay_water_moving" first referenced by "<unknown>"
[1373] WARNING: Dangling reference in map: Entity "script_wat_mahathat_gameplay_water_moving1" first referenced by "<unknown>"
[1373] WARNING: Dangling reference in map: Entity "script_wat_mahathat_dynamic_water_20" first referenced by "<unknown>"
[1373] ==== Processing events ====
[1373] ==== Processing events ====
[1373] Disabling all sectors and showing all models
[1373] Adding player: |CLI|Zerone_89
[1373] ---------- idRenderWorldLocal::SpecificationComplete ----------
[1373] --------------------------------------
[1373] Unknown command 'sys_dumpMemory'
[1373] Map loaded in 0.21 seconds.
[1373] 2025-09-19T23:39:21.748+08:00 LOG: Starting a match!
[1373] AllocMapInstance took 0.2380 seconds.
[1373] AllocMapInstance(game/relic/peru/peru) took 0.268 s
[1373]  0.5 total seconds for map load
[1373] Spent 566.030ms waiting on streaming prefetch (completed).
[1373] 1.2 seconds to load game/relic/peru/peru
[1373] idGameSystemLocal::SetState: State changing from idGameSystemLocal::GAME_STATE_LOADING to idGameSystemLocal::GAME_STATE_INGAME
[1373] idLoadScreen::LevelLoadCompleted()
[1373] ------------ Map change completed! ------------
  Map Name: game/relic/peru/peru

[1373] Prefetch complete.
  Total bytes read: 0.00MB
  Total seeks: 0
  Image
     Total bytes read: 0.00MB
     Total seeks: 0
       <=1KB    : 0
       <=16KB   : 0
       <=128KB  : 0
       <=256KB  : 0
       <=512KB  : 0
       rest     : 0
  Geometry
     Total bytes read: 0.00MB
     Total seeks: 0
       <=1KB    : 0
       <=16KB   : 0
       <=128KB  : 0
       <=256KB  : 0
       <=512KB  : 0
       rest     : 0
  Audio
     Total bytes read: 0.00MB
     Total seeks: 0
  Geom cache
     Total bytes read: 0.00MB
     Total seeks: 0
  Light probe
     Total bytes read: 0.00MB
     Total seeks: 0
  Video
     Total bytes read: 0.00MB
     Total seeks: 0
[1373] WARNING: SWF swf/common/base_screen_4k.swf: Material path is required but is unset on sprite m while executing logicscript:dynamic_widget(hud/systemic/element/swf_default_interaction) from RunJobPrepared:LogicUI Object Job
[1374] WARNING: Allocating unmoveable vertex buffer for 'models/characters/satipo/satipo_wear_base.md6mesh' (11362512 bytes, limit 8388624 bytes)
[1377] [MDNT] Stopped prefetch of cutscene: cs/peru/ch00_intro01_cm
[1377] WARNING: Allocating unmoveable vertex buffer for 'models/characters/barranca/barranca_wear_base.md6mesh' (11961360 bytes, limit 8388624 bytes)
[1381] WARNING: Component 'idLogicSaveComponent' required heap allocation on entity 'script_logic_manager_map_info_1648277137' 2822, used 37298/32768 byte(s). while loading RunJobPrepared:SAVEGAME_JOB_NAME( idLogicSaveComponent )
[1381] idPlayerProfile::Serialize - START
[1381] idPlayerProfileShell::InternalSerialize - START
[1381] idPlayerProfileShell::InternalSerialize - END
[1381] idPlayerProfile::Serialize - END
[1381] idPlayerProfile::SerializeCommon - START
[1381] idPlayerProfileShell::InternalSerializeCommon - START
[1381] idPlayerProfileShell::InternalSerializeCommon - END
[1381] idPlayerProfile::SerializeCommon - END
[1381] --------------SAVEGAME-----------
[1381] Game saved.
[1381] ----------END SAVEGAME-----------
[1405] WARNING: Allocating unmoveable vertex buffer for 'models/characters/peruvian_porter/peruvian_porter_wear_base.md6mesh' (10181952 bytes, limit 8388624 bytes)
[1405] WARNING: Allocating unmoveable vertex buffer for 'models/characters/peruvian_porter/peruvian_porter_wear_base.md6mesh' (36066288 bytes, limit 8388624 bytes)
[1410] [MDNT] Stopped prefetch of cutscene: cs/peru/ch00_demon01_pe
[1410] WARNING: Component 'idLogicSaveComponent' required heap allocation on entity 'script_logic_manager_map_info_1648277137' 2822, used 37298/32768 byte(s). while loading RunJobPrepared:SAVEGAME_JOB_NAME( idLogicSaveComponent )
[1410] WARNING: Allocating unmoveable vertex buffer for 'models/characters/barranca/barranca_wear_base.md6mesh' (31480512 bytes, limit 8388624 bytes)
[1412] [MDNT] Stopped prefetch of cutscene: cs/peru/ch00_demon02_cm
[1412] WARNING: Component 'idLogicSaveComponent' required heap allocation on entity 'script_logic_manager_map_info_1648277137' 2822, used 37298/32768 byte(s). while loading RunJobPrepared:SAVEGAME_JOB_NAME( idLogicSaveComponent )
[1430] WARNING: Component 'idLogicSaveComponent' required heap allocation on entity 'script_logic_manager_map_info_1648277137' 2822, used 37298/32768 byte(s). while loading RunJobPrepared:SAVEGAME_JOB_NAME( idLogicSaveComponent )
[1448] [MDNT] Stopped prefetch of cutscene: cs/peru/ch00_poisonarrow01_cm
[1475] WARNING: Allocating unmoveable vertex buffer for 'models/characters/satipo/satipo_wear_base.md6mesh' (30154992 bytes, limit 8388624 bytes)
[1479] [MDNT] Stopped prefetch of cutscene: cs/peru/ch00_doublecross01_pe
[1490] [MDNT] Stopped prefetch of cutscene: cs/peru/ch00_doublecross02_cm
[1490] WARNING: Component 'idLogicSaveComponent' required heap allocation on entity 'script_logic_manager_map_info_1648277137' 2822, used 37298/32768 byte(s). while loading RunJobPrepared:SAVEGAME_JOB_NAME( idLogicSaveComponent )
[1491] idPlayerProfile::Serialize - START
[1491] idPlayerProfileShell::InternalSerialize - START
[1491] idPlayerProfileShell::InternalSerialize - END
[1491] idPlayerProfile::Serialize - END
[1491] idPlayerProfile::SerializeCommon - START
[1491] idPlayerProfileShell::InternalSerializeCommon - START
[1491] idPlayerProfileShell::InternalSerializeCommon - END
[1491] idPlayerProfile::SerializeCommon - END
[1491] --------------SAVEGAME-----------
[1491] Game saved.
[1491] ----------END SAVEGAME-----------
[1491] WARNING: Component 'idLogicSaveComponent' required heap allocation on entity 'script_logic_manager_map_info_1648277137' 2822, used 37298/32768 byte(s). while loading RunJobPrepared:SAVEGAME_JOB_NAME( idLogicSaveComponent )
[1491] idPlayerProfile::Serialize - START
[1491] idPlayerProfileShell::InternalSerialize - START
[1491] idPlayerProfileShell::InternalSerialize - END
[1491] idPlayerProfile::Serialize - END
[1491] idPlayerProfile::SerializeCommon - START
[1491] idPlayerProfileShell::InternalSerializeCommon - START
[1491] idPlayerProfileShell::InternalSerializeCommon - END
[1491] idPlayerProfile::SerializeCommon - END
[1491] --------------SAVEGAME-----------
[1491] Game saved.
[1491] ----------END SAVEGAME-----------
[1499] [MDNT] Stopped prefetch of cutscene: cs/peru/ch00_entertemple02_cm
[1499] WARNING: Component 'idLogicSaveComponent' required heap allocation on entity 'script_logic_manager_map_info_1648277137' 2822, used 37298/32768 byte(s). while loading RunJobPrepared:SAVEGAME_JOB_NAME( idLogicSaveComponent )
[1499] WARNING: Component 'idLogicSaveComponent' required heap allocation on entity 'script_logic_manager_map_info_1648277137' 2822, used 37298/32768 byte(s). while loading RunJobPrepared:SAVEGAME_JOB_NAME( idLogicSaveComponent )
[1499] idPlayerProfile::Serialize - START
[1499] idPlayerProfileShell::InternalSerialize - START
[1499] idPlayerProfileShell::InternalSerialize - END
[1499] idPlayerProfile::Serialize - END
[1499] idPlayerProfile::SerializeCommon - START
[1499] idPlayerProfileShell::InternalSerializeCommon - START
[1499] idPlayerProfileShell::InternalSerializeCommon - END
[1499] idPlayerProfile::SerializeCommon - END
[1499] --------------SAVEGAME-----------
[1499] Game saved.
[1499] ----------END SAVEGAME-----------
[1530] [MDNT] Stopped prefetch of cutscene: cs/peru/spiders_light_merged
[1530] WARNING: Component 'idLogicSaveComponent' required heap allocation on entity 'script_logic_manager_map_info_1648277137' 2822, used 37298/32768 byte(s). while loading RunJobPrepared:SAVEGAME_JOB_NAME( idLogicSaveComponent )
[1538] WARNING: Component 'idLogicSaveComponent' required heap allocation on entity 'script_logic_manager_map_info_1648277137' 2822, used 37298/32768 byte(s). while loading RunJobPrepared:SAVEGAME_JOB_NAME( idLogicSaveComponent )
[1538] idPlayerProfile::Serialize - START
[1538] idPlayerProfileShell::InternalSerialize - START
[1538] idPlayerProfileShell::InternalSerialize - END
[1538] idPlayerProfile::Serialize - END
[1538] idPlayerProfile::SerializeCommon - START
[1538] idPlayerProfileShell::InternalSerializeCommon - START
[1538] idPlayerProfileShell::InternalSerializeCommon - END
[1538] idPlayerProfile::SerializeCommon - END
[1538] --------------SAVEGAME-----------
[1538] Game saved.
[1538] ----------END SAVEGAME-----------
[1543] WARNING: Component 'idLogicSaveComponent' required heap allocation on entity 'script_logic_manager_map_info_1648277137' 2822, used 37298/32768 byte(s). while loading RunJobPrepared:SAVEGAME_JOB_NAME( idLogicSaveComponent )
[1543] idPlayerProfile::Serialize - START
[1543] idPlayerProfileShell::InternalSerialize - START
[1543] idPlayerProfileShell::InternalSerialize - END
[1543] idPlayerProfile::Serialize - END
[1543] idPlayerProfile::SerializeCommon - START
[1543] idPlayerProfileShell::InternalSerializeCommon - START
[1543] idPlayerProfileShell::InternalSerializeCommon - END
[1543] idPlayerProfile::SerializeCommon - END
[1543] --------------SAVEGAME-----------
[1543] Game saved.
[1543] ----------END SAVEGAME-----------
[1546] WARNING: issue entity 'npc_ai_traversal_action_7' - Tried to clear traversal users on an entity that does not exist
[1557] Save Game slot file for 'GAME_DATA' has engine save version 52 and game save version 792
[1557] Save Game slot file for 'LEVEL_DATA' has engine save version 52 and game save version 792
[1557] Game Type:     singleplayer
[1557] Game Sub-Type: default
[1557] idGameSystemLocal::SetState: State changing from idGameSystemLocal::GAME_STATE_INGAME to idGameSystemLocal::GAME_STATE_LOADING
[1557] ExecuteMapChange: EndPlayingGame
[1557] Queueing EndPlayingGame
[1557] EndPlayingGame
[1557] NET: GameSessionLocalGameSession state: 3 (was 4)
[1557] StartPlayingGame
[1557] NET: GameSessionLocalGameSession state: 4 (was 3)
[1557] Modified CVars:
[1557] idGameSystemLocal::FreeMapInstance_Internal: Setting mapLocal = NULL
[1557] Checking to see if the chunk is installed now
[1557] Map change Async Job wait started
[1557] idMapInstanceLocal:Destructor 000001E8FD4F1010
[1557] --------- Game Map Shutdown ----------
[1557] Removing index[11] that was player[|CLI|Zerone_89] 
[1557] idLogicUISystemController_InventoryController::EquipSatchel: Entity not in view
[1557] num total mega pages: 26
[1557] num total small pages: 5451
[1557] peak active small pages: 4555
[1557] ------------ Game Shutdown -----------
[1557] --------------------------------------
[1557] ------------------------------
[1557] Havok Garbage Collection
[1557] Havok memory statistics: 0 0
[1557] Havok memory statistics: 0 0
[1557] Havok Memory Freed: 0
[1557] ------------------------------
[1557] idVulkanMemoryAllocator::FreeEmptyBlocks: Freed   40.125 MiB
[1557] Reset Heap Job 
[1557] WaitForIdle took 8.55ms
[1557] Warning: The following swfs were not deleted:
[1557] loading/loading_info
[1557] GeomCacheStreamer shutdown took 0.00s
[1557] ImageStreaming flush maptextures took 0.00s
[1557] Reset 0 reference counters in heap 3. 1 available.
[1558] ---------- ResetHeap (Map) ----------
[1558] Reset Heap Job Done
[1558] CreatePersistMapFile took 0.000 msec
[1558] Prefetching world
[1558] Streaming prefetch at 81.908783 13.236561 14.796355 (entity temple_chasm_spawnpoint)
[1558] allocated 16 Brush Render Models
[1558] --------- Initializing Game ----------
[1558] mapName: game/relic/peru/peru
[1558] gameFlags: 68
[1558] initialMap: 0
[1558] gamedate: Aug 13 2025
[1558] Setting up Component entity system instance
[1558] 	mode (instance)  = 0
[1558] 	isInBuildGame    = false
[1558] 	isSingle         = true
[1558] 	isAI             = true
[1558] 	isDemo           = false
[1558] 	isMainMenu       = false
[1558] 	isSaveSupported  = true
[1558] 	isDormancyEnabled = true
[1558] game initialized.
[1558] idMapInstanceLocal:Constructor 000001E8FD4F1010
[1558] --------------------------------------
[1558] Save Game slot file for 'GAME_DATA' has engine save version 52 and game save version 792
[1558] Save Game slot file for 'LEVEL_DATA' has engine save version 52 and game save version 792
[1558] Save Game slot file for 'GAME_DATA' has engine save version 52 and game save version 792
[1558] Save Game slot file for 'LEVEL_DATA' has engine save version 52 and game save version 792
[1558] ----------- LoadMap(game/relic/peru/peru) ------------
[1558] Sound nav volume peru has 82989 cells and 494412 edges
[1558] Spawning world
[1558] create and spawn the worldspawn
[1558] Worldspawn: Adding terrain, 'game/relic/peru/peru_terrain' at (0.000000,0.000000) 
[1558] idMapInstanceLocal::LoadMap: adding initial layers from worldspawn
[1558] BatchLoad(aiaction): loaded 3 resources in serial in 0.000s (0.333us/resource)
[1558] BatchLoad(aitype): loaded 2 resources in serial in 0.000s (0.500us/resource)
[1558] spawn map entities
[1558] Found 3254 map entities
[1558] BatchLoad(model): loaded 827 resources in serial in 0.000s (0.213us/resource)
[1558] BatchLoad(modelstream): loaded 460 resources in serial in 0.000s (0.228us/resource)
[1558] BatchLoad(vegetationdeformation): loaded 13 resources in serial in 0.000s (0.385us/resource)
[1558] MapFileStaticInstances info:
[1558] 	Num model instances = 6604
[1558] 	Num decals = 1974
[1558] 	Num scatter points = 1552
[1558] 	Num sectors = 3
[1558] 	Num objects in sectors = 8578
[1558] 	Num uncovered objects in sectors = 763
[1558] Skipped 0 non-production entities
[1558] Skipped 4696 savegame entities
[1558] Registered 0 map entities
[1558] Spawned Layers in the current map:
[1558] 	0: world
[1558] ---
[1558] Spawned Layers on next map load:[1558] ---
[1558] Initializing 0 entities
[1558] Spawning 0 entities
[1558] BatchLoad(havokshape): loaded 317 resources in serial in 0.000s (0.344us/resource)
[1558] setup 1488 static collision bodies (1 convex, 1487 collision, 0 procedural)
[1558] WARNING: idAnimSysNode_Target::ChangeTransformCache - Alias: 'rea/gesture/sweat_var01' not found in node: 'AIDynamicAction' (animSys: geist/ai/standard) while loading RunJobPrepared:idAnimSysInitializeJob
[1558] WARNING: StrongLoadAlias - alias 'story/ch00/chambertrap02_pe/satipo_mh' not in modelDef 'md6def/characters/standard/satipo/satipo_wear_base.md6' while loading RunJobPrepared:idAnimatedInitializeJob
[1558] Create Referenced EntityDefs List
[1558] WARNING: Dangling reference in map: Entity "script_wat_mahathat_gameplay_water_moving" first referenced by "<unknown>"
[1558] WARNING: Dangling reference in map: Entity "script_wat_mahathat_gameplay_water_moving1" first referenced by "<unknown>"
[1558] WARNING: Dangling reference in map: Entity "script_wat_mahathat_dynamic_water_20" first referenced by "<unknown>"
[1558] ==== Processing events ====
[1558] ==== Processing events ====
[1558] Disabling all sectors and showing all models
[1558] Adding player: |CLI|Zerone_89
[1558] ---------- idRenderWorldLocal::SpecificationComplete ----------
[1558] --------------------------------------
[1558] Unknown command 'sys_dumpMemory'
[1558] Map loaded in 0.20 seconds.
[1558] 2025-09-19T23:42:26.721+08:00 LOG: Starting a match!
[1558] AllocMapInstance took 0.2270 seconds.
[1558] AllocMapInstance(game/relic/peru/peru) took 0.263 s
[1558]  0.3 total seconds for map load
[1558] Spent 166.417ms waiting on streaming prefetch (completed).
[1558] 0.6 seconds to load game/relic/peru/peru
[1558] idGameSystemLocal::SetState: State changing from idGameSystemLocal::GAME_STATE_LOADING to idGameSystemLocal::GAME_STATE_INGAME
[1558] idLoadScreen::LevelLoadCompleted()
[1558] ------------ Map change completed! ------------
  Map Name: game/relic/peru/peru

[1558] idLogicNodeRelicProgression::Activate - No chapter data exists for the current chapter yet, aborting
[1558] Prefetch complete.
  Total bytes read: 0.00MB
  Total seeks: 0
  Image
     Total bytes read: 0.00MB
     Total seeks: 0
       <=1KB    : 0
       <=16KB   : 0
       <=128KB  : 0
       <=256KB  : 0
       <=512KB  : 0
       rest     : 0
  Geometry
     Total bytes read: 0.00MB
     Total seeks: 0
       <=1KB    : 0
       <=16KB   : 0
       <=128KB  : 0
       <=256KB  : 0
       <=512KB  : 0
       rest     : 0
  Audio
     Total bytes read: 0.00MB
     Total seeks: 0
  Geom cache
     Total bytes read: 0.00MB
     Total seeks: 0
  Light probe
     Total bytes read: 0.00MB
     Total seeks: 0
  Video
     Total bytes read: 0.00MB
     Total seeks: 0
[1558] WARNING: SWF swf/common/base_screen_4k.swf: Material path is required but is unset on sprite m while executing logicscript:dynamic_widget(hud/systemic/element/swf_default_interaction) from RunJobPrepared:LogicUI Object Job
[1566] WARNING: WhipSelection node for AnimSys 'weapons/1p/whip01' is missing a target node for combination [SWINGING] : [INVALID] while loading RunJobPrepared:idLoadoutAttachmentSyncAnimSysStateJob
[1569] [MDNT] Stopped prefetch of cutscene: cs/peru/ch00_chasm01_cm
[1569] WARNING: Component 'idLogicSaveComponent' required heap allocation on entity 'script_logic_manager_map_info_1648277137' 224, used 37298/32768 byte(s). while loading RunJobPrepared:SAVEGAME_JOB_NAME( idLogicSaveComponent )
[1569] idPlayerProfile::Serialize - START
[1569] idPlayerProfileShell::InternalSerialize - START
[1569] idPlayerProfileShell::InternalSerialize - END
[1569] idPlayerProfile::Serialize - END
[1569] idPlayerProfile::SerializeCommon - START
[1569] idPlayerProfileShell::InternalSerializeCommon - START
[1569] idPlayerProfileShell::InternalSerializeCommon - END
[1569] idPlayerProfile::SerializeCommon - END
[1569] --------------SAVEGAME-----------
[1569] Game saved.
[1569] ----------END SAVEGAME-----------
[1606] WARNING: Component 'idLogicSaveComponent' required heap allocation on entity 'script_logic_manager_map_info_1648277137' 224, used 37298/32768 byte(s). while loading RunJobPrepared:SAVEGAME_JOB_NAME( idLogicSaveComponent )
[1606] idPlayerProfile::Serialize - START
[1606] idPlayerProfileShell::InternalSerialize - START
[1606] idPlayerProfileShell::InternalSerialize - END
[1606] idPlayerProfile::Serialize - END
[1606] idPlayerProfile::SerializeCommon - START
[1606] idPlayerProfileShell::InternalSerializeCommon - START
[1606] idPlayerProfileShell::InternalSerializeCommon - END
[1606] idPlayerProfile::SerializeCommon - END
[1606] --------------SAVEGAME-----------
[1606] Game saved.
[1606] ----------END SAVEGAME-----------
[1609] WARNING: Anim Request: 'relic/goldpouch' - Selection node 'WeaponConditionSelection' is missing a target node for combinations 'WEAPON_CONDITION_FIRED_LAST'  while loading RunJobPrepared:idLoadoutAttachmentSyncAnimSysStateJob
[1618] [MDNT] Stopped prefetch of cutscene: cs/peru/ch00_chamberidol02_cm
[1618] WARNING: Component 'idLogicSaveComponent' required heap allocation on entity 'script_logic_manager_map_info_1648277137' 224, used 37298/32768 byte(s). while loading RunJobPrepared:SAVEGAME_JOB_NAME( idLogicSaveComponent )
[1634] [MDNT] Stopped prefetch of cutscene: cs/peru/ch00_chasmidol02_cm
[1634] WARNING: Component 'idLogicSaveComponent' required heap allocation on entity 'script_logic_manager_map_info_1648277137' 224, used 37298/32768 byte(s). while loading RunJobPrepared:SAVEGAME_JOB_NAME( idLogicSaveComponent )
[1642] [MDNT] Stopped prefetch of cutscene: cs/peru/ch00_chasmclimb01_cm
[1642] WARNING: Component 'idLogicSaveComponent' required heap allocation on entity 'script_logic_manager_map_info_1648277137' 224, used 37298/32768 byte(s). while loading RunJobPrepared:SAVEGAME_JOB_NAME( idLogicSaveComponent )
[1652] Reconciling achievement complete_ch0_peru, unlocking on platform
[1652] Reconciling achievement complete_all_achievements, updating counter on platform
[1652] WARNING: Achievements: Invalid id -1 for steam while loading RunJobPrepared:idPlayerAchievementsUpdateJob
[1652] WARNING: Achievements: Invalid id -1 for xboxlive while loading RunJobPrepared:idPlayerAchievementsUpdateJob
[1652] Reconciling achievement complete_ch0_peru, unlocking on platform
[1655] [MDNT] Stopped prefetch of cutscene: cs/peru/ch00_boulderdeath01_pe
[1655] WARNING: Component 'idLogicSaveComponent' required heap allocation on entity 'script_logic_manager_map_info_1648277137' 224, used 37298/32768 byte(s). while loading RunJobPrepared:SAVEGAME_JOB_NAME( idLogicSaveComponent )
[1655] WARNING: Component 'idLogicSaveComponent' required heap allocation on entity 'script_logic_manager_map_info_1648277137' 224, used 37298/32768 byte(s). while loading RunJobPrepared:SAVEGAME_JOB_NAME( idLogicSaveComponent )
[1655] idPlayerProfile::Serialize - START
[1655] idPlayerProfileShell::InternalSerialize - START
[1655] idPlayerProfileShell::InternalSerialize - END
[1655] idPlayerProfile::Serialize - END
[1655] idPlayerProfile::SerializeCommon - START
[1655] idPlayerProfileShell::InternalSerializeCommon - START
[1655] idPlayerProfileShell::InternalSerializeCommon - END
[1655] idPlayerProfile::SerializeCommon - END
[1655] --------------SAVEGAME-----------
[1655] Game saved.
[1655] ----------END SAVEGAME-----------
[1655] Save Game slot file for 'GAME_DATA' has engine save version 52 and game save version 792
[1655] Game Type:     singleplayer
[1655] Game Sub-Type: default
[1655] idGameSystemLocal::SetState: State changing from idGameSystemLocal::GAME_STATE_INGAME to idGameSystemLocal::GAME_STATE_LOADING
[1655] ExecuteMapChange: EndPlayingGame
[1655] Queueing EndPlayingGame
[1655] EndPlayingGame
[1655] NET: GameSessionLocalGameSession state: 3 (was 4)
[1655] StartPlayingGame
[1655] NET: GameSessionLocalGameSession state: 4 (was 3)
[1655] Modified CVars:
[1655] idGameSystemLocal::FreeMapInstance_Internal: Setting mapLocal = NULL
[1655] Checking to see if the chunk is installed now
[1655] LoadNamedResourceBlock: game/relic/college/college_night
[1655] Map change Async Job wait started
[1655] idMapInstanceLocal:Destructor 000001E8FD4F1010
[1655] --------- Game Map Shutdown ----------
[1655] Removing index[11] that was player[|CLI|Zerone_89] 
[1655] idLogicUISystemController_InventoryController::EquipSatchel: Entity not in view
[1655] num total mega pages: 27
[1655] num total small pages: 5367
[1655] peak active small pages: 4839
[1655] ------------ Game Shutdown -----------
[1655] --------------------------------------
[1655] ------------------------------
[1655] Havok Garbage Collection
[1655] Havok memory statistics: 0 0
[1655] Havok memory statistics: 0 0
[1655] Havok Memory Freed: 0
[1655] ------------------------------
[1655] idVulkanMemoryAllocator::FreeEmptyBlocks: Freed   36.125 MiB
[1655] Reset Heap Job (reset persist)
[1655] WaitForIdle took 11.58ms
[1655] Warning: The following swfs were not deleted:
[1655] loading/loading_info
[1655] GeomCacheStreamer shutdown took 0.00s
[1655] ImageStreaming flush maptextures took 0.00s
[1655] ImageStreaming flush maptextures took 0.00s
[1655] Reset 0 reference counters in heap 3. 1 available.
[1655] Reset 0 reference counters in heap 2. 1 available.
[1655] ---------- ResetHeap (Map) ----------
[1655] ---------- ResetHeap (Persist) ----------
[1655] Reset Heap Job Done
[1655] 0.0 seconds to figure out container
[1655] Resources skipped by layer tests: 0
[1655] 0.0 seconds to gather resource list
[1655] 0.0 seconds to check what resources needs loading: 10660 resources,   273 skipped
[1655] Load 10933 resources
[1655] idResourceStorageDiskStreamer::Init took 0.003s to collect 10660 (273 skipped) resources
[1655] Pll chunks: 2/3
[1655] LoadNamedResourceBlock: Start waiting for geostreamer decay
[1655] LoadNamedResourceBlock: Done waiting for geostreamer decay
[1655] CreatePersistMapFile took 10.367 msec
[1656] LoadNamedResourceBlock(game/relic/college/college_night): 0.268 seconds to preload 10660 resources, pll: 1.707 s, serial: 0.000 s
[1656] Disk streamer stats:
[1656] Init took 0.003s to collect 10660 resources:
[1656] Foreground:  10660 reads,  30.203 MiB in 18.467ms, (1635.554 MiB/s) 0.000ms stalled, 71.335ms lockwait
[1656] Background:    12 reads,  32.312 MiB
[1656] Prefetching world
[1656] Streaming prefetch at -27.388964 5.345091 1.038310 (entity script_script_spawnpoint_start)
[1656] allocated 1 Brush Render Models
[1656] --------- Initializing Game ----------
[1656] mapName: game/relic/college/college_night
[1656] gameFlags: 68
[1656] initialMap: 0
[1656] gamedate: Aug 13 2025
[1656] Setting up Component entity system instance
[1656] 	mode (instance)  = 0
[1656] 	isInBuildGame    = false
[1656] 	isSingle         = true
[1656] 	isAI             = true
[1656] 	isDemo           = false
[1656] 	isMainMenu       = false
[1656] 	isSaveSupported  = true
[1656] 	isDormancyEnabled = true
[1656] game initialized.
[1656] idMapInstanceLocal:Constructor 000001E8FD4F1010
[1656] --------------------------------------
[1656] Save Game slot file for 'GAME_DATA' has engine save version 52 and game save version 792
[1656] Save Game slot file for 'GAME_DATA' has engine save version 52 and game save version 792
[1656] WARNING: decl couldn't read production file while loading entitydef:attachments/item/journal_peru_map_01b
[1656] WARNING: SaveGame : Missing resource 'idDeclEntityDef:attachments/item/journal_peru_map_01b' while loading resource-table!
[1656] WARNING: decl couldn't read production file while loading loadoutweapon:item/idol
[1656] WARNING: SaveGame : Missing resource 'idDeclLoadoutWeapon:item/idol' while loading resource-table!
[1656] WARNING: decl couldn't read production file while loading entitydef:attachments/key_item/peru/goldenidol
[1656] WARNING: SaveGame : Missing resource 'idDeclEntityDef:attachments/key_item/peru/goldenidol' while loading resource-table!
[1656] WARNING: decl couldn't read production file while loading material2:models/characters/indiana_jones/adventurer/tex/ij_head_doublecross
[1656] WARNING: SaveGame : Missing resource 'idMaterial2:models/characters/indiana_jones/adventurer/tex/ij_head_doublecross' while loading resource-table!
[1656] WARNING: decl couldn't read production file while loading damage:throwable/no_damage
[1656] WARNING: SaveGame : Missing resource 'idDeclDamage:throwable/no_damage' while loading resource-table!
[1656] ----------- LoadMap(game/relic/college/college_night) ------------
[1656] Sound nav volume college_night has 2469 cells and 15312 edges
[1656] Spawning world
[1656] create and spawn the worldspawn
[1656] idMapInstanceLocal::LoadMap: adding initial layers from worldspawn
[1656] BatchLoad(aiaction): loaded 0 resources in serial in 0.000s (-nan(ind)us/resource)
[1656] BatchLoad(aitype): loaded 0 resources in serial in 0.000s (-nan(ind)us/resource)
[1656] spawn map entities
[1656] Found 1026 map entities
[1656] BatchLoad(model): loaded 1305 resources in serial in 0.000s (0.185us/resource)
[1656] BatchLoad(modelstream): loaded 87 resources in serial in 0.000s (0.253us/resource)
[1656] BatchLoad(vegetationdeformation): loaded 6 resources in serial in 0.000s (0.333us/resource)
[1656] MapFileStaticInstances info:
[1656] 	Num model instances = 7108
[1656] 	Num decals = 1709
[1656] 	Num scatter points = 0
[1656] 	Num sectors = 11
[1656] 	Num objects in sectors = 8817
[1656] 	Num uncovered objects in sectors = 1502
[1656] Skipped 0 non-production entities
[1656] Skipped 0 savegame entities
[1656] Registered 0 map entities
[1656] Spawned Layers in the current map:
[1656] 	0: world
[1656] ---
[1656] Spawned Layers on next map load:[1656] ---
[1656] Initializing 0 entities
[1656] Spawning 0 entities
[1656] BatchLoad(havokshape): loaded 1113 resources in serial in 0.000s (0.325us/resource)
[1656] setup 365 static collision bodies (1 convex, 364 collision, 0 procedural)
[1656] WARNING: issue entity 'item/idol-actor_player_11_weapon6' - Failed to initialize weapon entity 'item/idol-actor_player_11_weapon6', weapon has no decl (!IsValid()). Destroying entity. while loading RunJobPrepared:idActiveWeaponInitializeJob
[1656] WARNING: issue entity 'item/journal_override-actor_player_11_weapon6_S_DD0' - failed to load rendermodel 'md6def/gameplay/interactables/peru_map_pieces_01a/peru_map_journal_01a/peru_map_journal_01b.md6', destroying entity 'item/journal_override-actor_player_11_weapon6_S_DD0' while loading idRenderModelInitializeJob:item/journal_override-actor_player_11_weapon6_S_DD0 from RunJobPrepared:idRenderModelInitializeJob
[1656] WARNING: issue entity 'item/idol-actor_player_11_weapon6' - failed to load rendermodel 'md6def/gameplay/interactables/goldenidol/goldenidol.md6', destroying entity 'item/idol-actor_player_11_weapon6' while loading idRenderModelInitializeJob:item/idol-actor_player_11_weapon6 from RunJobPrepared:idRenderModelInitializeJob
[1656] WARNING: issue entity 'item/journal_override-actor_player_11_weapon6_S_DD0' - Cannot create physics-shape for entity 'item/journal_override-actor_player_11_weapon6_S_DD0', RENDERMODEL_BOUNDS set with no model while loading idPhysicsInitializeJob:item/journal_override-actor_player_11_weapon6_S_DD0 from RunJobPrepared:idPhysicsInitializeJob
[1656] WARNING: issue entity 'item/journal_override-actor_player_11_weapon6_S_DD0' - Cannot create physics-shape for entity 'item/journal_override-actor_player_11_weapon6_S_DD0', RENDERMODEL_BOUNDS model has no volume while loading idPhysicsInitializeJob:item/journal_override-actor_player_11_weapon6_S_DD0 from RunJobPrepared:idPhysicsInitializeJob
[1656] WARNING: issue entity 'item/journal_override-actor_player_11_weapon6_S_DD0' - Failed to create physics shape, destroying entity 'item/journal_override-actor_player_11_weapon6_S_DD0' while loading idPhysicsInitializeJob:item/journal_override-actor_player_11_weapon6_S_DD0 from RunJobPrepared:idPhysicsInitializeJob
[1656] WARNING: issue entity 'item/idol-actor_player_11_weapon6' - Cannot create physics-shape for entity 'item/idol-actor_player_11_weapon6', RENDERMODEL_BOUNDS set with no model while loading idPhysicsInitializeJob:item/idol-actor_player_11_weapon6 from RunJobPrepared:idPhysicsInitializeJob
[1656] WARNING: issue entity 'item/idol-actor_player_11_weapon6' - Cannot create physics-shape for entity 'item/idol-actor_player_11_weapon6', RENDERMODEL_BOUNDS model has no volume while loading idPhysicsInitializeJob:item/idol-actor_player_11_weapon6 from RunJobPrepared:idPhysicsInitializeJob
[1656] WARNING: issue entity 'item/idol-actor_player_11_weapon6' - Failed to create physics shape, destroying entity 'item/idol-actor_player_11_weapon6' while loading idPhysicsInitializeJob:item/idol-actor_player_11_weapon6 from RunJobPrepared:idPhysicsInitializeJob
[1656] Create Referenced EntityDefs List
[1656] WARNING: Dangling reference in map: Entity "script_wat_mahathat_gameplay_water_moving" first referenced by "<unknown>"
[1656] WARNING: Dangling reference in map: Entity "script_wat_mahathat_gameplay_water_moving1" first referenced by "<unknown>"
[1656] WARNING: Dangling reference in map: Entity "script_wat_mahathat_dynamic_water_20" first referenced by "<unknown>"
[1656] ==== Processing events ====
[1656] ==== Processing events ====
[1656] Disabling all sectors and showing all models
[1656] Adding player: |CLI|Zerone_89
[1656] WARNING: idHybridPoseConstraintRigSetupInstance::RefreshInitForAnimator - Joint 'adventure_belt_01_Hybrid' invalid, while running 'models/characters/indiana_jones/adventurer/indiana_adventurer_hybrid.json' rigsetup on 'md6def/characters/standard/indiana_jones/indiana_wear_body.md6' while loading RunJobPrepared:idAnimationBlendJob
[1656] WARNING: idHybridPoseConstraintRigSetupInstance::RefreshInitForAnimator - Joint 'adventure_belt_02_Hybrid' invalid, while running 'models/characters/indiana_jones/adventurer/indiana_adventurer_hybrid.json' rigsetup on 'md6def/characters/standard/indiana_jones/indiana_wear_body.md6' while loading RunJobPrepared:idAnimationBlendJob
[1656] WARNING: idHybridPoseConstraintRigSetupInstance::RefreshInitForAnimator - Joint 'adventure_belt_02_Hybrid' invalid, while running 'models/characters/indiana_jones/adventurer/indiana_adventurer_hybrid.json' rigsetup on 'md6def/characters/standard/indiana_jones/indiana_wear_body.md6' while loading RunJobPrepared:idAnimationBlendJob
[1656] WARNING: idHybridPoseConstraintRigSetupInstance::RefreshInitForAnimator - Joint 'adventure_belt_02_Hybrid' invalid, while running 'models/characters/indiana_jones/adventurer/indiana_adventurer_hybrid.json' rigsetup on 'md6def/characters/standard/indiana_jones/indiana_wear_body.md6' while loading RunJobPrepared:idAnimationBlendJob
[1656] WARNING: idHybridPoseConstraintRigSetupInstance::RefreshInitForAnimator - Joint 'adventure_belt_03_Hybrid' invalid, while running 'models/characters/indiana_jones/adventurer/indiana_adventurer_hybrid.json' rigsetup on 'md6def/characters/standard/indiana_jones/indiana_wear_body.md6' while loading RunJobPrepared:idAnimationBlendJob
[1656] WARNING: idHybridPoseConstraintRigSetupInstance::RefreshInitForAnimator - Joint 'adventure_belt_03_Hybrid' invalid, while running 'models/characters/indiana_jones/adventurer/indiana_adventurer_hybrid.json' rigsetup on 'md6def/characters/standard/indiana_jones/indiana_wear_body.md6' while loading RunJobPrepared:idAnimationBlendJob
[1656] WARNING: idHybridPoseConstraintRigSetupInstance::RefreshInitForAnimator - Joint 'adventure_belt_03_Hybrid' invalid, while running 'models/characters/indiana_jones/adventurer/indiana_adventurer_hybrid.json' rigsetup on 'md6def/characters/standard/indiana_jones/indiana_wear_body.md6' while loading RunJobPrepared:idAnimationBlendJob
[1656] WARNING: idHybridPoseConstraintRigSetupInstance::RefreshInitForAnimator - Joint 'Holster_Hybrid' invalid, while running 'models/characters/indiana_jones/adventurer/indiana_adventurer_hybrid.json' rigsetup on 'md6def/characters/standard/indiana_jones/indiana_wear_body.md6' while loading RunJobPrepared:idAnimationBlendJob
[1656] WARNING: idHybridPoseConstraintRigSetupInstance::RefreshInitForAnimator - Joint 'Holster_Hybrid' invalid, while running 'models/characters/indiana_jones/adventurer/indiana_adventurer_hybrid.json' rigsetup on 'md6def/characters/standard/indiana_jones/indiana_wear_body.md6' while loading RunJobPrepared:idAnimationBlendJob
[1656] WARNING: idHybridPoseConstraintRigSetupInstance::RefreshInitForAnimator - Joint 'Holster_Hybrid' invalid, while running 'models/characters/indiana_jones/adventurer/indiana_adventurer_hybrid.json' rigsetup on 'md6def/characters/standard/indiana_jones/indiana_wear_body.md6' while loading RunJobPrepared:idAnimationBlendJob
[1656] WARNING: idHybridPoseConstraintRigSetupInstance::RefreshInitForAnimator - Joint 'Holster_Hybrid' invalid, while running 'models/characters/indiana_jones/adventurer/indiana_adventurer_hybrid.json' rigsetup on 'md6def/characters/standard/indiana_jones/indiana_wear_body.md6' while loading RunJobPrepared:idAnimationBlendJob
[1656] WARNING: idHybridPoseConstraintRigSetupInstance::RefreshInitForAnimator - Joint 'Holster_Hybrid' invalid, while running 'models/characters/indiana_jones/adventurer/indiana_adventurer_hybrid.json' rigsetup on 'md6def/characters/standard/indiana_jones/indiana_wear_body.md6' while loading RunJobPrepared:idAnimationBlendJob
[1656] WARNING: idHybridPoseConstraintRigSetupInstance::RefreshInitForAnimator - Joint 'Holster_Hybrid' invalid, while running 'models/characters/indiana_jones/adventurer/indiana_adventurer_hybrid.json' rigsetup on 'md6def/characters/standard/indiana_jones/indiana_wear_body.md6' while loading RunJobPrepared:idAnimationBlendJob
[1656] WARNING: idHybridPoseConstraintRigSetupInstance::RefreshInitForAnimator - Joint 'Gunbelt_Front_03_Hybrid' invalid, while running 'models/characters/indiana_jones/adventurer/indiana_adventurer_hybrid.json' rigsetup on 'md6def/characters/standard/indiana_jones/indiana_wear_body.md6' while loading RunJobPrepared:idAnimationBlendJob
[1656] WARNING: idHybridPoseConstraintRigSetupInstance::RefreshInitForAnimator - Joint 'Holster_Hybrid' invalid, while running 'models/characters/indiana_jones/adventurer/indiana_adventurer_hybrid.json' rigsetup on 'md6def/characters/standard/indiana_jones/indiana_wear_body.md6' while loading RunJobPrepared:idAnimationBlendJob
[1656] WARNING: idHybridPoseConstraintRigSetupInstance::RefreshInitForAnimator - Joint 'Gunbelt_Front_03_Hybrid' invalid, while running 'models/characters/indiana_jones/adventurer/indiana_adventurer_hybrid.json' rigsetup on 'md6def/characters/standard/indiana_jones/indiana_wear_body.md6' while loading RunJobPrepared:idAnimationBlendJob
[1656] WARNING: idHybridPoseConstraintRigSetupInstance::RefreshInitForAnimator - Joint 'Gunbelt_Front_02_Hybrid' invalid, while running 'models/characters/indiana_jones/adventurer/indiana_adventurer_hybrid.json' rigsetup on 'md6def/characters/standard/indiana_jones/indiana_wear_body.md6' while loading RunJobPrepared:idAnimationBlendJob
[1656] WARNING: idHybridPoseConstraintRigSetupInstance::RefreshInitForAnimator - Joint 'Gunbelt_Front_02_Hybrid' invalid, while running 'models/characters/indiana_jones/adventurer/indiana_adventurer_hybrid.json' rigsetup on 'md6def/characters/standard/indiana_jones/indiana_wear_body.md6' while loading RunJobPrepared:idAnimationBlendJob
[1656] WARNING: idHybridPoseConstraintRigSetupInstance::RefreshInitForAnimator - Joint 'Gunbelt_Front_02_Hybrid' invalid, while running 'models/characters/indiana_jones/adventurer/indiana_adventurer_hybrid.json' rigsetup on 'md6def/characters/standard/indiana_jones/indiana_wear_body.md6' while loading RunJobPrepared:idAnimationBlendJob
[1656] WARNING: idHybridPoseConstraintRigSetupInstance::RefreshInitForAnimator - Joint 'Gunbelt_Front_02_Hybrid' invalid, while running 'models/characters/indiana_jones/adventurer/indiana_adventurer_hybrid.json' rigsetup on 'md6def/characters/standard/indiana_jones/indiana_wear_body.md6' while loading RunJobPrepared:idAnimationBlendJob
[1656] WARNING: idHybridPoseConstraintRigSetupInstance::RefreshInitForAnimator - Joint 'Gunbelt_Front_03_Hybrid' invalid, while running 'models/characters/indiana_jones/adventurer/indiana_adventurer_hybrid.json' rigsetup on 'md6def/characters/standard/indiana_jones/indiana_wear_body.md6' while loading RunJobPrepared:idAnimationBlendJob
[1656] WARNING: idHybridPoseConstraintRigSetupInstance::RefreshInitForAnimator - Joint 'Gunbelt_Front_02_Hybrid' invalid, while running 'models/characters/indiana_jones/adventurer/indiana_adventurer_hybrid.json' rigsetup on 'md6def/characters/standard/indiana_jones/indiana_wear_body.md6' while loading RunJobPrepared:idAnimationBlendJob
[1656] WARNING: idHybridPoseConstraintRigSetupInstance::RefreshInitForAnimator - Joint 'Center_Crotch_Hybrid' invalid, while running 'models/characters/indiana_jones/adventurer/indiana_adventurer_hybrid.json' rigsetup on 'md6def/characters/standard/indiana_jones/indiana_wear_body.md6' while loading RunJobPrepared:idAnimationBlendJob
[1656] WARNING: idHybridPoseConstraintRigSetupInstance::RefreshInitForAnimator - Joint 'Center_Crotch_Hybrid' invalid, while running 'models/characters/indiana_jones/adventurer/indiana_adventurer_hybrid.json' rigsetup on 'md6def/characters/standard/indiana_jones/indiana_wear_body.md6' while loading RunJobPrepared:idAnimationBlendJob
[1656] WARNING: idHybridPoseConstraintRigSetupInstance::RefreshInitForAnimator - Joint 'Center_Crotch_Hybrid' invalid, while running 'models/characters/indiana_jones/adventurer/indiana_adventurer_hybrid.json' rigsetup on 'md6def/characters/standard/indiana_jones/indiana_wear_body.md6' while loading RunJobPrepared:idAnimationBlendJob
[1656] WARNING: idHybridPoseConstraintRigSetupInstance::RefreshInitForAnimator - Joint 'Center_Crotch_Hybrid' invalid, while running 'models/characters/indiana_jones/adventurer/indiana_adventurer_hybrid.json' rigsetup on 'md6def/characters/standard/indiana_jones/indiana_wear_body.md6' while loading RunJobPrepared:idAnimationBlendJob
[1656] WARNING: idHybridPoseConstraintRigSetupInstance::RefreshInitForAnimator - Joint 'Center_Crotch_Hybrid' invalid, while running 'models/characters/indiana_jones/adventurer/indiana_adventurer_hybrid.json' rigsetup on 'md6def/characters/standard/indiana_jones/indiana_wear_body.md6' while loading RunJobPrepared:idAnimationBlendJob
[1656] WARNING: idHybridPoseConstraintRigSetupInstance::RefreshInitForAnimator - Joint 'Gunbelt_Front_01_Hybrid' invalid, while running 'models/characters/indiana_jones/adventurer/indiana_adventurer_hybrid.json' rigsetup on 'md6def/characters/standard/indiana_jones/indiana_wear_body.md6' while loading RunJobPrepared:idAnimationBlendJob
[1656] WARNING: idHybridPoseConstraintRigSetupInstance::RefreshInitForAnimator - Joint 'Gunbelt_Front_02_Hybrid' invalid, while running 'models/characters/indiana_jones/adventurer/indiana_adventurer_hybrid.json' rigsetup on 'md6def/characters/standard/indiana_jones/indiana_wear_body.md6' while loading RunJobPrepared:idAnimationBlendJob
[1656] WARNING: idHybridPoseConstraintRigSetupInstance::RefreshInitForAnimator - Joint 'Gunbelt_Front_01_Hybrid' invalid, while running 'models/characters/indiana_jones/adventurer/indiana_adventurer_hybrid.json' rigsetup on 'md6def/characters/standard/indiana_jones/indiana_wear_body.md6' while loading RunJobPrepared:idAnimationBlendJob
[1656] WARNING: idHybridPoseConstraintRigSetupInstance::RefreshInitForAnimator - Joint 'satchelAim_Hybrid' invalid, while running 'models/characters/indiana_jones/adventurer/indiana_adventurer_hybrid.json' rigsetup on 'md6def/characters/standard/indiana_jones/indiana_wear_body.md6' while loading RunJobPrepared:idAnimationBlendJob
[1656] WARNING: idHybridPoseConstraintRigSetupInstance::RefreshInitForAnimator - Joint 'satchelAim_Hybrid' invalid, while running 'models/characters/indiana_jones/adventurer/indiana_adventurer_hybrid.json' rigsetup on 'md6def/characters/standard/indiana_jones/indiana_wear_body.md6' while loading RunJobPrepared:idAnimationBlendJob
[1656] WARNING: idHybridPoseConstraintRigSetupInstance::RefreshInitForAnimator - Joint 'satchel_Hybrid' invalid, while running 'models/characters/indiana_jones/adventurer/indiana_adventurer_hybrid.json' rigsetup on 'md6def/characters/standard/indiana_jones/indiana_wear_body.md6' while loading RunJobPrepared:idAnimationBlendJob
[1656] WARNING: idHybridPoseConstraintRigSetupInstance::RefreshInitForAnimator - Joint 'satchel_Hybrid' invalid, while running 'models/characters/indiana_jones/adventurer/indiana_adventurer_hybrid.json' rigsetup on 'md6def/characters/standard/indiana_jones/indiana_wear_body.md6' while loading RunJobPrepared:idAnimationBlendJob
[1656] WARNING: idHybridPoseConstraintRigSetupInstance::RefreshInitForAnimator - Joint 'satchel_Hybrid' invalid, while running 'models/characters/indiana_jones/adventurer/indiana_adventurer_hybrid.json' rigsetup on 'md6def/characters/standard/indiana_jones/indiana_wear_body.md6' while loading RunJobPrepared:idAnimationBlendJob
[1656] WARNING: idHybridPoseConstraintRigSetupInstance::RefreshInitForAnimator - Joint 'satchel_Hybrid' invalid, while running 'models/characters/indiana_jones/adventurer/indiana_adventurer_hybrid.json' rigsetup on 'md6def/characters/standard/indiana_jones/indiana_wear_body.md6' while loading RunJobPrepared:idAnimationBlendJob
[1656] WARNING: idHybridPoseConstraintRigSetupInstance::RefreshInitForAnimator - Joint 'satchelAim_Hybrid' invalid, while running 'models/characters/indiana_jones/adventurer/indiana_adventurer_hybrid.json' rigsetup on 'md6def/characters/standard/indiana_jones/indiana_wear_body.md6' while loading RunJobPrepared:idAnimationBlendJob
[1656] WARNING: idHybridPoseConstraintRigSetupInstance::RefreshInitForAnimator - Joint 'satchel_Hybrid' invalid, while running 'models/characters/indiana_jones/adventurer/indiana_adventurer_hybrid.json' rigsetup on 'md6def/characters/standard/indiana_jones/indiana_wear_body.md6' while loading RunJobPrepared:idAnimationBlendJob
[1656] WARNING: idHybridPoseConstraintRigSetupInstance::RefreshInitForAnimator - Joint 'satchelBody_Hybrid' invalid, while running 'models/characters/indiana_jones/adventurer/indiana_adventurer_hybrid.json' rigsetup on 'md6def/characters/standard/indiana_jones/indiana_wear_body.md6' while loading RunJobPrepared:idAnimationBlendJob
[1656] WARNING: idHybridPoseConstraintRigSetupInstance::RefreshInitForAnimator - Joint 'satchelBody_Hybrid' invalid, while running 'models/characters/indiana_jones/adventurer/indiana_adventurer_hybrid.json' rigsetup on 'md6def/characters/standard/indiana_jones/indiana_wear_body.md6' while loading RunJobPrepared:idAnimationBlendJob
[1656] WARNING: idHybridPoseConstraintRigSetupInstance::RefreshInitForAnimator - Joint 'satchelBody_Hybrid' invalid, while running 'models/characters/indiana_jones/adventurer/indiana_adventurer_hybrid.json' rigsetup on 'md6def/characters/standard/indiana_jones/indiana_wear_body.md6' while loading RunJobPrepared:idAnimationBlendJob
[1656] WARNING: idHybridPoseConstraintRigSetupInstance::RefreshInitForAnimator - Joint 'Gunbelt_Back_02_Hybrid' invalid, while running 'models/characters/indiana_jones/adventurer/indiana_adventurer_hybrid.json' rigsetup on 'md6def/characters/standard/indiana_jones/indiana_wear_body.md6' while loading RunJobPrepared:idAnimationBlendJob
[1656] WARNING: idHybridPoseConstraintRigSetupInstance::RefreshInitForAnimator - Joint 'Gunbelt_Back_02_Hybrid' invalid, while running 'models/characters/indiana_jones/adventurer/indiana_adventurer_hybrid.json' rigsetup on 'md6def/characters/standard/indiana_jones/indiana_wear_body.md6' while loading RunJobPrepared:idAnimationBlendJob
[1656] WARNING: idHybridPoseConstraintRigSetupInstance::RefreshInitForAnimator - Joint 'Gunbelt_Back_02_Hybrid' invalid, while running 'models/characters/indiana_jones/adventurer/indiana_adventurer_hybrid.json' rigsetup on 'md6def/characters/standard/indiana_jones/indiana_wear_body.md6' while loading RunJobPrepared:idAnimationBlendJob
[1656] WARNING: idHybridPoseConstraintRigSetupInstance::RefreshInitForAnimator - Joint 'Gunbelt_Back_02_Hybrid' invalid, while running 'models/characters/indiana_jones/adventurer/indiana_adventurer_hybrid.json' rigsetup on 'md6def/characters/standard/indiana_jones/indiana_wear_body.md6' while loading RunJobPrepared:idAnimationBlendJob
[1656] WARNING: idHybridPoseConstraintRigSetupInstance::RefreshInitForAnimator - Joint 'Holster_Hybrid' invalid, while running 'models/characters/indiana_jones/adventurer/indiana_adventurer_hybrid.json' rigsetup on 'md6def/characters/standard/indiana_jones/indiana_wear_body.md6' while loading RunJobPrepared:idAnimationBlendJob
[1656] WARNING: idHybridPoseConstraintRigSetupInstance::RefreshInitForAnimator - Joint 'Gunbelt_Back_02_Hybrid' invalid, while running 'models/characters/indiana_jones/adventurer/indiana_adventurer_hybrid.json' rigsetup on 'md6def/characters/standard/indiana_jones/indiana_wear_body.md6' while loading RunJobPrepared:idAnimationBlendJob
[1656] WARNING: idHybridPoseConstraintRigSetupInstance::RefreshInitForAnimator - Joint 'Gunbelt_Back_01_Hybrid' invalid, while running 'models/characters/indiana_jones/adventurer/indiana_adventurer_hybrid.json' rigsetup on 'md6def/characters/standard/indiana_jones/indiana_wear_body.md6' while loading RunJobPrepared:idAnimationBlendJob
[1656] WARNING: idHybridPoseConstraintRigSetupInstance::RefreshInitForAnimator - Joint 'Gunbelt_Back_02_Hybrid' invalid, while running 'models/characters/indiana_jones/adventurer/indiana_adventurer_hybrid.json' rigsetup on 'md6def/characters/standard/indiana_jones/indiana_wear_body.md6' while loading RunJobPrepared:idAnimationBlendJob
[1656] WARNING: idHybridPoseConstraintRigSetupInstance::RefreshInitForAnimator - Joint 'Gunbelt_Back_01_Hybrid' invalid, while running 'models/characters/indiana_jones/adventurer/indiana_adventurer_hybrid.json' rigsetup on 'md6def/characters/standard/indiana_jones/indiana_wear_body.md6' while loading RunJobPrepared:idAnimationBlendJob
[1656] WARNING: idHybridPoseConstraintRigSetupInstance::RefreshInitForAnimator - Joint 'satchel_frontStrap_Hybrid' invalid, while running 'models/characters/indiana_jones/adventurer/indiana_adventurer_hybrid.json' rigsetup on 'md6def/characters/standard/indiana_jones/indiana_wear_body.md6' while loading RunJobPrepared:idAnimationBlendJob
[1656] WARNING: idHybridPoseConstraintRigSetupInstance::RefreshInitForAnimator - Joint 'satchel_Hybrid' invalid, while running 'models/characters/indiana_jones/adventurer/indiana_adventurer_hybrid.json' rigsetup on 'md6def/characters/standard/indiana_jones/indiana_wear_body.md6' while loading RunJobPrepared:idAnimationBlendJob
[1656] WARNING: idHybridPoseConstraintRigSetupInstance::RefreshInitForAnimator - Joint 'satchel_Hybrid' invalid, while running 'models/characters/indiana_jones/adventurer/indiana_adventurer_hybrid.json' rigsetup on 'md6def/characters/standard/indiana_jones/indiana_wear_body.md6' while loading RunJobPrepared:idAnimationBlendJob
[1656] WARNING: idHybridPoseConstraintRigSetupInstance::RefreshInitForAnimator - Joint 'satchel_frontStrap_Hybrid' invalid, while running 'models/characters/indiana_jones/adventurer/indiana_adventurer_hybrid.json' rigsetup on 'md6def/characters/standard/indiana_jones/indiana_wear_body.md6' while loading RunJobPrepared:idAnimationBlendJob
[1656] WARNING: idHybridPoseConstraintRigSetupInstance::RefreshInitForAnimator - Joint 'satchel_backStrap_Hybrid' invalid, while running 'models/characters/indiana_jones/adventurer/indiana_adventurer_hybrid.json' rigsetup on 'md6def/characters/standard/indiana_jones/indiana_wear_body.md6' while loading RunJobPrepared:idAnimationBlendJob
[1656] WARNING: idHybridPoseConstraintRigSetupInstance::RefreshInitForAnimator - Joint 'satchel_Hybrid' invalid, while running 'models/characters/indiana_jones/adventurer/indiana_adventurer_hybrid.json' rigsetup on 'md6def/characters/standard/indiana_jones/indiana_wear_body.md6' while loading RunJobPrepared:idAnimationBlendJob
[1656] WARNING: idHybridPoseConstraintRigSetupInstance::RefreshInitForAnimator - Joint 'satchel_Hybrid' invalid, while running 'models/characters/indiana_jones/adventurer/indiana_adventurer_hybrid.json' rigsetup on 'md6def/characters/standard/indiana_jones/indiana_wear_body.md6' while loading RunJobPrepared:idAnimationBlendJob
[1656] WARNING: idHybridPoseConstraintRigSetupInstance::RefreshInitForAnimator - Joint 'satchel_backStrap_Hybrid' invalid, while running 'models/characters/indiana_jones/adventurer/indiana_adventurer_hybrid.json' rigsetup on 'md6def/characters/standard/indiana_jones/indiana_wear_body.md6' while loading RunJobPrepared:idAnimationBlendJob
[1656] WARNING: idHybridPoseConstraintRigSetupInstance::RefreshInitForAnimator - Joint 'satchel_frontStrap_Hybrid' invalid, while running 'models/characters/indiana_jones/adventurer/indiana_adventurer_hybrid.json' rigsetup on 'md6def/characters/standard/indiana_jones/indiana_wear_body.md6' while loading RunJobPrepared:idAnimationBlendJob
[1656] WARNING: idHybridPoseConstraintRigSetupInstance::RefreshInitForAnimator - Joint 'satchel_Hybrid' invalid, while running 'models/characters/indiana_jones/adventurer/indiana_adventurer_hybrid.json' rigsetup on 'md6def/characters/standard/indiana_jones/indiana_wear_body.md6' while loading RunJobPrepared:idAnimationBlendJob
[1656] WARNING: idHybridPoseConstraintRigSetupInstance::RefreshInitForAnimator - Joint 'satchel_frontStrap_Aim_Hybrid' invalid, while running 'models/characters/indiana_jones/adventurer/indiana_adventurer_hybrid.json' rigsetup on 'md6def/characters/standard/indiana_jones/indiana_wear_body.md6' while loading RunJobPrepared:idAnimationBlendJob
[1656] WARNING: idHybridPoseConstraintRigSetupInstance::RefreshInitForAnimator - Joint 'satchel_backStrap_Hybrid' invalid, while running 'models/characters/indiana_jones/adventurer/indiana_adventurer_hybrid.json' rigsetup on 'md6def/characters/standard/indiana_jones/indiana_wear_body.md6' while loading RunJobPrepared:idAnimationBlendJob
[1656] WARNING: idHybridPoseConstraintRigSetupInstance::RefreshInitForAnimator - Joint 'satchel_Hybrid' invalid, while running 'models/characters/indiana_jones/adventurer/indiana_adventurer_hybrid.json' rigsetup on 'md6def/characters/standard/indiana_jones/indiana_wear_body.md6' while loading RunJobPrepared:idAnimationBlendJob
[1656] WARNING: idHybridPoseConstraintRigSetupInstance::RefreshInitForAnimator - Joint 'satchel_backStrap_Aim_Hybrid' invalid, while running 'models/characters/indiana_jones/adventurer/indiana_adventurer_hybrid.json' rigsetup on 'md6def/characters/standard/indiana_jones/indiana_wear_body.md6' while loading RunJobPrepared:idAnimationBlendJob
[1656] WARNING: idHybridPoseConstraintRigSetupInstance::RefreshInitForAnimator - Joint 'Center_Back_Collar_Hybrid' invalid, while running 'models/characters/indiana_jones/adventurer/indiana_adventurer_hybrid.json' rigsetup on 'md6def/characters/standard/indiana_jones/indiana_wear_body.md6' while loading RunJobPrepared:idAnimationBlendJob
[1656] WARNING: idHybridPoseConstraintRigSetupInstance::RefreshInitForAnimator - Joint 'Left_Front_Collar_Hybrid' invalid, while running 'models/characters/indiana_jones/adventurer/indiana_adventurer_hybrid.json' rigsetup on 'md6def/characters/standard/indiana_jones/indiana_wear_body.md6' while loading RunJobPrepared:idAnimationBlendJob
[1656] WARNING: idHybridPoseConstraintRigSetupInstance::RefreshInitForAnimator - Joint 'Left_Middle_Collar_Hybrid' invalid, while running 'models/characters/indiana_jones/adventurer/indiana_adventurer_hybrid.json' rigsetup on 'md6def/characters/standard/indiana_jones/indiana_wear_body.md6' while loading RunJobPrepared:idAnimationBlendJob
[1656] WARNING: idHybridPoseConstraintRigSetupInstance::RefreshInitForAnimator - Joint 'LeftForeArmRoll_shirt_02_Hybrid' invalid, while running 'models/characters/indiana_jones/adventurer/indiana_adventurer_hybrid.json' rigsetup on 'md6def/characters/standard/indiana_jones/indiana_wear_body.md6' while loading RunJobPrepared:idAnimationBlendJob
[1656] WARNING: idHybridPoseConstraintRigSetupInstance::RefreshInitForAnimator - Joint 'LeftShoulder_Collider_Hybrid' invalid, while running 'models/characters/indiana_jones/adventurer/indiana_adventurer_hybrid.json' rigsetup on 'md6def/characters/standard/indiana_jones/indiana_wear_body.md6' while loading RunJobPrepared:idAnimationBlendJob
[1656] WARNING: idHybridPoseConstraintRigSetupInstance::RefreshInitForAnimator - Joint 'Right_Front_Collar_Hybrid' invalid, while running 'models/characters/indiana_jones/adventurer/indiana_adventurer_hybrid.json' rigsetup on 'md6def/characters/standard/indiana_jones/indiana_wear_body.md6' while loading RunJobPrepared:idAnimationBlendJob
[1656] WARNING: idHybridPoseConstraintRigSetupInstance::RefreshInitForAnimator - Joint 'Right_Middle_Collar_Hybrid' invalid, while running 'models/characters/indiana_jones/adventurer/indiana_adventurer_hybrid.json' rigsetup on 'md6def/characters/standard/indiana_jones/indiana_wear_body.md6' while loading RunJobPrepared:idAnimationBlendJob
[1656] WARNING: idHybridPoseConstraintRigSetupInstance::RefreshInitForAnimator - Joint 'RightForeArmRoll_shirt_02_Hybrid' invalid, while running 'models/characters/indiana_jones/adventurer/indiana_adventurer_hybrid.json' rigsetup on 'md6def/characters/standard/indiana_jones/indiana_wear_body.md6' while loading RunJobPrepared:idAnimationBlendJob
[1656] WARNING: idHybridPoseConstraintRigSetupInstance::RefreshInitForAnimator - Joint 'RightShoulder_Collider_Hybrid' invalid, while running 'models/characters/indiana_jones/adventurer/indiana_adventurer_hybrid.json' rigsetup on 'md6def/characters/standard/indiana_jones/indiana_wear_body.md6' while loading RunJobPrepared:idAnimationBlendJob
[1656] ---------- idRenderWorldLocal::SpecificationComplete ----------
[1656] --------------------------------------
[1656] Unknown command 'sys_dumpMemory'
[1656] Map loaded in 0.17 seconds.
[1656] 2025-09-19T23:44:04.718+08:00 LOG: Starting a match!
[1656] AllocMapInstance took 0.1900 seconds.
[1656] AllocMapInstance(game/relic/college/college_night) took 0.223 s
[1656]  0.5 total seconds for map load
[1656] WARNING: Allocating unmoveable vertex buffer for 'models/characters/marcus_brody/marcus_brody_wear_base.md6mesh' (9823968 bytes, limit 8388624 bytes)
[1656] WARNING: Allocating unmoveable vertex buffer for 'models/characters/marcus_brody/marcus_brody_wear_base.md6mesh' (25404336 bytes, limit 8388624 bytes)
[1657] WARNING: Allocating unmoveable vertex buffer for 'models/characters/locus/locus_wear_base.md6mesh' (9617808 bytes, limit 8388624 bytes)
[1657] WARNING: Allocating unmoveable vertex buffer for 'models/characters/locus/locus_wear_base.md6mesh' (30332832 bytes, limit 8388624 bytes)
[1657] Spent 1415.816ms waiting on streaming prefetch (completed).
[1657] 2.1 seconds to load game/relic/college/college_night
[1657] idGameSystemLocal::SetState: State changing from idGameSystemLocal::GAME_STATE_LOADING to idGameSystemLocal::GAME_STATE_INGAME
[1657] idLoadScreen::LevelLoadCompleted()
[1657] ------------ Map change completed! ------------
  Map Name: game/relic/college/college_night

[1657] Prefetch complete.
  Total bytes read: 0.00MB
  Total seeks: 0
  Image
     Total bytes read: 0.00MB
     Total seeks: 0
       <=1KB    : 0
       <=16KB   : 0
       <=128KB  : 0
       <=256KB  : 0
       <=512KB  : 0
       rest     : 0
  Geometry
     Total bytes read: 0.00MB
     Total seeks: 0
       <=1KB    : 0
       <=16KB   : 0
       <=128KB  : 0
       <=256KB  : 0
       <=512KB  : 0
       rest     : 0
  Audio
     Total bytes read: 0.00MB
     Total seeks: 0
  Geom cache
     Total bytes read: 0.00MB
     Total seeks: 0
  Light probe
     Total bytes read: 0.00MB
     Total seeks: 0
  Video
     Total bytes read: 0.00MB
     Total seeks: 0
[1657] WARNING: SWF swf/common/base_screen_4k.swf: Material path is required but is unset on sprite m while executing logicscript:dynamic_widget(hud/systemic/element/swf_default_interaction) from RunJobPrepared:LogicUI Object Job
[1719] [MDNT] Stopped prefetch of cutscene: cs/college_night/ch01se01_breakin01_cm
[1719] WARNING: Component 'idLogicSaveComponent' required heap allocation on entity 'script_logic_manager_map_info_2087433333' 1000, used 37450/32768 byte(s). while loading RunJobPrepared:SAVEGAME_JOB_NAME( idLogicSaveComponent )
[1719] WARNING: Component 'idLogicSaveComponent' required heap allocation on entity 'logic_manager_map_info_2107137824' 1001, used 37450/32768 byte(s). while loading RunJobPrepared:SAVEGAME_JOB_NAME( idLogicSaveComponent )
[1719] WARNING: Component 'idLogicSaveComponent' required heap allocation on entity 'script_logic_manager_map_info_2087433333' 1000, used 37450/32768 byte(s). while loading RunJobPrepared:SAVEGAME_JOB_NAME( idLogicSaveComponent )
[1719] WARNING: Component 'idLogicSaveComponent' required heap allocation on entity 'logic_manager_map_info_2107137824' 1001, used 37450/32768 byte(s). while loading RunJobPrepared:SAVEGAME_JOB_NAME( idLogicSaveComponent )
[1719] idPlayerProfile::Serialize - START
[1719] idPlayerProfileShell::InternalSerialize - START
[1719] idPlayerProfileShell::InternalSerialize - END
[1719] idPlayerProfile::Serialize - END
[1719] idPlayerProfile::SerializeCommon - START
[1719] idPlayerProfileShell::InternalSerializeCommon - START
[1719] idPlayerProfileShell::InternalSerializeCommon - END
[1719] idPlayerProfile::SerializeCommon - END
[1719] --------------SAVEGAME-----------
[1719] Game saved.
[1719] ----------END SAVEGAME-----------
[1719] WARNING: Component 'idLogicSaveComponent' required heap allocation on entity 'script_logic_manager_map_info_2087433333' 1000, used 37450/32768 byte(s). while loading RunJobPrepared:SAVEGAME_JOB_NAME( idLogicSaveComponent )
[1719] WARNING: Component 'idLogicSaveComponent' required heap allocation on entity 'logic_manager_map_info_2107137824' 1001, used 37450/32768 byte(s). while loading RunJobPrepared:SAVEGAME_JOB_NAME( idLogicSaveComponent )
[1815] WARNING: Component 'idLogicSaveComponent' required heap allocation on entity 'script_logic_manager_map_info_2087433333' 1000, used 37450/32768 byte(s). while loading RunJobPrepared:SAVEGAME_JOB_NAME( idLogicSaveComponent )
[1815] WARNING: Component 'idLogicSaveComponent' required heap allocation on entity 'logic_manager_map_info_2107137824' 1001, used 37450/32768 byte(s). while loading RunJobPrepared:SAVEGAME_JOB_NAME( idLogicSaveComponent )
[1825] WARNING: Component 'idLogicSaveComponent' required heap allocation on entity 'script_logic_manager_map_info_2087433333' 1000, used 37450/32768 byte(s). while loading RunJobPrepared:SAVEGAME_JOB_NAME( idLogicSaveComponent )
[1825] WARNING: Component 'idLogicSaveComponent' required heap allocation on entity 'logic_manager_map_info_2107137824' 1001, used 37450/32768 byte(s). while loading RunJobPrepared:SAVEGAME_JOB_NAME( idLogicSaveComponent )
[1825] idPlayerProfile::Serialize - START
[1825] idPlayerProfileShell::InternalSerialize - START
[1825] idPlayerProfileShell::InternalSerialize - END
[1825] idPlayerProfile::Serialize - END
[1825] idPlayerProfile::SerializeCommon - START
[1825] idPlayerProfileShell::InternalSerializeCommon - START
[1825] idPlayerProfileShell::InternalSerializeCommon - END
[1825] idPlayerProfile::SerializeCommon - END
[1825] --------------SAVEGAME-----------
[1825] Game saved.
[1825] ----------END SAVEGAME-----------
[1886] [MDNT] Stopped prefetch of cutscene: cs/college_night/ch01se01_locus02_cm
[1886] WARNING: Component 'idLogicSaveComponent' required heap allocation on entity 'script_logic_manager_map_info_2087433333' 1000, used 37450/32768 byte(s). while loading RunJobPrepared:SAVEGAME_JOB_NAME( idLogicSaveComponent )
[1886] WARNING: Component 'idLogicSaveComponent' required heap allocation on entity 'logic_manager_map_info_2107137824' 1001, used 37450/32768 byte(s). while loading RunJobPrepared:SAVEGAME_JOB_NAME( idLogicSaveComponent )
[1886] WARNING: Component 'idLogicSaveComponent' required heap allocation on entity 'script_logic_manager_map_info_2087433333' 1000, used 37450/32768 byte(s). while loading RunJobPrepared:SAVEGAME_JOB_NAME( idLogicSaveComponent )
[1886] WARNING: Component 'idLogicSaveComponent' required heap allocation on entity 'logic_manager_map_info_2107137824' 1001, used 37450/32768 byte(s). while loading RunJobPrepared:SAVEGAME_JOB_NAME( idLogicSaveComponent )
[1886] WARNING: Tried to trigger non-existing voice over rule with entity 19 and entity 41a while loading RunJobPrepared:idTensionTrackerUpdateJob
[1886] WARNING: AI action 'boss/vatican/locus/taunt_4' has usePerfectDestination set but it does not have a valid destination to use, it will get ignored to ensure the action works. Remove the flag from the action or setup the scenepoint with a proper destination. while loading RunJobPrepared:idAIScriptedActionUpdateJob
[1932] idFile_Bink::WaitForBufferToComplete stall [video/cutscenes/college_fade.bk2]
[1933] LOAD VIDEO
[1935] [MDNT] Stopped prefetch of cutscene: cs/college_night/ch01se01_knockedout02_cm
[1935] WARNING: Component 'idLogicSaveComponent' required heap allocation on entity 'script_logic_manager_map_info_2087433333' 1000, used 37450/32768 byte(s). while loading RunJobPrepared:SAVEGAME_JOB_NAME( idLogicSaveComponent )
[1935] WARNING: Component 'idLogicSaveComponent' required heap allocation on entity 'logic_manager_map_info_2107137824' 1001, used 37450/32768 byte(s). while loading RunJobPrepared:SAVEGAME_JOB_NAME( idLogicSaveComponent )
[1935] WARNING: Component 'idLogicSaveComponent' required heap allocation on entity 'script_logic_manager_map_info_2087433333' 1000, used 37450/32768 byte(s). while loading RunJobPrepared:SAVEGAME_JOB_NAME( idLogicSaveComponent )
[1935] WARNING: Component 'idLogicSaveComponent' required heap allocation on entity 'logic_manager_map_info_2107137824' 1001, used 37450/32768 byte(s). while loading RunJobPrepared:SAVEGAME_JOB_NAME( idLogicSaveComponent )
[1935] idPlayerProfile::Serialize - START
[1935] idPlayerProfileShell::InternalSerialize - START
[1935] idPlayerProfileShell::InternalSerialize - END
[1935] idPlayerProfile::Serialize - END
[1935] idPlayerProfile::SerializeCommon - START
[1935] idPlayerProfileShell::InternalSerializeCommon - START
[1935] idPlayerProfileShell::InternalSerializeCommon - END
[1935] idPlayerProfile::SerializeCommon - END
[1935] --------------SAVEGAME-----------
[1935] Game saved.
[1935] ----------END SAVEGAME-----------
[1935] Save Game slot file for 'GAME_DATA' has engine save version 52 and game save version 792
[1935] Game Type:     singleplayer
[1935] Game Sub-Type: default
[1936] idGameSystemLocal::SetState: State changing from idGameSystemLocal::GAME_STATE_INGAME to idGameSystemLocal::GAME_STATE_LOADING
[1936] ExecuteMapChange: EndPlayingGame
[1936] Queueing EndPlayingGame
[1936] EndPlayingGame
[1936] NET: GameSessionLocalGameSession state: 3 (was 4)
[1936] StartPlayingGame
[1936] NET: GameSessionLocalGameSession state: 4 (was 3)
[1936] Modified CVars:
[1936] idGameSystemLocal::FreeMapInstance_Internal: Setting mapLocal = NULL
[1936] Checking to see if the chunk is installed now
[1936] LoadNamedResourceBlock: game/relic/college/college_day
[1936] Map change Async Job wait started
[1936] idMapInstanceLocal:Destructor 000001E8FD4F1010
[1936] --------- Game Map Shutdown ----------
[1936] Removing index[11] that was player[|CLI|Zerone_89] 
[1936] idLogicUISystemController_InventoryController::EquipSatchel: Entity not in view
[1936] num total mega pages: 26
[1936] num total small pages: 3948
[1936] peak active small pages: 3471
[1936] ------------ Game Shutdown -----------
[1936] --------------------------------------
[1936] ------------------------------
[1936] Havok Garbage Collection
[1936] Havok memory statistics: 0 0
[1936] Havok memory statistics: 0 0
[1936] Havok Memory Freed: 0
[1936] ------------------------------
[1936] idVulkanMemoryAllocator::FreeEmptyBlocks: Freed   40.250 MiB
[1936] Reset Heap Job (reset persist)
[1936] WaitForIdle took 1.46ms
[1936] Warning: The following swfs were not deleted:
[1936] loading/loading_info
[1936] GeomCacheStreamer shutdown took 0.00s
[1936] ImageStreaming flush maptextures took 0.00s
[1936] ImageStreaming flush maptextures took 0.00s
[1936] Reset 0 reference counters in heap 3. 1 available.
[1936] Reset 0 reference counters in heap 2. 1 available.
[1936] ---------- ResetHeap (Map) ----------
[1936] ---------- ResetHeap (Persist) ----------
[1936] Reset Heap Job Done
[1936] 0.0 seconds to figure out container
[1936] Resources skipped by layer tests: 0
[1936] 0.0 seconds to gather resource list
[1936] 0.0 seconds to check what resources needs loading: 11043 resources,   359 skipped
[1936] Load 11402 resources
[1936] idResourceStorageDiskStreamer::Init took 0.004s to collect 11043 (359 skipped) resources
[1936] Pll chunks: 2/3
[1936] LoadNamedResourceBlock: Start waiting for geostreamer decay
[1936] LoadNamedResourceBlock: Done waiting for geostreamer decay
[1936] CreatePersistMapFile took 12.913 msec
[1936] LoadNamedResourceBlock(game/relic/college/college_day): 0.251 seconds to preload 11043 resources, pll: 1.754 s, serial: 0.000 s
[1936] Disk streamer stats:
[1936] Init took 0.004s to collect 11043 resources:
[1936] Foreground:  11043 reads,  25.697 MiB in 16.369ms, (1569.864 MiB/s) 0.000ms stalled, 66.834ms lockwait
[1936] Background:    15 reads,  29.500 MiB
[1936] Prefetching world
[1936] Streaming prefetch at 22.382940 3.105092 0.187818 (entity script_script_spawnpoint_load_map)
[1936] allocated 1 Brush Render Models
[1936] --------- Initializing Game ----------
[1936] mapName: game/relic/college/college_day
[1936] gameFlags: 68
[1936] initialMap: 0
[1936] gamedate: Aug 13 2025
[1936] Setting up Component entity system instance
[1936] 	mode (instance)  = 0
[1936] 	isInBuildGame    = false
[1936] 	isSingle         = true
[1936] 	isAI             = true
[1936] 	isDemo           = false
[1936] 	isMainMenu       = false
[1936] 	isSaveSupported  = true
[1936] 	isDormancyEnabled = true
[1936] game initialized.
[1936] idMapInstanceLocal:Constructor 000001E8FD4F1010
[1936] --------------------------------------
[1936] Save Game slot file for 'GAME_DATA' has engine save version 52 and game save version 792
[1936] Save Game slot file for 'GAME_DATA' has engine save version 52 and game save version 792
[1936] ----------- LoadMap(game/relic/college/college_day) ------------
[1936] Sound nav volume college_day has 1897 cells and 10958 edges
[1936] Spawning world
[1936] create and spawn the worldspawn
[1936] idMapInstanceLocal::LoadMap: adding initial layers from worldspawn
[1936] BatchLoad(aiaction): loaded 0 resources in serial in 0.000s (-nan(ind)us/resource)
[1936] BatchLoad(aitype): loaded 0 resources in serial in 0.000s (-nan(ind)us/resource)
[1936] spawn map entities
[1936] Found 1056 map entities
[1936] BatchLoad(model): loaded 1330 resources in serial in 0.000s (0.185us/resource)
[1936] BatchLoad(modelstream): loaded 87 resources in serial in 0.000s (0.253us/resource)
[1936] BatchLoad(vegetationdeformation): loaded 6 resources in serial in 0.000s (0.500us/resource)
[1936] MapFileStaticInstances info:
[1936] 	Num model instances = 7543
[1936] 	Num decals = 1866
[1936] 	Num scatter points = 0
[1936] 	Num sectors = 11
[1936] 	Num objects in sectors = 9409
[1936] 	Num uncovered objects in sectors = 1581
[1936] Skipped 0 non-production entities
[1936] Skipped 0 savegame entities
[1936] Registered 0 map entities
[1936] Spawned Layers in the current map:
[1936] 	0: world
[1936] ---
[1936] Spawned Layers on next map load:[1936] ---
[1936] Initializing 0 entities
[1936] Spawning 0 entities
[1936] BatchLoad(havokshape): loaded 1132 resources in serial in 0.000s (0.329us/resource)
[1936] setup 365 static collision bodies (1 convex, 364 collision, 0 procedural)
[1936] Create Referenced EntityDefs List
[1936] WARNING: Dangling reference in map: Entity "script_wat_mahathat_gameplay_water_moving" first referenced by "<unknown>"
[1936] WARNING: Dangling reference in map: Entity "script_wat_mahathat_gameplay_water_moving1" first referenced by "<unknown>"
[1936] WARNING: Dangling reference in map: Entity "script_wat_mahathat_dynamic_water_20" first referenced by "<unknown>"
[1936] ==== Processing events ====
[1936] ==== Processing events ====
[1936] Disabling all sectors and showing all models
[1936] Adding player: |CLI|Zerone_89
[1936] WARNING: issue entity 'script_mission_missionobjectiverelic_obj_puzzle' - VALIDATION: Invalid marker entity specified for objective (devTitle: college/obj_college_day_puzzle). while loading RunJobPrepared:idMissionUpdateRelicJob
[1936] ---------- idRenderWorldLocal::SpecificationComplete ----------
[1936] --------------------------------------
[1936] Unknown command 'sys_dumpMemory'
[1936] Map loaded in 0.17 seconds.
[1936] 2025-09-19T23:48:45.085+08:00 LOG: Starting a match!
[1936] AllocMapInstance took 0.1940 seconds.
[1936] AllocMapInstance(game/relic/college/college_day) took 0.225 s
[1936]  0.5 total seconds for map load
[1936] WARNING: Allocating unmoveable vertex buffer for 'models/characters/marcus_brody/marcus_brody_wear_base.md6mesh' (9823968 bytes, limit 8388624 bytes)
[1937] WARNING: Allocating unmoveable vertex buffer for 'models/characters/marcus_brody/marcus_brody_wear_base.md6mesh' (25404336 bytes, limit 8388624 bytes)
[1937] Spent 867.435ms waiting on streaming prefetch (completed).
[1937] 1.5 seconds to load game/relic/college/college_day
[1937] idGameSystemLocal::SetState: State changing from idGameSystemLocal::GAME_STATE_LOADING to idGameSystemLocal::GAME_STATE_INGAME
[1937] idLoadScreen::LevelLoadCompleted()
[1937] ------------ Map change completed! ------------
  Map Name: game/relic/college/college_day

[1937] Prefetch complete.
  Total bytes read: 0.00MB
  Total seeks: 0
  Image
     Total bytes read: 0.00MB
     Total seeks: 0
       <=1KB    : 0
       <=16KB   : 0
       <=128KB  : 0
       <=256KB  : 0
       <=512KB  : 0
       rest     : 0
  Geometry
     Total bytes read: 0.00MB
     Total seeks: 0
       <=1KB    : 0
       <=16KB   : 0
       <=128KB  : 0
       <=256KB  : 0
       <=512KB  : 0
       rest     : 0
  Audio
     Total bytes read: 0.00MB
     Total seeks: 0
  Geom cache
     Total bytes read: 0.00MB
     Total seeks: 0
  Light probe
     Total bytes read: 0.00MB
     Total seeks: 0
  Video
     Total bytes read: 0.00MB
     Total seeks: 0
[1937] WARNING: SWF swf/common/base_screen_4k.swf: Material path is required but is unset on sprite m while executing logicscript:dynamic_widget(hud/systemic/element/swf_default_interaction) from RunJobPrepared:LogicUI Object Job
[1939] WARNING: Component 'idLogicSaveComponent' required heap allocation on entity 'script_logic_manager_map_info_1356321751' 1117, used 37450/32768 byte(s). while loading RunJobPrepared:SAVEGAME_JOB_NAME( idLogicSaveComponent )
[1939] idPlayerProfile::Serialize - START
[1939] idPlayerProfileShell::InternalSerialize - START
[1939] idPlayerProfileShell::InternalSerialize - END
[1939] idPlayerProfile::Serialize - END
[1939] idPlayerProfile::SerializeCommon - START
[1939] idPlayerProfileShell::InternalSerializeCommon - START
[1939] idPlayerProfileShell::InternalSerializeCommon - END
[1939] idPlayerProfile::SerializeCommon - END
[1940] --------------SAVEGAME-----------
[1940] Game saved.
[1940] ----------END SAVEGAME-----------
[1945] idVulkanMemoryAllocator::FreeEmptyBlocks: Freed   12.000 MiB
[1995] [MDNT] Stopped prefetch of cutscene: cs/college_day/ch01se02_rousingindy01_cm
[1995] idPlayerProfile::Serialize - START
[1995] idPlayerProfileShell::InternalSerialize - START
[1995] idPlayerProfileShell::InternalSerialize - END
[1995] idPlayerProfile::Serialize - END
[1995] WARNING: Component 'idLogicSaveComponent' required heap allocation on entity 'script_logic_manager_map_info_1356321751' 1117, used 37450/32768 byte(s). while loading RunJobPrepared:SAVEGAME_JOB_NAME( idLogicSaveComponent )
[1995] WARNING: Save platform store delayed because profile is busy at time 1995221064
[1995] WARNING: Save platform store delayed because profile is busy at time 1995228195
[1995] idPlayerProfile::SerializeCommon - START
[1995] idPlayerProfileShell::InternalSerializeCommon - START
[1995] idPlayerProfileShell::InternalSerializeCommon - END
[1995] idPlayerProfile::SerializeCommon - END
[1995] WARNING: Save platform store delayed because profile is busy at time 1995232212
[1995] WARNING: Save platform store delayed because profile is busy at time 1995236080
[1995] WARNING: Save platform store delayed because profile is busy at time 1995241225
[1995] idPlayerProfile::Serialize - START
[1995] idPlayerProfileShell::InternalSerialize - START
[1995] idPlayerProfileShell::InternalSerialize - END
[1995] idPlayerProfile::Serialize - END
[1995] idPlayerProfile::SerializeCommon - START
[1995] idPlayerProfileShell::InternalSerializeCommon - START
[1995] idPlayerProfileShell::InternalSerializeCommon - END
[1995] idPlayerProfile::SerializeCommon - END
[1995] --------------SAVEGAME-----------
[1995] Game saved.
[1995] ----------END SAVEGAME-----------
[1995] WARNING: Component 'idLogicSaveComponent' required heap allocation on entity 'script_logic_manager_map_info_1356321751' 1117, used 37450/32768 byte(s). while loading RunJobPrepared:SAVEGAME_JOB_NAME( idLogicSaveComponent )
[2135] [MDNT] Stopped prefetch of cutscene: cs/college_day/ch01se02_relics01_cm
[2135] WARNING: Component 'idLogicSaveComponent' required heap allocation on entity 'script_logic_manager_map_info_1356321751' 1117, used 37450/32768 byte(s). while loading RunJobPrepared:SAVEGAME_JOB_NAME( idLogicSaveComponent )
[2135] WARNING: Component 'idLogicSaveComponent' required heap allocation on entity 'script_logic_manager_map_info_1356321751' 1117, used 37450/32768 byte(s). while loading RunJobPrepared:SAVEGAME_JOB_NAME( idLogicSaveComponent )
[2135] idPlayerProfile::Serialize - START
[2135] idPlayerProfileShell::InternalSerialize - START
[2135] idPlayerProfileShell::InternalSerialize - END
[2135] idPlayerProfile::Serialize - END
[2135] idPlayerProfile::SerializeCommon - START
[2135] idPlayerProfileShell::InternalSerializeCommon - START
[2135] idPlayerProfileShell::InternalSerializeCommon - END
[2135] idPlayerProfile::SerializeCommon - END
[2135] --------------SAVEGAME-----------
[2135] Game saved.
[2135] ----------END SAVEGAME-----------
[2190] [MDNT] Stopped prefetch of cutscene: pe/college/ch01se02_cabinet01_pe
[2190] WARNING: Component 'idLogicSaveComponent' required heap allocation on entity 'script_logic_manager_map_info_1356321751' 1117, used 37450/32768 byte(s). while loading RunJobPrepared:SAVEGAME_JOB_NAME( idLogicSaveComponent )
[2205] WARNING: Component 'idLogicSaveComponent' required heap allocation on entity 'script_logic_manager_map_info_1356321751' 1117, used 37450/32768 byte(s). while loading RunJobPrepared:SAVEGAME_JOB_NAME( idLogicSaveComponent )
[2205] idPlayerProfile::Serialize - START
[2205] idPlayerProfileShell::InternalSerialize - START
[2205] idPlayerProfileShell::InternalSerialize - END
[2205] idPlayerProfile::Serialize - END
[2206] idPlayerProfile::SerializeCommon - START
[2206] idPlayerProfileShell::InternalSerializeCommon - START
[2206] idPlayerProfileShell::InternalSerializeCommon - END
[2206] idPlayerProfile::SerializeCommon - END
[2206] --------------SAVEGAME-----------
[2206] Game saved.
[2206] ----------END SAVEGAME-----------
[2206] WARNING: Component 'idLogicSaveComponent' required heap allocation on entity 'script_logic_manager_map_info_1356321751' 1117, used 37450/32768 byte(s). while loading RunJobPrepared:SAVEGAME_JOB_NAME( idLogicSaveComponent )
[2206] idPlayerProfile::Serialize - START
[2206] idPlayerProfileShell::InternalSerialize - START
[2206] idPlayerProfileShell::InternalSerialize - END
[2206] idPlayerProfile::Serialize - END
[2206] idPlayerProfile::SerializeCommon - START
[2206] idPlayerProfileShell::InternalSerializeCommon - START
[2206] idPlayerProfileShell::InternalSerializeCommon - END
[2206] idPlayerProfile::SerializeCommon - END
[2206] --------------SAVEGAME-----------
[2206] Game saved.
[2206] ----------END SAVEGAME-----------
[2225] Reconciling achievement collect_notes_all, updating counter on platform
[2225] Reconciling achievement collect_notes_some, updating counter on platform
[2226] WARNING: Component 'idLogicSaveComponent' required heap allocation on entity 'script_logic_manager_map_info_1356321751' 1117, used 37455/32768 byte(s). while loading RunJobPrepared:SAVEGAME_JOB_NAME( idLogicSaveComponent )
[2296] [MDNT] Stopped prefetch of cutscene: cs/college_day/ch01se02_packing01_cm
[2296] WARNING: Component 'idLogicSaveComponent' required heap allocation on entity 'script_logic_manager_map_info_1356321751' 1117, used 37455/32768 byte(s). while loading RunJobPrepared:SAVEGAME_JOB_NAME( idLogicSaveComponent )
[2296] WARNING: Component 'idLogicSaveComponent' required heap allocation on entity 'script_logic_manager_map_info_1356321751' 1117, used 37455/32768 byte(s). while loading RunJobPrepared:SAVEGAME_JOB_NAME( idLogicSaveComponent )
[2296] idPlayerProfile::Serialize - START
[2296] idPlayerProfileShell::InternalSerialize - START
[2296] idPlayerProfileShell::InternalSerialize - END
[2296] idPlayerProfile::Serialize - END
[2296] idPlayerProfile::SerializeCommon - START
[2296] idPlayerProfileShell::InternalSerializeCommon - START
[2296] idPlayerProfileShell::InternalSerializeCommon - END
[2296] idPlayerProfile::SerializeCommon - END
[2296] --------------SAVEGAME-----------
[2296] Game saved.
[2296] ----------END SAVEGAME-----------
[2311] WARNING: Component 'idLogicSaveComponent' required heap allocation on entity 'script_logic_manager_map_info_1356321751' 1117, used 37455/32768 byte(s). while loading RunJobPrepared:SAVEGAME_JOB_NAME( idLogicSaveComponent )
[2311] idPlayerProfile::Serialize - START
[2311] idPlayerProfileShell::InternalSerialize - START
[2311] idPlayerProfileShell::InternalSerialize - END
[2311] idPlayerProfile::Serialize - END
[2311] idPlayerProfile::SerializeCommon - START
[2311] idPlayerProfileShell::InternalSerializeCommon - START
[2311] idPlayerProfileShell::InternalSerializeCommon - END
[2311] idPlayerProfile::SerializeCommon - END
[2311] --------------SAVEGAME-----------
[2311] Game saved.
[2311] ----------END SAVEGAME-----------
[2336] Reconciling achievement collect_notes_all, updating counter on platform
[2336] Reconciling achievement collect_notes_some, updating counter on platform
[2336] WARNING: Component 'idLogicSaveComponent' required heap allocation on entity 'script_logic_manager_map_info_1356321751' 1117, used 37455/32768 byte(s). while loading RunJobPrepared:SAVEGAME_JOB_NAME( idLogicSaveComponent )
[2336] WARNING: SWF swf/common/base_screen_4k.swf: Material path is required but is unset on sprite __id10_ while executing logicscript:dynamic_widget(hud/elements/notification_center_manager_v2) from RunJobPrepared:LogicUI Object Update
[2349] Reconciling achievement collect_notes_all, updating counter on platform
[2349] Reconciling achievement collect_notes_some, updating counter on platform
[2349] WARNING: Component 'idLogicSaveComponent' required heap allocation on entity 'script_logic_manager_map_info_1356321751' 1117, used 37455/32768 byte(s). while loading RunJobPrepared:SAVEGAME_JOB_NAME( idLogicSaveComponent )
[2376] Reconciling achievement complete_ch1_marshall_college, unlocking on platform
[2376] Reconciling achievement complete_all_achievements, updating counter on platform
[2376] WARNING: Achievements: Invalid id -1 for steam while loading RunJobPrepared:idPlayerAchievementsUpdateJob
[2376] WARNING: Achievements: Invalid id -1 for xboxlive while loading RunJobPrepared:idPlayerAchievementsUpdateJob
[2376] Reconciling achievement complete_ch1_marshall_college, unlocking on platform
[2446] idFile_Bink::WaitForBufferToComplete stall [video/travels/01_travel_to_vatican.bk2]
[2447] LOAD VIDEO
[2451] [MDNT] Stopped prefetch of cutscene: cs/college_day/ch01se02_suitcase02_cm
[2451] WARNING: Component 'idLogicSaveComponent' required heap allocation on entity 'script_logic_manager_map_info_1356321751' 1117, used 37455/32768 byte(s). while loading RunJobPrepared:SAVEGAME_JOB_NAME( idLogicSaveComponent )
[2451] WARNING: Component 'idLogicSaveComponent' required heap allocation on entity 'script_logic_manager_map_info_1356321751' 1117, used 37455/32768 byte(s). while loading RunJobPrepared:SAVEGAME_JOB_NAME( idLogicSaveComponent )
[2451] idPlayerProfile::Serialize - START
[2451] idPlayerProfileShell::InternalSerialize - START
[2451] idPlayerProfileShell::InternalSerialize - END
[2451] idPlayerProfile::Serialize - END
[2451] idPlayerProfile::SerializeCommon - START
[2451] idPlayerProfileShell::InternalSerializeCommon - START
[2451] idPlayerProfileShell::InternalSerializeCommon - END
[2451] idPlayerProfile::SerializeCommon - END
[2451] --------------SAVEGAME-----------
[2451] Game saved.
[2451] ----------END SAVEGAME-----------
[2451] Save Game slot file for 'GAME_DATA' has engine save version 52 and game save version 792
[2451] Game Type:     singleplayer
[2451] Game Sub-Type: default
[2451] idGameSystemLocal::SetState: State changing from idGameSystemLocal::GAME_STATE_INGAME to idGameSystemLocal::GAME_STATE_LOADING
[2451] ExecuteMapChange: EndPlayingGame
[2451] Queueing EndPlayingGame
[2451] EndPlayingGame
[2451] NET: GameSessionLocalGameSession state: 3 (was 4)
[2451] StartPlayingGame
[2451] NET: GameSessionLocalGameSession state: 4 (was 3)
[2451] Modified CVars:
[2451] idGameSystemLocal::FreeMapInstance_Internal: Setting mapLocal = NULL
[2451] Checking to see if the chunk is installed now
[2451] LoadNamedResourceBlock: game/relic/vatican/vatican_intro/vatican_intro
[2451] Map change Async Job wait started
[2451] idMapInstanceLocal:Destructor 000001E8FD4F1010
[2451] --------- Game Map Shutdown ----------
[2451] Removing index[11] that was player[|CLI|Zerone_89] 
[2451] idLogicUISystemController_InventoryController::EquipSatchel: Entity not in view
[2451] num total mega pages: 26
[2451] num total small pages: 4297
[2451] peak active small pages: 3680
[2451] ------------ Game Shutdown -----------
[2451] --------------------------------------
[2452] ------------------------------
[2452] Havok Garbage Collection
[2452] Havok memory statistics: 0 0
[2452] Havok memory statistics: 0 0
[2452] Havok Memory Freed: 0
[2452] ------------------------------
[2452] Reset Heap Job (reset persist)
[2452] WaitForIdle took 1.94ms
[2452] Warning: The following swfs were not deleted:
[2452] loading/loading_info
[2452] GeomCacheStreamer shutdown took 0.00s
[2452] ImageStreaming flush maptextures took 0.00s
[2452] ImageStreaming flush maptextures took 0.00s
[2452] Reset 0 reference counters in heap 3. 1 available.
[2452] Reset 0 reference counters in heap 2. 1 available.
[2452] ---------- ResetHeap (Map) ----------
[2452] ---------- ResetHeap (Persist) ----------
[2452] Reset Heap Job Done
[2452] MountDatabase: mount of gameresources_20_patch2.streamdb took 0.009 s
[2452] MountDatabase: mount of gameresources_20_hq_patch2.streamdb took 0.008 s
[2452] MountDatabase: mount of gameresources_20_hq.streamdb took 0.007 s
[2452] MountDatabase: mount of gameresources_20.streamdb took 0.008 s
[2452] MountDatabase: mount of gameresources_20_patch1.streamdb took 0.007 s
[2452] MountDatabase: mount of gameresources_20_hq_patch1.streamdb took 0.006 s
[2452] 0.1 seconds to figure out container
[2452] Resources skipped by layer tests: 0
[2452] 0.0 seconds to gather resource list
[2452] 0.0 seconds to check what resources needs loading: 16386 resources,   518 skipped
[2452] Load 16904 resources
[2452] idResourceStorageDiskStreamer::Init took 0.006s to collect 16386 (518 skipped) resources
[2452] Pll chunks: 2/3
[2452] LoadNamedResourceBlock: Start waiting for geostreamer decay
[2452] LoadNamedResourceBlock: Done waiting for geostreamer decay
[2452] CreatePersistMapFile took 59.555 msec
[2452] LoadNamedResourceBlock(game/relic/vatican/vatican_intro/vatican_intro): 0.334 seconds to preload 16386 resources, pll: 3.849 s, serial: 0.001 s
[2452] Disk streamer stats:
[2452] Init took 0.006s to collect 16386 resources:
[2452] Foreground:  16386 reads,  88.544 MiB in 47.297ms, (1872.075 MiB/s) 0.000ms stalled, 301.037ms lockwait
[2452] Background:  1293 reads, 237.812 MiB
[2452] Prefetching world
[2452] Streaming prefetch at 77.160156 68.920685 22.513748 (entity gp_script_spawnpoint_map_start)
[2452] allocated 13 Brush Render Models
[2452] --------- Initializing Game ----------
[2452] mapName: game/relic/vatican/vatican_intro/vatican_intro
[2452] gameFlags: 68
[2452] initialMap: 0
[2452] gamedate: Aug 13 2025
[2452] Setting up Component entity system instance
[2452] 	mode (instance)  = 0
[2452] 	isInBuildGame    = false
[2452] 	isSingle         = true
[2452] 	isAI             = true
[2452] 	isDemo           = false
[2452] 	isMainMenu       = false
[2452] 	isSaveSupported  = true
[2452] 	isDormancyEnabled = true
[2452] game initialized.
[2452] idMapInstanceLocal:Constructor 000001E8FD4F1010
[2452] --------------------------------------
[2452] Save Game slot file for 'GAME_DATA' has engine save version 52 and game save version 792
[2452] Save Game slot file for 'GAME_DATA' has engine save version 52 and game save version 792
[2452] ----------- LoadMap(game/relic/vatican/vatican_intro/vatican_intro) ------------
[2452] Sound nav volume vatican_intro has 23847 cells and 142482 edges
[2452] Spawning world
[2452] create and spawn the worldspawn
[2452] idMapInstanceLocal::LoadMap: adding initial layers from worldspawn
[2452] BatchLoad(aiaction): loaded 12 resources in serial in 0.000s (0.333us/resource)
[2452] BatchLoad(aitype): loaded 2 resources in serial in 0.000s (1.000us/resource)
[2452] spawn map entities
[2452] Found 4024 map entities
[2452] BatchLoad(model): loaded 1782 resources in serial in 0.000s (0.269us/resource)
[2452] BatchLoad(modelstream): loaded 281 resources in serial in 0.000s (0.285us/resource)
[2452] BatchLoad(vegetationdeformation): loaded 15 resources in serial in 0.000s (0.400us/resource)
[2452] MapFileStaticInstances info:
[2452] 	Num model instances = 20935
[2452] 	Num decals = 10552
[2452] 	Num scatter points = 0
[2452] 	Num sectors = 17
[2452] 	Num objects in sectors = 31487
[2452] 	Num uncovered objects in sectors = 10009
[2452] WARNING: decl couldn't read production file while loading modelasset:maps/game/relic/vatican/vatican_intro/vatican_intro/vistas/sector_vista/vista_model.decl from spawnComponentEntity:sector_vista from SpawnEntityJob:sector_vista
[2452] Skipped 0 non-production entities
[2452] Skipped 0 savegame entities
[2452] Registered 0 map entities
[2452] Spawned Layers in the current map:
[2452] 	0: world
[2452] ---
[2452] Spawned Layers on next map load:[2452] ---
[2452] Initializing 0 entities
[2452] Spawning 0 entities
[2452] BatchLoad(havokshape): loaded 1457 resources in serial in 0.001s (0.350us/resource)
[2452] setup 808 static collision bodies (1 convex, 807 collision, 0 procedural)
[2452] WARNING: No axis yielded any result. while loading RunJobPrepared:idBuildSectorWorldAreasJob
[2452] Create Referenced EntityDefs List
[2452] WARNING: Dangling reference in map: Entity "script_wat_mahathat_gameplay_water_moving" first referenced by "<unknown>"
[2452] WARNING: Dangling reference in map: Entity "script_wat_mahathat_gameplay_water_moving1" first referenced by "<unknown>"
[2452] WARNING: Dangling reference in map: Entity "script_wat_mahathat_dynamic_water_20" first referenced by "<unknown>"
[2452] WARNING: Dangling reference in map: Entity "gp_brazier_effect_261045770" first referenced by "<unknown>"
[2452] WARNING: Dangling reference in map: Entity "gp_brazier_burnsource_261045770" first referenced by "<unknown>"
[2452] WARNING: Dangling reference in map: Entity "gp_mover_left_1239984478" first referenced by "<unknown>"
[2452] ==== Processing events ====
[2452] ==== Processing events ====
[2452] Disabling all sectors and showing all models
[2452] Adding player: |CLI|Zerone_89
[2452] WARNING: idBindRebindUpdatesJob::Run entity 'gp_grip_items_attachments_ammo_ammo_pickup_revolver_x2_2' bound parent entity 'gp_mover_left_1239984478' 000000000000086a which does not exist while loading RunJobPrepared:idBindRebindUpdatesJob
[2452] WARNING: idHybridPoseConstraintRigSetupInstance::RefreshInitForAnimator - Joint 'center_point_collar_hybrid' invalid, while running 'models/characters/indiana_jones/professor/indiana_jones_professor_hybrid.json' rigsetup on 'md6def/characters/standard/indiana_jones/indiana_wear_body.md6' while loading RunJobPrepared:idAnimationBlendJob
[2452] ---------- idRenderWorldLocal::SpecificationComplete ----------
[2452] --------------------------------------
[2452] Unknown command 'sys_dumpMemory'
[2452] Map loaded in 0.27 seconds.
[2452] 2025-09-19T23:57:21.168+08:00 LOG: Starting a match!
[2452] AllocMapInstance took 0.2900 seconds.
[2452] AllocMapInstance(game/relic/vatican/vatican_intro/vatican_intro) took 0.319 s
[2452]  0.7 total seconds for map load
[2453] Spent 866.859ms waiting on streaming prefetch (completed).
[2453] 1.7 seconds to load game/relic/vatican/vatican_intro/vatican_intro
[2453] idGameSystemLocal::SetState: State changing from idGameSystemLocal::GAME_STATE_LOADING to idGameSystemLocal::GAME_STATE_INGAME
[2453] idLoadScreen::LevelLoadCompleted()
[2453] ------------ Map change completed! ------------
  Map Name: game/relic/vatican/vatican_intro/vatican_intro

[2453] Prefetch complete.
  Total bytes read: 0.00MB
  Total seeks: 0
  Image
     Total bytes read: 0.00MB
     Total seeks: 0
       <=1KB    : 0
       <=16KB   : 0
       <=128KB  : 0
       <=256KB  : 0
       <=512KB  : 0
       rest     : 0
  Geometry
     Total bytes read: 0.00MB
     Total seeks: 0
       <=1KB    : 0
       <=16KB   : 0
       <=128KB  : 0
       <=256KB  : 0
       <=512KB  : 0
       rest     : 0
  Audio
     Total bytes read: 0.00MB
     Total seeks: 0
  Geom cache
     Total bytes read: 0.00MB
     Total seeks: 0
  Light probe
     Total bytes read: 0.00MB
     Total seeks: 0
  Video
     Total bytes read: 0.00MB
     Total seeks: 0
[2453] WARNING: SWF swf/common/base_screen_4k.swf: Material path is required but is unset on sprite m while executing logicscript:dynamic_widget(hud/systemic/element/swf_default_interaction) from RunJobPrepared:LogicUI Object Job
[2456] WARNING: Component 'idLogicSaveComponent' required heap allocation on entity 'gp_logic_manager_map_info_423593907' 3367, used 37618/32768 byte(s). while loading RunJobPrepared:SAVEGAME_JOB_NAME( idLogicSaveComponent )
[2456] idPlayerProfile::Serialize - START
[2456] idPlayerProfileShell::InternalSerialize - START
[2456] idPlayerProfileShell::InternalSerialize - END
[2456] idPlayerProfile::Serialize - END
[2456] idPlayerProfile::SerializeCommon - START
[2456] idPlayerProfileShell::InternalSerializeCommon - START
[2456] idPlayerProfileShell::InternalSerializeCommon - END
[2456] idPlayerProfile::SerializeCommon - END
[2457] --------------SAVEGAME-----------
[2457] Game saved.
[2457] ----------END SAVEGAME-----------
[2483] idVulkanMemoryAllocator::FreeEmptyBlocks: Freed    8.000 MiB
[2490] WARNING: Allocating unmoveable vertex buffer for 'models/modules/art/vatican/exterior/castel/round_wall_mortar_01a.lwo' (11445456 bytes, limit 8388624 bytes)
[2495] [MDNT] Stopped prefetch of cutscene: cs/vatican/ch02se01_montage01_cm
[2495] idPlayerProfile::Serialize - START
[2495] idPlayerProfileShell::InternalSerialize - START
[2495] idPlayerProfileShell::InternalSerialize - END
[2495] idPlayerProfile::Serialize - END
[2495] WARNING: Component 'idLogicSaveComponent' required heap allocation on entity 'gp_logic_manager_map_info_423593907' 3367, used 37618/32768 byte(s). while loading RunJobPrepared:SAVEGAME_JOB_NAME( idLogicSaveComponent )
[2495] WARNING: Save platform store delayed because profile is busy at time 2495128631
[2495] WARNING: Save platform store delayed because profile is busy at time 2495136652
[2495] idPlayerProfile::SerializeCommon - START
[2495] idPlayerProfileShell::InternalSerializeCommon - START
[2495] idPlayerProfileShell::InternalSerializeCommon - END
[2495] idPlayerProfile::SerializeCommon - END
[2495] WARNING: Save platform store delayed because profile is busy at time 2495142218
[2495] WARNING: Save platform store delayed because profile is busy at time 2495147121
[2495] WARNING: Save platform store delayed because profile is busy at time 2495160449
[2495] idPlayerProfile::Serialize - START
[2495] idPlayerProfileShell::InternalSerialize - START
[2495] idPlayerProfileShell::InternalSerialize - END
[2495] idPlayerProfile::Serialize - END
[2495] idPlayerProfile::SerializeCommon - START
[2495] idPlayerProfileShell::InternalSerializeCommon - START
[2495] idPlayerProfileShell::InternalSerializeCommon - END
[2495] idPlayerProfile::SerializeCommon - END
[2495] --------------SAVEGAME-----------
[2495] Game saved.
[2495] ----------END SAVEGAME-----------
[2495] WARNING: Component 'idLogicSaveComponent' required heap allocation on entity 'gp_logic_manager_map_info_423593907' 3367, used 37618/32768 byte(s). while loading RunJobPrepared:SAVEGAME_JOB_NAME( idLogicSaveComponent )
[2512] SWF defragging swf/common/base_screen_4k.swf
[2513] SWF defragging swf/common/base_screen_4k.swf
[2530] NET: LeaveSharedContext: Leave game
[2530] LeaveSharedContext
[2530] NET: GameSessionLocalGameSession state: 5 (was 4)
[2530] NET: GameSessionLocalGameSession state: 0 (was 5)
[2530] New settings: framingType=0 renderUpscaler=1
[2530] Flushing device: game, resizeSwapChain: true, resizeViewDest: true, resizeImageNeedsFlush: false, deviceFlushRequired: true
[2530] Render size: 1280x540, Upsample Size: 3840x2160, Display Size: 3840x2160
[2530] idVulkanMemoryAllocator::FreeEmptyBlocks: Freed   32.000 MiB
[2530] WARNING: Resource deleted with staticResource set: _finalcolorhudless
[2530] Display supports compatible HDR mode. Enabling...
[2530] New enforced resolution scale framing sizes. 0x0 0x0 0x0. Version 8
[2530] New settings: framingType=2 dlssQuality=5 renderUpscaler=2
[2530] Display supports compatible HDR mode. Enabling...
[2530] New enforced resolution scale framing sizes. 1280x720 1280x720 1280x540. Version 9
[2531] Save Game slot file for 'GAME_DATA' has engine save version 52 and game save version 792
[2531] Save Game slot file for 'LEVEL_DATA' has engine save version 52 and game save version 792
[2531] Game Type:     singleplayer
[2531] Game Sub-Type: default
[2531] idGameSystemLocal::SetState: State changing from idGameSystemLocal::GAME_STATE_INGAME to idGameSystemLocal::GAME_STATE_LOADING
[2531] HostSharedContext
[2531] NET: GameSessionLocalGameSession state: 3 (was 0)
[2531] WARNING: idOnlineUserLobbyComponent::DirtyLobbyUserLocalOnlineProfile() No valid online profile for the local player.
[2531] WARNING: Session: Local user is not signed into Playfab, session ticket will be empty
[2531] NET: "|CLI|Zerone_89" joined lobby [partyToken = 2db4a681] [userIndex = 0] [peerIndex = -1] [team = 1].
[2531] ------------------------------------------
[2531] party 2db4a681 team 1 user "|CLI|Zerone_89"
[2531] ------------------------------------------
[2531] StartPlayingGame
[2531] NET: GameSessionLocalGameSession state: 4 (was 3)
[2531] Modified CVars:
[2531] idGameSystemLocal::FreeMapInstance_Internal: Setting mapLocal = NULL
[2531] Checking to see if the chunk is installed now
[2531] Map change Async Job wait started
[2531] idMapInstanceLocal:Destructor 000001E8FD4F1010
[2531] --------- Game Map Shutdown ----------
[2531] Removing index[11] that was player[|CLI|Zerone_89] 
[2531] idLogicUISystemController_InventoryController::EquipSatchel: Entity not in view
[2531] num total mega pages: 26
[2531] num total small pages: 6768
[2531] peak active small pages: 5217
[2531] ------------ Game Shutdown -----------
[2531] --------------------------------------
[2531] ------------------------------
[2531] Havok Garbage Collection
[2531] Havok memory statistics: 0 0
[2531] Havok memory statistics: 0 0
[2531] Havok Memory Freed: 0
[2531] ------------------------------
[2531] idVulkanMemoryAllocator::FreeEmptyBlocks: Freed   64.000 MiB
[2531] Reset Heap Job 
[2531] WaitForIdle took 9.28ms
[2531] Warning: The following swfs were not deleted:
[2531] loading/loading_info
[2531] GeomCacheStreamer shutdown took 0.00s
[2531] ImageStreaming flush maptextures took 0.00s
[2531] Reset 0 reference counters in heap 3. 1 available.
[2531] ---------- ResetHeap (Map) ----------
[2531] Reset Heap Job Done
[2531] CreatePersistMapFile took 0.000 msec
[2531] Prefetching world
[2531] Streaming prefetch at 85.039337 75.862671 14.698148 (entity gp_script_spawnpoint_map_start)
[2531] allocated 13 Brush Render Models
[2531] --------- Initializing Game ----------
[2531] mapName: game/relic/vatican/vatican_intro/vatican_intro
[2531] gameFlags: 68
[2531] initialMap: 0
[2531] gamedate: Aug 13 2025
[2531] Setting up Component entity system instance
[2531] 	mode (instance)  = 0
[2531] 	isInBuildGame    = false
[2531] 	isSingle         = true
[2531] 	isAI             = true
[2531] 	isDemo           = false
[2531] 	isMainMenu       = false
[2531] 	isSaveSupported  = true
[2531] 	isDormancyEnabled = true
[2531] game initialized.
[2531] idMapInstanceLocal:Constructor 000001E8FD4F1010
[2531] --------------------------------------
[2531] Save Game slot file for 'GAME_DATA' has engine save version 52 and game save version 792
[2531] Save Game slot file for 'LEVEL_DATA' has engine save version 52 and game save version 792
[2531] Save Game slot file for 'GAME_DATA' has engine save version 52 and game save version 792
[2531] Save Game slot file for 'LEVEL_DATA' has engine save version 52 and game save version 792
[2531] ----------- LoadMap(game/relic/vatican/vatican_intro/vatican_intro) ------------
[2531] Sound nav volume vatican_intro has 23847 cells and 142482 edges
[2531] Spawning world
[2531] create and spawn the worldspawn
[2531] idMapInstanceLocal::LoadMap: adding initial layers from worldspawn
[2531] BatchLoad(aiaction): loaded 12 resources in serial in 0.000s (0.333us/resource)
[2531] BatchLoad(aitype): loaded 2 resources in serial in 0.000s (0.500us/resource)
[2531] spawn map entities
[2531] Found 4024 map entities
[2531] BatchLoad(model): loaded 1782 resources in serial in 0.000s (0.202us/resource)
[2531] BatchLoad(modelstream): loaded 281 resources in serial in 0.000s (0.246us/resource)
[2531] BatchLoad(vegetationdeformation): loaded 15 resources in serial in 0.000s (0.333us/resource)
[2531] MapFileStaticInstances info:
[2531] 	Num model instances = 20935
[2531] 	Num decals = 10552
[2531] 	Num scatter points = 0
[2531] 	Num sectors = 17
[2531] 	Num objects in sectors = 31487
[2531] 	Num uncovered objects in sectors = 10009
[2531] Skipped 0 non-production entities
[2531] Skipped 6376 savegame entities
[2531] Registered 0 map entities
[2531] Spawned Layers in the current map:
[2531] 	0: world
[2531] ---
[2531] Spawned Layers on next map load:[2531] ---
[2531] Initializing 0 entities
[2531] Spawning 0 entities
[2531] BatchLoad(havokshape): loaded 1457 resources in serial in 0.001s (0.393us/resource)
[2531] setup 808 static collision bodies (1 convex, 807 collision, 0 procedural)
[2531] WARNING: No axis yielded any result. while loading RunJobPrepared:idBuildSectorWorldAreasJob
[2531] Create Referenced EntityDefs List
[2531] WARNING: Dangling reference in map: Entity "script_wat_mahathat_gameplay_water_moving" first referenced by "<unknown>"
[2531] WARNING: Dangling reference in map: Entity "script_wat_mahathat_gameplay_water_moving1" first referenced by "<unknown>"
[2531] WARNING: Dangling reference in map: Entity "script_wat_mahathat_dynamic_water_20" first referenced by "<unknown>"
[2531] ==== Processing events ====
[2531] ==== Processing events ====
[2531] Disabling all sectors and showing all models
[2531] Adding player: |CLI|Zerone_89
[2531] ---------- idRenderWorldLocal::SpecificationComplete ----------
[2531] --------------------------------------
[2531] Unknown command 'sys_dumpMemory'
[2531] Map loaded in 0.27 seconds.
[2531] 2025-09-19T23:58:39.903+08:00 LOG: Starting a match!
[2531] AllocMapInstance took 0.2860 seconds.
[2531] AllocMapInstance(game/relic/vatican/vatican_intro/vatican_intro) took 0.316 s
[2531]  0.3 total seconds for map load
[2531] Spent 100.513ms waiting on streaming prefetch (completed).
[2531] 0.5 seconds to load game/relic/vatican/vatican_intro/vatican_intro
[2531] idGameSystemLocal::SetState: State changing from idGameSystemLocal::GAME_STATE_LOADING to idGameSystemLocal::GAME_STATE_INGAME
[2531] idLoadScreen::LevelLoadCompleted()
[2531] ------------ Map change completed! ------------
  Map Name: game/relic/vatican/vatican_intro/vatican_intro

[2531] idLogicNodeRelicProgression::Activate - No chapter data exists for the current chapter yet, aborting
[2531] Prefetch complete.
  Total bytes read: 0.00MB
  Total seeks: 0
  Image
     Total bytes read: 0.00MB
     Total seeks: 0
       <=1KB    : 0
       <=16KB   : 0
       <=128KB  : 0
       <=256KB  : 0
       <=512KB  : 0
       rest     : 0
  Geometry
     Total bytes read: 0.00MB
     Total seeks: 0
       <=1KB    : 0
       <=16KB   : 0
       <=128KB  : 0
       <=256KB  : 0
       <=512KB  : 0
       rest     : 0
  Audio
     Total bytes read: 0.00MB
     Total seeks: 0
  Geom cache
     Total bytes read: 0.00MB
     Total seeks: 0
  Light probe
     Total bytes read: 0.00MB
     Total seeks: 0
  Video
     Total bytes read: 0.00MB
     Total seeks: 0
[2533] idGameSystemLocal::MoveToPressStart
[2533] idSignInManager::DemoteMasterLocalUser - User 'Zerone_89' demoted - 2090580606
[2533] OnlineManager: Go offline, reason 5
[2533] NET: LeaveSharedContext: Master local user demoted
[2533] LeaveSharedContext
[2533] NET: GameSessionLocalGameSession state: 5 (was 4)
[2533] idGameSystemLocal::MoveToPressStart
[2533] NET: LeaveSharedContext: Move to press start
[2533] LeaveSharedContext
[2533] NET: LeaveSharedContext: Move to press start
[2533] LeaveSharedContext
[2533] idGameSystemLocal::FreeMapInstance_Internal: Setting mapLocal = NULL
[2533] idMapInstanceLocal:Destructor 000001E8FD4F1010
[2533] --------- Game Map Shutdown ----------
[2533] Removing index[11] that was player[|CLI|Zerone_89] 
[2533] num total mega pages: 30
[2533] num total small pages: 5679
[2533] peak active small pages: 5212
[2533] ------------ Game Shutdown -----------
[2533] --------------------------------------
[2534] ------------------------------
[2534] Havok Garbage Collection
[2534] Havok memory statistics: 0 0
[2534] Havok memory statistics: 0 0
[2534] Havok Memory Freed: 0
[2534] ------------------------------
[2534] idVulkanMemoryAllocator::FreeEmptyBlocks: Freed   16.875 MiB
[2534] NET: GameSessionLocalGameSession state: 0 (was 5)
[2534] WARNING: idBroadcastManager::Destroy: Destroyed broadcast system 'GAME_SESSION_000001E813593CA0' [18] with events still in the queue - pumping it.
[2534] idCommonLocal::Shutdown: Synchronizing idlib async print thread
[2534] idLib::SynchronizeAsyncPrintThread: Async print disabled
[2534] Shutting down at 2534.016s
